logged_at,run_id,run_type,snapshot_timestamp,snapshot_path,sport,pick_type,market_type,home_team,away_team,match_date,start_time,pick,total_line,expected_total,total_stddev,model_prob,implied_prob,market_implied_prob,edge,expected_value,american_odds,decimal_odds,confidence_score,kelly_fraction,fractional_kelly,market_source,market_books,hold,publication_guard_status,publication_guard_reason,publication_guard_enforced,publication_guard_evaluated_picks,publication_guard_evaluated_totals_picks,calibration_sample_size,selection_min_expected_value,selection_edge_floor,selection_probability_floor,selection_confidence_floor,selection_confidence_dropoff,selection_max_picks,market_snapshot_json,model_probs_json,individual_models_json,decision_context_json,gate_context_json
2026-04-05T02:58:45Z,daily-20260401T130632506536Z,daily,2026-04-01T13:06:32Z,tracking/snapshots/2026-04-01/mlb/daily-20260401T130632506536Z.json,mlb,slop_lock,moneyline,Royals,Twins,2026-04-01,2026-04-01T23:40Z,away,,,,0.63,0.523,0.5348,0.107,0.178,-115,1.87,65.2,0.2046,0.0409,,,0.0226,,,,,,0,0.0,0.015,0.52,48,6,4,"{""execution_prices"":{""away"":1.87,""home"":2.05}}","{""away"":0.7013,""home"":0.2987}","{""bullpen_features"":{""away"":0.4857,""home"":0.5143},""elo"":{""away"":0.4864,""home"":0.5136},""handedness_features"":{""away"":0.45,""home"":0.55},""pitcher_features"":{""away"":0.9797,""home"":0.0203},""results_features"":{""away"":0.334,""home"":0.666},""run_environment"":{""away"":0.3474,""home"":0.6526}}","{""american_odds"":-115,""away_availability_profile"":null,""away_bullpen_tax"":0.142,""away_goalie"":null,""away_goalie_status"":null,""away_injury_profile"":null,""away_lineup_profile"":{""active_hitters"":13,""available_hitters"":13,""injured_hitters"":0,""key_bat_absence_score"":0.0,""leader_absence_burden"":0.0,""left_handed_batters"":5,""lefty_share"":0.3846,""right_handed_batters"":8,""righty_share"":0.6154,""switch_hitters"":0,""switch_share"":0.0},""away_pitcher"":""Joe Ryan"",""away_pitcher_hand"":""R"",""away_team"":""Twins"",""best_odds"":{""away"":-115,""home"":105},""completed"":false,""confidence_score"":65.2,""confidence_stars"":4,""date"":""2026-04-01"",""edge"":0.107,""edges"":{""away"":{""american_odds"":-115,""confidence_score"":65.2,""decimal_odds"":1.87,""edge"":0.107,""expected_value"":0.178,""fractional_kelly"":0.0409,""hold"":0.0226,""implied_prob"":0.523,""is_value"":true,""kelly_fraction"":0.2046,""market_implied_prob"":0.5348,""model_prob"":0.63,""raw_model_prob"":0.7013,""unrealistic_flag"":false},""home"":{""american_odds"":105,""confidence_score"":0.0,""decimal_odds"":2.05,""edge"":-0.107,""expected_value"":-0.2414,""fractional_kelly"":0.0,""hold"":0.0226,""implied_prob"":0.477,""is_value"":false,""kelly_fraction"":0.0,""market_implied_prob"":0.4878,""model_prob"":0.37,""raw_model_prob"":0.2987,""unrealistic_flag"":false}},""expected_value"":0.178,""fractional_kelly"":0.0409,""home_availability_profile"":null,""home_bullpen_tax"":0.0,""home_goalie"":null,""home_goalie_status"":null,""home_injury_profile"":null,""home_lineup_profile"":{""active_hitters"":13,""available_hitters"":13,""injured_hitters"":0,""key_bat_absence_score"":0.0,""leader_absence_burden"":0.0,""left_handed_batters"":4,""lefty_share"":0.3077,""right_handed_batters"":9,""righty_share"":0.6923,""switch_hitters"":0,""switch_share"":0.0},""home_pitcher"":""Noah Cameron"",""home_pitcher_hand"":""L"",""home_team"":""Royals"",""individual_models"":{""bullpen_features"":{""away"":0.4857,""home"":0.5143},""elo"":{""away"":0.4864,""home"":0.5136},""handedness_features"":{""away"":0.45,""home"":0.55},""pitcher_features"":{""away"":0.9797,""home"":0.0203},""results_features"":{""away"":0.334,""home"":0.666},""run_environment"":{""away"":0.3474,""home"":0.6526}},""kelly_fraction"":0.2046,""matchday"":null,""model_prob"":0.7013,""model_probs"":{""away"":0.7013,""home"":0.2987},""neutral"":false,""pick"":""away"",""run_id"":""daily-20260401T130632506536Z"",""run_type"":""daily"",""snapshot_path"":""tracking/snapshots/2026-04-01/mlb/daily-20260401T130632506536Z.json"",""snapshot_timestamp"":""2026-04-01T13:06:32Z"",""start_time"":""2026-04-01T23:40Z"",""weather"":{""precipitation_probability"":24,""temperature_f"":54.3,""weather_exposed"":true,""wind_mph"":11.7}}","{""pick_type"":""slop_lock"",""publication_guard"":{},""selection_config"":{""additional_confidence_floor"":48,""confidence_dropoff"":6,""edge_floor"":0.015,""max_picks"":4,""min_expected_value"":0.0,""probability_floor"":0.52}}"
2026-04-05T02:58:45Z,daily-20260401T130632506536Z,daily,2026-04-01T13:06:32Z,tracking/snapshots/2026-04-01/mlb/daily-20260401T130632506536Z.json,mlb,slop_lock,moneyline,Astros,Red Sox,2026-04-01,2026-04-01T18:10Z,away,,,,0.6428,0.5775,0.5917,0.0653,0.0864,-145,1.69,64.3,0.1251,0.025,,,0.0246,,,,,,0,0.0,0.015,0.52,48,6,4,"{""execution_prices"":{""away"":1.69,""home"":2.31}}","{""away"":0.6864,""home"":0.3136}","{""bullpen_features"":{""away"":0.4578,""home"":0.5422},""elo"":{""away"":0.4341,""home"":0.5659},""handedness_features"":{""away"":0.555,""home"":0.445},""pitcher_features"":{""away"":0.8203,""home"":0.1797},""results_features"":{""away"":0.4282,""home"":0.5718},""run_environment"":{""away"":0.4268,""home"":0.5732}}","{""american_odds"":-145,""away_availability_profile"":null,""away_bullpen_tax"":0.114,""away_goalie"":null,""away_goalie_status"":null,""away_injury_profile"":null,""away_lineup_profile"":{""active_hitters"":13,""available_hitters"":13,""injured_hitters"":0,""key_bat_absence_score"":0.0,""leader_absence_burden"":0.0,""left_handed_batters"":5,""lefty_share"":0.3846,""right_handed_batters"":8,""righty_share"":0.6154,""switch_hitters"":0,""switch_share"":0.0},""away_pitcher"":""Garrett Crochet"",""away_pitcher_hand"":""L"",""away_team"":""Red Sox"",""best_odds"":{""away"":-145,""home"":131},""completed"":false,""confidence_score"":64.3,""confidence_stars"":3,""date"":""2026-04-01"",""edge"":0.0653,""edges"":{""away"":{""american_odds"":-145,""confidence_score"":64.3,""decimal_odds"":1.69,""edge"":0.0653,""expected_value"":0.0864,""fractional_kelly"":0.025,""hold"":0.0246,""implied_prob"":0.5775,""is_value"":false,""kelly_fraction"":0.1251,""market_implied_prob"":0.5917,""model_prob"":0.6428,""raw_model_prob"":0.6864,""unrealistic_flag"":false},""home"":{""american_odds"":131,""confidence_score"":0.0,""decimal_odds"":2.31,""edge"":-0.0653,""expected_value"":-0.1749,""fractional_kelly"":0.0,""hold"":0.0246,""implied_prob"":0.4225,""is_value"":false,""kelly_fraction"":0.0,""market_implied_prob"":0.4329,""model_prob"":0.3572,""raw_model_prob"":0.3136,""unrealistic_flag"":false}},""expected_value"":0.0864,""fractional_kelly"":0.025,""home_availability_profile"":null,""home_bullpen_tax"":0.18,""home_goalie"":null,""home_goalie_status"":null,""home_injury_profile"":null,""home_lineup_profile"":{""active_hitters"":13,""available_hitters"":13,""injured_hitters"":0,""key_bat_absence_score"":0.0,""leader_absence_burden"":0.0,""left_handed_batters"":2,""lefty_share"":0.1538,""right_handed_batters"":11,""righty_share"":0.8462,""switch_hitters"":0,""switch_share"":0.0},""home_pitcher"":""Mike Burrows"",""home_pitcher_hand"":""R"",""home_team"":""Astros"",""individual_models"":{""bullpen_features"":{""away"":0.4578,""home"":0.5422},""elo"":{""away"":0.4341,""home"":0.5659},""handedness_features"":{""away"":0.555,""home"":0.445},""pitcher_features"":{""away"":0.8203,""home"":0.1797},""results_features"":{""away"":0.4282,""home"":0.5718},""run_environment"":{""away"":0.4268,""home"":0.5732}},""kelly_fraction"":0.1251,""matchday"":null,""model_prob"":0.6864,""model_probs"":{""away"":0.6864,""home"":0.3136},""neutral"":false,""pick"":""away"",""run_id"":""daily-20260401T130632506536Z"",""run_type"":""daily"",""snapshot_path"":""tracking/snapshots/2026-04-01/mlb/daily-20260401T130632506536Z.json"",""snapshot_timestamp"":""2026-04-01T13:06:32Z"",""start_time"":""2026-04-01T18:10Z"",""weather"":{""precipitation_probability"":null,""temperature_f"":null,""weather_exposed"":false,""wind_mph"":null}}","{""pick_type"":""slop_lock"",""publication_guard"":{},""selection_config"":{""additional_confidence_floor"":48,""confidence_dropoff"":6,""edge_floor"":0.015,""max_picks"":4,""min_expected_value"":0.0,""probability_floor"":0.52}}"
2026-04-05T02:58:45Z,daily-20260401T130632506536Z,daily,2026-04-01T13:06:32Z,tracking/snapshots/2026-04-01/mlb/daily-20260401T130632506536Z.json,mlb,slop_lock,moneyline,Diamondbacks,Tigers,2026-04-01,2026-04-01T19:40Z,away,,,,0.6516,0.5926,0.6061,0.059,0.0751,-154,1.65,62.9,0.1155,0.0231,,,0.0227,,,,,,0,0.0,0.015,0.52,48,6,4,"{""execution_prices"":{""away"":1.65,""home"":2.4}}","{""away"":0.6909,""home"":0.3091}","{""bullpen_features"":{""away"":0.5253,""home"":0.4747},""elo"":{""away"":0.4797,""home"":0.5203},""handedness_features"":{""away"":0.3896,""home"":0.6104},""pitcher_features"":{""away"":0.9787,""home"":0.0213},""results_features"":{""away"":0.3764,""home"":0.6236},""run_environment"":{""away"":0.3762,""home"":0.6238}}","{""american_odds"":-154,""away_availability_profile"":null,""away_bullpen_tax"":0.121,""away_goalie"":null,""away_goalie_status"":null,""away_injury_profile"":null,""away_lineup_profile"":{""active_hitters"":13,""available_hitters"":13,""injured_hitters"":0,""key_bat_absence_score"":0.0,""leader_absence_burden"":0.0,""left_handed_batters"":6,""lefty_share"":0.4615,""right_handed_batters"":7,""righty_share"":0.5385,""switch_hitters"":0,""switch_share"":0.0},""away_pitcher"":""Tarik Skubal"",""away_pitcher_hand"":""L"",""away_team"":""Tigers"",""best_odds"":{""away"":-154,""home"":140},""completed"":false,""confidence_score"":62.9,""confidence_stars"":3,""date"":""2026-04-01"",""edge"":0.059,""edges"":{""away"":{""american_odds"":-154,""confidence_score"":62.9,""decimal_odds"":1.65,""edge"":0.059,""expected_value"":0.0751,""fractional_kelly"":0.0231,""hold"":0.0227,""implied_prob"":0.5926,""is_value"":false,""kelly_fraction"":0.1155,""market_implied_prob"":0.6061,""model_prob"":0.6516,""raw_model_prob"":0.6909,""unrealistic_flag"":false},""home"":{""american_odds"":140,""confidence_score"":0.0,""decimal_odds"":2.4,""edge"":-0.059,""expected_value"":-0.1638,""fractional_kelly"":0.0,""hold"":0.0227,""implied_prob"":0.4074,""is_value"":false,""kelly_fraction"":0.0,""market_implied_prob"":0.4167,""model_prob"":0.3484,""raw_model_prob"":0.3091,""unrealistic_flag"":false}},""expected_value"":0.0751,""fractional_kelly"":0.0231,""home_availability_profile"":null,""home_bullpen_tax"":0.143,""home_goalie"":null,""home_goalie_status"":null,""home_injury_profile"":null,""home_lineup_profile"":{""active_hitters"":13,""available_hitters"":13,""injured_hitters"":0,""key_bat_absence_score"":0.0,""leader_absence_burden"":0.0,""left_handed_batters"":3,""lefty_share"":0.2308,""right_handed_batters"":10,""righty_share"":0.7692,""switch_hitters"":0,""switch_share"":0.0},""home_pitcher"":""Zac Gallen"",""home_pitcher_hand"":""R"",""home_team"":""Diamondbacks"",""individual_models"":{""bullpen_features"":{""away"":0.5253,""home"":0.4747},""elo"":{""away"":0.4797,""home"":0.5203},""handedness_features"":{""away"":0.3896,""home"":0.6104},""pitcher_features"":{""away"":0.9787,""home"":0.0213},""results_features"":{""away"":0.3764,""home"":0.6236},""run_environment"":{""away"":0.3762,""home"":0.6238}},""kelly_fraction"":0.1155,""matchday"":null,""model_prob"":0.6909,""model_probs"":{""away"":0.6909,""home"":0.3091},""neutral"":false,""pick"":""away"",""run_id"":""daily-20260401T130632506536Z"",""run_type"":""daily"",""snapshot_path"":""tracking/snapshots/2026-04-01/mlb/daily-20260401T130632506536Z.json"",""snapshot_timestamp"":""2026-04-01T13:06:32Z"",""start_time"":""2026-04-01T19:40Z"",""weather"":{}}","{""pick_type"":""slop_lock"",""publication_guard"":{},""selection_config"":{""additional_confidence_floor"":48,""confidence_dropoff"":6,""edge_floor"":0.015,""max_picks"":4,""min_expected_value"":0.0,""probability_floor"":0.52}}"
2026-04-05T02:58:45Z,daily-20260401T130632506536Z,daily,2026-04-01T13:06:32Z,tracking/snapshots/2026-04-01/mlb/daily-20260401T130632506536Z.json,mlb,slop_lock,moneyline,Orioles,Rangers,2026-04-01,2026-04-01T16:35Z,home,,,,0.6097,0.5191,0.5291,0.0907,0.1524,-112,1.89,62.4,0.1712,0.0342,,,0.0193,,,,,,0,0.0,0.015,0.52,48,6,4,"{""execution_prices"":{""away"":2.04,""home"":1.89}}","{""away"":0.3298,""home"":0.6702}","{""bullpen_features"":{""away"":0.3046,""home"":0.6954},""elo"":{""away"":0.4875,""home"":0.5125},""handedness_features"":{""away"":0.3085,""home"":0.6915},""pitcher_features"":{""away"":0.0524,""home"":0.9476},""results_features"":{""away"":0.4183,""home"":0.5817},""run_environment"":{""away"":0.3774,""home"":0.6226}}","{""american_odds"":-112,""away_availability_profile"":null,""away_bullpen_tax"":0.477,""away_goalie"":null,""away_goalie_status"":null,""away_injury_profile"":null,""away_lineup_profile"":{""active_hitters"":13,""available_hitters"":13,""injured_hitters"":0,""key_bat_absence_score"":0.0,""leader_absence_burden"":0.0,""left_handed_batters"":5,""lefty_share"":0.3846,""right_handed_batters"":8,""righty_share"":0.6154,""switch_hitters"":0,""switch_share"":0.0},""away_pitcher"":""Nathan Eovaldi"",""away_pitcher_hand"":""R"",""away_team"":""Rangers"",""best_odds"":{""away"":104,""home"":-112},""completed"":false,""confidence_score"":62.4,""confidence_stars"":3,""date"":""2026-04-01"",""edge"":0.0907,""edges"":{""away"":{""american_odds"":104,""confidence_score"":0.0,""decimal_odds"":2.04,""edge"":-0.0907,""expected_value"":-0.2039,""fractional_kelly"":0.0,""hold"":0.0193,""implied_prob"":0.4809,""is_value"":false,""kelly_fraction"":0.0,""market_implied_prob"":0.4902,""model_prob"":0.3903,""raw_model_prob"":0.3298,""unrealistic_flag"":false},""home"":{""american_odds"":-112,""confidence_score"":62.4,""decimal_odds"":1.89,""edge"":0.0907,""expected_value"":0.1524,""fractional_kelly"":0.0342,""hold"":0.0193,""implied_prob"":0.5191,""is_value"":false,""kelly_fraction"":0.1712,""market_implied_prob"":0.5291,""model_prob"":0.6097,""raw_model_prob"":0.6702,""unrealistic_flag"":false}},""expected_value"":0.1524,""fractional_kelly"":0.0342,""home_availability_profile"":null,""home_bullpen_tax"":0.964,""home_goalie"":null,""home_goalie_status"":null,""home_injury_profile"":null,""home_lineup_profile"":{""active_hitters"":13,""available_hitters"":13,""injured_hitters"":0,""key_bat_absence_score"":0.0,""leader_absence_burden"":0.0,""left_handed_batters"":4,""lefty_share"":0.3077,""right_handed_batters"":9,""righty_share"":0.6923,""switch_hitters"":0,""switch_share"":0.0},""home_pitcher"":""Trevor Rogers"",""home_pitcher_hand"":""L"",""home_team"":""Orioles"",""individual_models"":{""bullpen_features"":{""away"":0.3046,""home"":0.6954},""elo"":{""away"":0.4875,""home"":0.5125},""handedness_features"":{""away"":0.3085,""home"":0.6915},""pitcher_features"":{""away"":0.0524,""home"":0.9476},""results_features"":{""away"":0.4183,""home"":0.5817},""run_environment"":{""away"":0.3774,""home"":0.6226}},""kelly_fraction"":0.1712,""matchday"":null,""model_prob"":0.6702,""model_probs"":{""away"":0.3298,""home"":0.6702},""neutral"":false,""pick"":""home"",""run_id"":""daily-20260401T130632506536Z"",""run_type"":""daily"",""snapshot_path"":""tracking/snapshots/2026-04-01/mlb/daily-20260401T130632506536Z.json"",""snapshot_timestamp"":""2026-04-01T13:06:32Z"",""start_time"":""2026-04-01T16:35Z"",""weather"":{""precipitation_probability"":1,""temperature_f"":79.3,""weather_exposed"":true,""wind_mph"":9.2}}","{""pick_type"":""slop_lock"",""publication_guard"":{},""selection_config"":{""additional_confidence_floor"":48,""confidence_dropoff"":6,""edge_floor"":0.015,""max_picks"":4,""min_expected_value"":0.0,""probability_floor"":0.52}}"
2026-04-05T02:58:45Z,daily-20260401T130632506536Z,daily,2026-04-01T13:06:32Z,tracking/snapshots/2026-04-01/mlb/daily-20260401T130632506536Z.json,mlb,total_lock,total,Padres,Giants,2026-04-01,2026-04-01T20:10Z,under,8.0,5.503,4.74,0.6251,0.5115,0.5236,0.1136,0.1939,-110,1.91,83.3,0.2131,0.0426,,,0.0236,,,,,,0,0.0,0.02,0.53,54,,3,"{""execution_prices"":{""over"":2.0,""under"":1.91},""line"":8.0}","{""over"":0.2992,""under"":0.7008}","{""totals_model"":{""over"":0.2992,""under"":0.7008}}","{""american_odds"":-110,""away_bullpen_tax"":0.0,""away_lineup_profile"":{""active_hitters"":13,""available_hitters"":13,""injured_hitters"":0,""key_bat_absence_score"":0.0,""leader_absence_burden"":0.0,""left_handed_batters"":3,""lefty_share"":0.2308,""right_handed_batters"":10,""righty_share"":0.7692,""switch_hitters"":0,""switch_share"":0.0},""away_pitcher"":""Adrian Houser"",""away_team"":""Giants"",""completed"":false,""confidence_score"":83.3,""date"":""2026-04-01"",""edges"":{""over"":{""american_odds"":100,""confidence_score"":14.1,""decimal_odds"":2.0,""edge"":-0.1136,""expected_value"":-0.2502,""fractional_kelly"":0.0,""hold"":0.0236,""implied_prob"":0.4885,""is_value"":false,""kelly_fraction"":0.0,""market_implied_prob"":0.5,""model_prob"":0.3749,""raw_model_prob"":0.2992,""unrealistic_flag"":false},""under"":{""american_odds"":-110,""confidence_score"":83.3,""decimal_odds"":1.91,""edge"":0.1136,""expected_value"":0.1939,""fractional_kelly"":0.0426,""hold"":0.0236,""implied_prob"":0.5115,""is_value"":true,""kelly_fraction"":0.2131,""market_implied_prob"":0.5236,""model_prob"":0.6251,""raw_model_prob"":0.7008,""unrealistic_flag"":false}},""expected_total"":5.503,""home_bullpen_tax"":0.129,""home_lineup_profile"":{""active_hitters"":13,""available_hitters"":13,""injured_hitters"":0,""key_bat_absence_score"":0.0,""leader_absence_burden"":0.0,""left_handed_batters"":3,""lefty_share"":0.2308,""right_handed_batters"":10,""righty_share"":0.7692,""switch_hitters"":0,""switch_share"":0.0},""home_pitcher"":""Nick Pivetta"",""home_team"":""Padres"",""individual_models"":{""totals_model"":{""over"":0.2992,""under"":0.7008}},""market_type"":""total"",""model_prob"":0.7008,""model_probs"":{""over"":0.2992,""under"":0.7008},""pick"":""under"",""run_id"":""daily-20260401T130632506536Z"",""run_type"":""daily"",""snapshot_path"":""tracking/snapshots/2026-04-01/mlb/daily-20260401T130632506536Z.json"",""snapshot_timestamp"":""2026-04-01T13:06:32Z"",""start_time"":""2026-04-01T20:10Z"",""total_line"":8.0,""total_stddev"":4.74,""weather"":{""precipitation_probability"":0,""temperature_f"":70.3,""weather_exposed"":true,""wind_mph"":9.7}}","{""pick_type"":""total_lock"",""publication_guard"":{},""selection_config"":{""confidence_floor"":54,""edge_floor"":0.02,""max_picks"":3,""min_expected_value"":0.0,""probability_floor"":0.53}}"
2026-04-05T02:58:45Z,daily-20260401T130632506536Z,daily,2026-04-01T13:06:32Z,tracking/snapshots/2026-04-01/mlb/daily-20260401T130632506536Z.json,mlb,total_lock,total,Cubs,Angels,2026-04-01,2026-04-01T18:20Z,over,6.0,8.481,4.74,0.6234,0.509,0.5208,0.1144,0.1969,-109,1.92,83.0,0.214,0.0428,,,0.0233,,,,,,0,0.0,0.02,0.53,54,,3,"{""execution_prices"":{""over"":1.92,""under"":1.99},""line"":6.0}","{""over"":0.6997,""under"":0.3003}","{""totals_model"":{""over"":0.6997,""under"":0.3003}}","{""american_odds"":-109,""away_bullpen_tax"":0.487,""away_lineup_profile"":{""active_hitters"":13,""available_hitters"":13,""injured_hitters"":0,""key_bat_absence_score"":0.0,""leader_absence_burden"":0.0,""left_handed_batters"":3,""lefty_share"":0.2308,""right_handed_batters"":10,""righty_share"":0.7692,""switch_hitters"":0,""switch_share"":0.0},""away_pitcher"":""Yusei Kikuchi"",""away_team"":""Angels"",""completed"":false,""confidence_score"":83.0,""date"":""2026-04-01"",""edges"":{""over"":{""american_odds"":-109,""confidence_score"":83.0,""decimal_odds"":1.92,""edge"":0.1144,""expected_value"":0.1969,""fractional_kelly"":0.0428,""hold"":0.0233,""implied_prob"":0.509,""is_value"":true,""kelly_fraction"":0.214,""market_implied_prob"":0.5208,""model_prob"":0.6234,""raw_model_prob"":0.6997,""unrealistic_flag"":false},""under"":{""american_odds"":-101,""confidence_score"":14.1,""decimal_odds"":1.99,""edge"":-0.1144,""expected_value"":-0.2505,""fractional_kelly"":0.0,""hold"":0.0233,""implied_prob"":0.491,""is_value"":false,""kelly_fraction"":0.0,""market_implied_prob"":0.5025,""model_prob"":0.3766,""raw_model_prob"":0.3003,""unrealistic_flag"":false}},""expected_total"":8.481,""home_bullpen_tax"":0.58,""home_lineup_profile"":{""active_hitters"":13,""available_hitters"":13,""injured_hitters"":0,""key_bat_absence_score"":0.0,""leader_absence_burden"":0.0,""left_handed_batters"":4,""lefty_share"":0.3077,""right_handed_batters"":9,""righty_share"":0.6923,""switch_hitters"":0,""switch_share"":0.0},""home_pitcher"":""Matthew Boyd"",""home_team"":""Cubs"",""individual_models"":{""totals_model"":{""over"":0.6997,""under"":0.3003}},""market_type"":""total"",""model_prob"":0.6997,""model_probs"":{""over"":0.6997,""under"":0.3003},""pick"":""over"",""run_id"":""daily-20260401T130632506536Z"",""run_type"":""daily"",""snapshot_path"":""tracking/snapshots/2026-04-01/mlb/daily-20260401T130632506536Z.json"",""snapshot_timestamp"":""2026-04-01T13:06:32Z"",""start_time"":""2026-04-01T18:20Z"",""total_line"":6.0,""total_stddev"":4.74,""weather"":{""precipitation_probability"":8,""temperature_f"":38.7,""weather_exposed"":true,""wind_mph"":17.3}}","{""pick_type"":""total_lock"",""publication_guard"":{},""selection_config"":{""confidence_floor"":54,""edge_floor"":0.02,""max_picks"":3,""min_expected_value"":0.0,""probability_floor"":0.53}}"
2026-04-05T02:58:45Z,daily-20260401T130632506536Z,daily,2026-04-01T13:06:32Z,tracking/snapshots/2026-04-01/mlb/daily-20260401T130632506536Z.json,mlb,total_lock,total,Royals,Twins,2026-04-01,2026-04-01T23:40Z,under,8.5,6.264,4.74,0.615,0.5155,0.5319,0.0996,0.1563,-114,1.88,81.9,0.1776,0.0355,,,0.0319,,,,,,0,0.0,0.02,0.53,54,,3,"{""execution_prices"":{""over"":2.0,""under"":1.88},""line"":8.5}","{""over"":0.3186,""under"":0.6814}","{""totals_model"":{""over"":0.3186,""under"":0.6814}}","{""american_odds"":-114,""away_bullpen_tax"":0.142,""away_lineup_profile"":{""active_hitters"":13,""available_hitters"":13,""injured_hitters"":0,""key_bat_absence_score"":0.0,""leader_absence_burden"":0.0,""left_handed_batters"":5,""lefty_share"":0.3846,""right_handed_batters"":8,""righty_share"":0.6154,""switch_hitters"":0,""switch_share"":0.0},""away_pitcher"":""Joe Ryan"",""away_team"":""Twins"",""completed"":false,""confidence_score"":81.9,""date"":""2026-04-01"",""edges"":{""over"":{""american_odds"":100,""confidence_score"":14.1,""decimal_odds"":2.0,""edge"":-0.0996,""expected_value"":-0.2301,""fractional_kelly"":0.0,""hold"":0.0319,""implied_prob"":0.4845,""is_value"":false,""kelly_fraction"":0.0,""market_implied_prob"":0.5,""model_prob"":0.385,""raw_model_prob"":0.3186,""unrealistic_flag"":false},""under"":{""american_odds"":-114,""confidence_score"":81.9,""decimal_odds"":1.88,""edge"":0.0996,""expected_value"":0.1563,""fractional_kelly"":0.0355,""hold"":0.0319,""implied_prob"":0.5155,""is_value"":true,""kelly_fraction"":0.1776,""market_implied_prob"":0.5319,""model_prob"":0.615,""raw_model_prob"":0.6814,""unrealistic_flag"":false}},""expected_total"":6.264,""home_bullpen_tax"":0.0,""home_lineup_profile"":{""active_hitters"":13,""available_hitters"":13,""injured_hitters"":0,""key_bat_absence_score"":0.0,""leader_absence_burden"":0.0,""left_handed_batters"":4,""lefty_share"":0.3077,""right_handed_batters"":9,""righty_share"":0.6923,""switch_hitters"":0,""switch_share"":0.0},""home_pitcher"":""Noah Cameron"",""home_team"":""Royals"",""individual_models"":{""totals_model"":{""over"":0.3186,""under"":0.6814}},""market_type"":""total"",""model_prob"":0.6814,""model_probs"":{""over"":0.3186,""under"":0.6814},""pick"":""under"",""run_id"":""daily-20260401T130632506536Z"",""run_type"":""daily"",""snapshot_path"":""tracking/snapshots/2026-04-01/mlb/daily-20260401T130632506536Z.json"",""snapshot_timestamp"":""2026-04-01T13:06:32Z"",""start_time"":""2026-04-01T23:40Z"",""total_line"":8.5,""total_stddev"":4.74,""weather"":{""precipitation_probability"":24,""temperature_f"":54.3,""weather_exposed"":true,""wind_mph"":11.7}}","{""pick_type"":""total_lock"",""publication_guard"":{},""selection_config"":{""confidence_floor"":54,""edge_floor"":0.02,""max_picks"":3,""min_expected_value"":0.0,""probability_floor"":0.53}}"
2026-04-05T02:58:45Z,refresh-20260401T040413631597Z,refresh,2026-04-01T04:04:13Z,tracking/snapshots/2026-04-01/mlb/refresh-20260401T040413631597Z.json,mlb,slop_lock,moneyline,Mariners,Yankees,2026-03-31,2026-04-01T01:40Z,home,,,,0.5675,0.523,0.5348,0.0445,0.0612,-115,1.87,0.0,0.0704,0.0141,,,0.0226,,,,,,0,0.0,0.015,0.52,48,6,4,,"{""away"":0.4028,""home"":0.5972}","{""bullpen_features"":{""away"":0.411,""home"":0.589},""elo"":{""away"":0.4753,""home"":0.5247},""handedness_features"":{""away"":0.4014,""home"":0.5986},""pitcher_features"":{""away"":0.4194,""home"":0.5806},""results_features"":{""away"":0.4233,""home"":0.5767},""run_environment"":{""away"":0.4143,""home"":0.5857}}","{""american_odds"":-115,""away_availability_profile"":null,""away_bullpen_tax"":0.0,""away_goalie"":null,""away_goalie_status"":null,""away_injury_profile"":null,""away_lineup_profile"":{""active_hitters"":13,""available_hitters"":13,""confirmed_hitters"":9,""confirmed_leader_absence_burden"":0.6,""confirmed_lefty_share"":0.6667,""confirmed_lineup"":true,""confirmed_righty_share"":0.3333,""confirmed_switch_share"":0.0,""confirmed_top_order_score"":1.0,""injured_hitters"":0,""key_bat_absence_score"":0.0,""leader_absence_burden"":0.0,""left_handed_batters"":7,""lefty_share"":0.5385,""right_handed_batters"":6,""righty_share"":0.4615,""switch_hitters"":0,""switch_share"":0.0},""away_pitcher"":""Max Fried"",""away_pitcher_hand"":""L"",""away_team"":""Yankees"",""base_model_probs"":{""away"":0.4028,""home"":0.5972},""best_odds"":{""away"":105,""home"":-115},""completed"":false,""confidence_score"":73.5,""confidence_stars"":1,""date"":""2026-03-31"",""edge"":0.0445,""edges"":{""away"":{""american_odds"":105,""confidence_score"":0.0,""decimal_odds"":2.05,""edge"":-0.0445,""expected_value"":-0.1134,""fractional_kelly"":0.0,""hold"":0.0226,""implied_prob"":0.477,""is_value"":false,""kelly_fraction"":0.0,""market_implied_prob"":0.4878,""model_prob"":0.4325,""raw_model_prob"":0.4028,""unrealistic_flag"":false},""home"":{""american_odds"":-115,""confidence_score"":0.0,""decimal_odds"":1.87,""edge"":0.0445,""expected_value"":0.0612,""fractional_kelly"":0.0141,""hold"":0.0226,""implied_prob"":0.523,""is_value"":false,""kelly_fraction"":0.0704,""market_implied_prob"":0.5348,""model_prob"":0.5675,""raw_model_prob"":0.5972,""unrealistic_flag"":false}},""expected_value"":0.0963,""fractional_kelly"":0.0201,""home_availability_profile"":null,""home_bullpen_tax"":0.0,""home_goalie"":null,""home_goalie_status"":null,""home_injury_profile"":null,""home_lineup_profile"":{""active_hitters"":13,""available_hitters"":13,""confirmed_hitters"":9,""confirmed_leader_absence_burden"":0,""confirmed_lefty_share"":0.3333,""confirmed_lineup"":true,""confirmed_righty_share"":0.4444,""confirmed_switch_share"":0.0,""confirmed_top_order_score"":1.0,""injured_hitters"":0,""key_bat_absence_score"":0.0,""leader_absence_burden"":0.0,""left_handed_batters"":5,""lefty_share"":0.3846,""right_handed_batters"":8,""righty_share"":0.6154,""switch_hitters"":0,""switch_share"":0.0},""home_pitcher"":""Logan Gilbert"",""home_pitcher_hand"":""R"",""home_team"":""Mariners"",""individual_models"":{""bullpen_features"":{""away"":0.411,""home"":0.589},""elo"":{""away"":0.4753,""home"":0.5247},""handedness_features"":{""away"":0.4014,""home"":0.5986},""pitcher_features"":{""away"":0.4194,""home"":0.5806},""results_features"":{""away"":0.4233,""home"":0.5767},""run_environment"":{""away"":0.4143,""home"":0.5857}},""kelly_fraction"":0.1003,""matchday"":null,""model_prob"":0.5972,""model_probs"":{""away"":0.4028,""home"":0.5972},""neutral"":false,""pick"":""home"",""run_id"":""refresh-20260401T040413631597Z"",""run_type"":""refresh"",""snapshot_path"":""tracking/snapshots/2026-04-01/mlb/refresh-20260401T040413631597Z.json"",""snapshot_timestamp"":""2026-04-01T04:04:13Z"",""start_time"":""2026-04-01T01:40Z"",""weather"":{""precipitation_probability"":null,""temperature_f"":null,""weather_exposed"":false,""wind_mph"":null}}","{""pick_type"":""slop_lock"",""publication_guard"":{},""selection_config"":{""additional_confidence_floor"":48,""confidence_dropoff"":6,""edge_floor"":0.015,""max_picks"":4,""min_expected_value"":0.0,""probability_floor"":0.52}}"
2026-04-05T02:58:45Z,refresh-20260401T040413631597Z,refresh,2026-04-01T04:04:13Z,tracking/snapshots/2026-04-01/mlb/refresh-20260401T040413631597Z.json,mlb,total_lock,total,Dodgers,Guardians,2026-03-31,2026-04-02T00:20:00Z,over,8.0,9.664,4.847,0.5821,0.5039,0.5208,0.0783,0.1177,-109,1.92,77.2,0.1279,0.0256,,,0.0337,,,,,,0,0.0,0.02,0.53,54,,3,,"{""over"":0.6343,""under"":0.3657}","{""totals_model"":{""over"":0.6382,""under"":0.3618}}","{""american_odds"":-109,""away_bullpen_tax"":0.014,""away_lineup_profile"":{""active_hitters"":13,""available_hitters"":12,""confirmed_hitters"":9,""confirmed_leader_absence_burden"":0,""confirmed_lefty_share"":0.4444,""confirmed_lineup"":true,""confirmed_righty_share"":0.2222,""confirmed_switch_share"":0.0,""confirmed_top_order_score"":1.0,""injured_hitters"":1,""key_bat_absence_score"":0.0,""leader_absence_burden"":0.0,""left_handed_batters"":6,""lefty_share"":0.5,""right_handed_batters"":6,""righty_share"":0.5,""switch_hitters"":0,""switch_share"":0.0},""away_pitcher"":""Tanner Bibee"",""away_pitcher_hand"":""R"",""away_team"":""Guardians"",""base_expected_total"":9.714,""completed"":false,""confidence_score"":77.2,""date"":""2026-03-31"",""edges"":{""over"":{""american_odds"":-109,""confidence_score"":77.2,""decimal_odds"":1.92,""edge"":0.0783,""expected_value"":0.1177,""fractional_kelly"":0.0256,""hold"":0.0337,""implied_prob"":0.5039,""is_value"":true,""kelly_fraction"":0.1279,""market_implied_prob"":0.5208,""model_prob"":0.5821,""raw_model_prob"":0.6343,""unrealistic_flag"":false},""under"":{""american_odds"":-105,""confidence_score"":16.9,""decimal_odds"":1.95,""edge"":-0.0783,""expected_value"":-0.1852,""fractional_kelly"":0.0,""hold"":0.0337,""implied_prob"":0.4961,""is_value"":false,""kelly_fraction"":0.0,""market_implied_prob"":0.5128,""model_prob"":0.4179,""raw_model_prob"":0.3657,""unrealistic_flag"":false}},""expected_total"":9.664,""home_bullpen_tax"":0.0,""home_lineup_profile"":{""active_hitters"":12,""available_hitters"":12,""confirmed_hitters"":8,""confirmed_leader_absence_burden"":0.6,""confirmed_lefty_share"":0.375,""confirmed_lineup"":true,""confirmed_righty_share"":0.5,""confirmed_switch_share"":0.0,""confirmed_top_order_score"":0.865,""injured_hitters"":0,""key_bat_absence_score"":0.0,""leader_absence_burden"":0.0,""left_handed_batters"":4,""lefty_share"":0.3333,""right_handed_batters"":8,""righty_share"":0.6667,""switch_hitters"":0,""switch_share"":0.0},""home_pitcher"":""Shohei Ohtani"",""home_pitcher_hand"":""R"",""home_team"":""Dodgers"",""individual_models"":{""totals_model"":{""over"":0.6382,""under"":0.3618}},""market_type"":""total"",""model_prob"":0.6343,""model_probs"":{""over"":0.6343,""under"":0.3657},""neutral"":false,""pick"":""over"",""run_id"":""refresh-20260401T040413631597Z"",""run_type"":""refresh"",""snapshot_path"":""tracking/snapshots/2026-04-01/mlb/refresh-20260401T040413631597Z.json"",""snapshot_timestamp"":""2026-04-01T04:04:13Z"",""start_time"":""2026-04-02T00:20:00Z"",""total_line"":8.0,""total_stddev"":4.847,""weather"":{""precipitation_probability"":16,""temperature_f"":67.1,""weather_exposed"":true,""wind_mph"":8.5}}","{""pick_type"":""total_lock"",""publication_guard"":{},""selection_config"":{""confidence_floor"":54,""edge_floor"":0.02,""max_picks"":3,""min_expected_value"":0.0,""probability_floor"":0.53}}"
2026-04-05T02:58:45Z,refresh-20260401T040413631597Z,refresh,2026-04-01T04:04:13Z,tracking/snapshots/2026-04-01/mlb/refresh-20260401T040413631597Z.json,mlb,total_lock,total,Diamondbacks,Tigers,2026-03-31,2026-04-01T19:41:00Z,over,7.5,14.49,4.847,0.6359,0.5119,0.5405,0.124,0.1765,-118,1.85,74.6,0.2076,0.0415,,,0.056,,,,,,0,0.0,0.02,0.53,54,,3,,"{""over"":0.9254,""under"":0.0746}","{""totals_model"":{""over"":0.8668,""under"":0.1332}}","{""american_odds"":-118,""away_bullpen_tax"":0.0,""away_lineup_profile"":{""active_hitters"":13,""available_hitters"":13,""confirmed_hitters"":9,""confirmed_leader_absence_burden"":0.6,""confirmed_lefty_share"":0.6667,""confirmed_lineup"":true,""confirmed_righty_share"":0.3333,""confirmed_switch_share"":0.0,""confirmed_top_order_score"":1.0,""injured_hitters"":0,""key_bat_absence_score"":0.0,""leader_absence_burden"":0.0,""left_handed_batters"":6,""lefty_share"":0.4615,""right_handed_batters"":7,""righty_share"":0.5385,""switch_hitters"":0,""switch_share"":0.0},""away_pitcher"":""Casey Mize"",""away_pitcher_hand"":""R"",""away_team"":""Tigers"",""base_expected_total"":14.386,""completed"":false,""confidence_score"":74.6,""date"":""2026-03-31"",""edges"":{""over"":{""american_odds"":-118,""confidence_score"":74.6,""decimal_odds"":1.85,""edge"":0.124,""expected_value"":0.1765,""fractional_kelly"":0.0415,""hold"":0.056,""implied_prob"":0.5119,""is_value"":true,""kelly_fraction"":0.2076,""market_implied_prob"":0.5405,""model_prob"":0.6359,""raw_model_prob"":0.9254,""unrealistic_flag"":true},""under"":{""american_odds"":-106,""confidence_score"":12.4,""decimal_odds"":1.94,""edge"":-0.124,""expected_value"":-0.2937,""fractional_kelly"":0.0,""hold"":0.056,""implied_prob"":0.4881,""is_value"":false,""kelly_fraction"":0.0,""market_implied_prob"":0.5155,""model_prob"":0.3641,""raw_model_prob"":0.0746,""unrealistic_flag"":true}},""expected_total"":14.49,""home_bullpen_tax"":0.0,""home_lineup_profile"":{""active_hitters"":13,""available_hitters"":13,""confirmed_hitters"":9,""confirmed_leader_absence_burden"":0,""confirmed_lefty_share"":0.2222,""confirmed_lineup"":true,""confirmed_righty_share"":0.4444,""confirmed_switch_share"":0.0,""confirmed_top_order_score"":1.0,""injured_hitters"":0,""key_bat_absence_score"":0.0,""leader_absence_burden"":0.0,""left_handed_batters"":3,""lefty_share"":0.2308,""right_handed_batters"":10,""righty_share"":0.7692,""switch_hitters"":0,""switch_share"":0.0},""home_pitcher"":""Brandon Pfaadt"",""home_pitcher_hand"":""R"",""home_team"":""Diamondbacks"",""individual_models"":{""totals_model"":{""over"":0.8668,""under"":0.1332}},""market_type"":""total"",""model_prob"":0.9254,""model_probs"":{""over"":0.9254,""under"":0.0746},""neutral"":false,""pick"":""over"",""run_id"":""refresh-20260401T040413631597Z"",""run_type"":""refresh"",""snapshot_path"":""tracking/snapshots/2026-04-01/mlb/refresh-20260401T040413631597Z.json"",""snapshot_timestamp"":""2026-04-01T04:04:13Z"",""start_time"":""2026-04-01T19:41:00Z"",""total_line"":7.5,""total_stddev"":4.847,""weather"":{}}","{""pick_type"":""total_lock"",""publication_guard"":{},""selection_config"":{""confidence_floor"":54,""edge_floor"":0.02,""max_picks"":3,""min_expected_value"":0.0,""probability_floor"":0.53}}"
2026-04-05T02:58:45Z,refresh-20260401T040413631597Z,refresh,2026-04-01T04:04:13Z,tracking/snapshots/2026-04-01/mlb/refresh-20260401T040413631597Z.json,mlb,total_lock,total,Mariners,Yankees,2026-03-31,2026-04-01T20:10:00Z,under,7.0,5.936,4.847,0.5439,0.4795,0.4926,0.0645,0.1042,103,2.03,71.9,0.1012,0.0202,,,0.0274,,,,,,0,0.0,0.02,0.53,54,,3,,"{""over"":0.4131,""under"":0.5869}","{""totals_model"":{""over"":0.4021,""under"":0.5979}}","{""american_odds"":103,""away_bullpen_tax"":0.0,""away_lineup_profile"":{""active_hitters"":13,""available_hitters"":13,""confirmed_hitters"":9,""confirmed_leader_absence_burden"":0.6,""confirmed_lefty_share"":0.6667,""confirmed_lineup"":true,""confirmed_righty_share"":0.3333,""confirmed_switch_share"":0.0,""confirmed_top_order_score"":1.0,""injured_hitters"":0,""key_bat_absence_score"":0.0,""leader_absence_burden"":0.0,""left_handed_batters"":7,""lefty_share"":0.5385,""right_handed_batters"":6,""righty_share"":0.4615,""switch_hitters"":0,""switch_share"":0.0},""away_pitcher"":""Max Fried"",""away_pitcher_hand"":""L"",""away_team"":""Yankees"",""base_expected_total"":5.799,""completed"":false,""confidence_score"":71.9,""date"":""2026-03-31"",""edges"":{""over"":{""american_odds"":-115,""confidence_score"":19.6,""decimal_odds"":1.87,""edge"":-0.0645,""expected_value"":-0.1472,""fractional_kelly"":0.0,""hold"":0.0274,""implied_prob"":0.5205,""is_value"":false,""kelly_fraction"":0.0,""market_implied_prob"":0.5348,""model_prob"":0.4561,""raw_model_prob"":0.4131,""unrealistic_flag"":false},""under"":{""american_odds"":103,""confidence_score"":71.9,""decimal_odds"":2.03,""edge"":0.0645,""expected_value"":0.1042,""fractional_kelly"":0.0202,""hold"":0.0274,""implied_prob"":0.4795,""is_value"":true,""kelly_fraction"":0.1012,""market_implied_prob"":0.4926,""model_prob"":0.5439,""raw_model_prob"":0.5869,""unrealistic_flag"":false}},""expected_total"":5.936,""home_bullpen_tax"":0.0,""home_lineup_profile"":{""active_hitters"":13,""available_hitters"":13,""confirmed_hitters"":9,""confirmed_leader_absence_burden"":0,""confirmed_lefty_share"":0.3333,""confirmed_lineup"":true,""confirmed_righty_share"":0.4444,""confirmed_switch_share"":0.0,""confirmed_top_order_score"":1.0,""injured_hitters"":0,""key_bat_absence_score"":0.0,""leader_absence_burden"":0.0,""left_handed_batters"":5,""lefty_share"":0.3846,""right_handed_batters"":8,""righty_share"":0.6154,""switch_hitters"":0,""switch_share"":0.0},""home_pitcher"":""Logan Gilbert"",""home_pitcher_hand"":""R"",""home_team"":""Mariners"",""individual_models"":{""totals_model"":{""over"":0.4021,""under"":0.5979}},""market_type"":""total"",""model_prob"":0.5869,""model_probs"":{""over"":0.4131,""under"":0.5869},""neutral"":false,""pick"":""under"",""run_id"":""refresh-20260401T040413631597Z"",""run_type"":""refresh"",""snapshot_path"":""tracking/snapshots/2026-04-01/mlb/refresh-20260401T040413631597Z.json"",""snapshot_timestamp"":""2026-04-01T04:04:13Z"",""start_time"":""2026-04-01T20:10:00Z"",""total_line"":7.0,""total_stddev"":4.847,""weather"":{""precipitation_probability"":null,""temperature_f"":null,""weather_exposed"":false,""wind_mph"":null}}","{""pick_type"":""total_lock"",""publication_guard"":{},""selection_config"":{""confidence_floor"":54,""edge_floor"":0.02,""max_picks"":3,""min_expected_value"":0.0,""probability_floor"":0.53}}"
2026-04-05T02:58:45Z,refresh-20260401T213908093862Z,refresh,2026-04-01T21:39:08Z,tracking/snapshots/2026-04-01/mlb/refresh-20260401T213908093862Z.json,mlb,total_lock,total,Mariners,Yankees,2026-04-01,2026-04-01T20:11:28Z,under,6.5,4.691,4.74,0.6152,0.5651,0.565,0.0501,0.089,-130,1.77,76.4,0.1156,0.0231,,,0.0,,,,,,0,0.0,0.02,0.53,54,,3,"{""execution_prices"":{""over"":2.3,""under"":1.77},""line"":6.5}","{""over"":0.3513,""under"":0.6487}","{""totals_model"":{""over"":0.3029,""under"":0.6971}}","{""american_odds"":-130,""away_bullpen_tax"":0.043,""away_lineup_profile"":{""active_hitters"":13,""available_hitters"":13,""confirmed_hitters"":9,""confirmed_leader_absence_burden"":0.6,""confirmed_lefty_share"":0.5556,""confirmed_lineup"":true,""confirmed_righty_share"":0.4444,""confirmed_switch_share"":0.0,""confirmed_top_order_score"":1.0,""injured_hitters"":0,""key_bat_absence_score"":0.0,""leader_absence_burden"":0.0,""left_handed_batters"":7,""lefty_share"":0.5385,""right_handed_batters"":6,""righty_share"":0.4615,""switch_hitters"":0,""switch_share"":0.0},""away_pitcher"":""Cam Schlittler"",""away_pitcher_hand"":""R"",""away_team"":""Yankees"",""base_expected_total"":4.554,""completed"":false,""confidence_score"":76.4,""date"":""2026-04-01"",""edges"":{""over"":{""american_odds"":130,""confidence_score"":14.1,""decimal_odds"":2.3,""edge"":-0.0501,""expected_value"":-0.1151,""fractional_kelly"":0.0,""hold"":0.0,""implied_prob"":0.4349,""is_value"":false,""kelly_fraction"":0.0,""market_implied_prob"":0.4348,""model_prob"":0.3848,""raw_model_prob"":0.3513,""unrealistic_flag"":false},""under"":{""american_odds"":-130,""confidence_score"":76.4,""decimal_odds"":1.77,""edge"":0.0501,""expected_value"":0.089,""fractional_kelly"":0.0231,""hold"":0.0,""implied_prob"":0.5651,""is_value"":true,""kelly_fraction"":0.1156,""market_implied_prob"":0.565,""model_prob"":0.6152,""raw_model_prob"":0.6487,""unrealistic_flag"":false}},""expected_total"":4.691,""home_bullpen_tax"":0.0,""home_lineup_profile"":{""active_hitters"":13,""available_hitters"":13,""confirmed_hitters"":9,""confirmed_leader_absence_burden"":0,""confirmed_lefty_share"":0.5556,""confirmed_lineup"":true,""confirmed_righty_share"":0.2222,""confirmed_switch_share"":0.0,""confirmed_top_order_score"":1.0,""injured_hitters"":0,""key_bat_absence_score"":0.0,""leader_absence_burden"":0.0,""left_handed_batters"":5,""lefty_share"":0.3846,""right_handed_batters"":8,""righty_share"":0.6154,""switch_hitters"":0,""switch_share"":0.0},""home_pitcher"":""George Kirby"",""home_pitcher_hand"":""R"",""home_team"":""Mariners"",""individual_models"":{""totals_model"":{""over"":0.3029,""under"":0.6971}},""market_type"":""total"",""model_prob"":0.6487,""model_probs"":{""over"":0.3513,""under"":0.6487},""neutral"":false,""pick"":""under"",""run_id"":""refresh-20260401T213908093862Z"",""run_type"":""refresh"",""snapshot_path"":""tracking/snapshots/2026-04-01/mlb/refresh-20260401T213908093862Z.json"",""snapshot_timestamp"":""2026-04-01T21:39:08Z"",""start_time"":""2026-04-01T20:11:28Z"",""total_line"":6.5,""total_stddev"":4.74,""weather"":{""precipitation_probability"":null,""temperature_f"":null,""weather_exposed"":false,""wind_mph"":null}}","{""pick_type"":""total_lock"",""publication_guard"":{},""selection_config"":{""confidence_floor"":54,""edge_floor"":0.02,""max_picks"":3,""min_expected_value"":0.0,""probability_floor"":0.53}}"
2026-04-05T02:58:45Z,refresh-20260401T213908093862Z,refresh,2026-04-01T21:39:08Z,tracking/snapshots/2026-04-01/mlb/refresh-20260401T213908093862Z.json,mlb,total_lock,total,Dodgers,Guardians,2026-04-01,2026-04-02T00:20:00Z,over,8.0,10.498,4.74,0.5531,0.4897,0.5025,0.0633,0.1006,-101,1.99,73.2,0.1017,0.0203,,,0.0261,,,,,,0,0.0,0.02,0.53,54,,3,,"{""over"":0.7009,""under"":0.2991}","{""totals_model"":{""over"":0.6606,""under"":0.3394}}","{""american_odds"":-101,""away_bullpen_tax"":0.039,""away_lineup_profile"":{""active_hitters"":13,""available_hitters"":12,""confirmed_hitters"":9,""confirmed_leader_absence_burden"":2.2,""confirmed_lefty_share"":0.4444,""confirmed_lineup"":true,""confirmed_righty_share"":0.2222,""confirmed_switch_share"":0.0,""confirmed_top_order_score"":1.0,""injured_hitters"":1,""key_bat_absence_score"":0.0,""leader_absence_burden"":0.0,""left_handed_batters"":6,""lefty_share"":0.5,""right_handed_batters"":6,""righty_share"":0.5,""switch_hitters"":0,""switch_share"":0.0},""away_pitcher"":""Gavin Williams"",""away_pitcher_hand"":""R"",""away_team"":""Guardians"",""base_expected_total"":10.463,""completed"":false,""confidence_score"":73.2,""date"":""2026-04-01"",""edges"":{""over"":{""american_odds"":-101,""confidence_score"":73.2,""decimal_odds"":1.99,""edge"":0.0633,""expected_value"":0.1006,""fractional_kelly"":0.0203,""hold"":0.0261,""implied_prob"":0.4897,""is_value"":true,""kelly_fraction"":0.1017,""market_implied_prob"":0.5025,""model_prob"":0.5531,""raw_model_prob"":0.7009,""unrealistic_flag"":true},""under"":{""american_odds"":-110,""confidence_score"":16.9,""decimal_odds"":1.91,""edge"":-0.0633,""expected_value"":-0.1464,""fractional_kelly"":0.0,""hold"":0.0261,""implied_prob"":0.5103,""is_value"":false,""kelly_fraction"":0.0,""market_implied_prob"":0.5236,""model_prob"":0.4469,""raw_model_prob"":0.2991,""unrealistic_flag"":true}},""expected_total"":10.498,""home_bullpen_tax"":0.154,""home_lineup_profile"":{""active_hitters"":12,""available_hitters"":12,""confirmed_hitters"":9,""confirmed_leader_absence_burden"":0,""confirmed_lefty_share"":0.4444,""confirmed_lineup"":true,""confirmed_righty_share"":0.4444,""confirmed_switch_share"":0.0,""confirmed_top_order_score"":1.0,""injured_hitters"":0,""key_bat_absence_score"":0.0,""leader_absence_burden"":0.0,""left_handed_batters"":4,""lefty_share"":0.3333,""right_handed_batters"":8,""righty_share"":0.6667,""switch_hitters"":0,""switch_share"":0.0},""home_pitcher"":""Yoshinobu Yamamoto"",""home_pitcher_hand"":""R"",""home_team"":""Dodgers"",""individual_models"":{""totals_model"":{""over"":0.6606,""under"":0.3394}},""market_type"":""total"",""model_prob"":0.7009,""model_probs"":{""over"":0.7009,""under"":0.2991},""neutral"":false,""pick"":""over"",""run_id"":""refresh-20260401T213908093862Z"",""run_type"":""refresh"",""snapshot_path"":""tracking/snapshots/2026-04-01/mlb/refresh-20260401T213908093862Z.json"",""snapshot_timestamp"":""2026-04-01T21:39:08Z"",""start_time"":""2026-04-02T00:20:00Z"",""total_line"":8.0,""total_stddev"":4.74,""weather"":{""precipitation_probability"":0,""temperature_f"":65.8,""weather_exposed"":true,""wind_mph"":12.4}}","{""pick_type"":""total_lock"",""publication_guard"":{},""selection_config"":{""confidence_floor"":54,""edge_floor"":0.02,""max_picks"":3,""min_expected_value"":0.0,""probability_floor"":0.53}}"
2026-04-05T02:58:45Z,daily-20260401T130632506536Z,daily,2026-04-01T13:06:32Z,tracking/snapshots/2026-04-01/nba/daily-20260401T130632506536Z.json,nba,slop_lock,moneyline,Magic,Hawks,2026-04-01,2026-04-01T23:00Z,away,,,,0.66,0.6049,0.6173,0.0551,0.0692,-161,1.62,69.6,0.1116,0.0279,,,0.0205,,,,,,0,0.0,0.02,0.5,52,8,5,"{""execution_prices"":{""away"":1.62,""home"":2.48}}","{""away"":0.6968,""home"":0.3032}","{""efficiency"":{""away"":0.478,""home"":0.522},""elo"":{""away"":0.7044,""home"":0.2956},""four_factors"":{""away"":0.454,""home"":0.546},""nba_matchup"":{""away"":0.5924,""home"":0.4076},""recent_boxscore"":{""away"":0.5493,""home"":0.4507},""results_features"":{""away"":0.5578,""home"":0.4422}}","{""american_odds"":-161,""away_availability_profile"":{""active_players"":18,""available_core_players"":18,""doubtful_players"":0,""event_injury_burden"":0.35,""event_key_absence_score"":0.0,""event_leader_absence_burden"":0.0,""event_leader_uncertainty_burden"":0.0,""event_uncertainty_burden"":0.35,""injured_players"":0,""injury_burden"":0.0,""key_absence_score"":0.0,""leader_absence_burden"":0.0,""leader_uncertainty_burden"":0.0,""questionable_players"":0,""uncertainty_burden"":0.0},""away_bullpen_tax"":null,""away_goalie"":null,""away_goalie_status"":null,""away_injury_profile"":null,""away_lineup_profile"":null,""away_pitcher"":null,""away_pitcher_hand"":null,""away_team"":""Hawks"",""best_odds"":{""away"":-161,""home"":148},""completed"":false,""confidence_score"":69.6,""confidence_stars"":3,""date"":""2026-04-01"",""edge"":0.0551,""edges"":{""away"":{""american_odds"":-161,""confidence_score"":69.6,""decimal_odds"":1.62,""edge"":0.0551,""expected_value"":0.0692,""fractional_kelly"":0.0279,""hold"":0.0205,""implied_prob"":0.6049,""is_value"":true,""kelly_fraction"":0.1116,""market_implied_prob"":0.6173,""model_prob"":0.66,""raw_model_prob"":0.6968,""unrealistic_flag"":false},""home"":{""american_odds"":148,""confidence_score"":6.0,""decimal_odds"":2.48,""edge"":-0.0551,""expected_value"":-0.1568,""fractional_kelly"":0.0,""hold"":0.0205,""implied_prob"":0.3951,""is_value"":false,""kelly_fraction"":0.0,""market_implied_prob"":0.4032,""model_prob"":0.34,""raw_model_prob"":0.3032,""unrealistic_flag"":false}},""expected_value"":0.0692,""fractional_kelly"":0.0279,""home_availability_profile"":{""active_players"":17,""available_core_players"":14,""doubtful_players"":0,""event_injury_burden"":3.0,""event_key_absence_score"":0.0,""event_leader_absence_burden"":0.0,""event_leader_uncertainty_burden"":0.0,""event_uncertainty_burden"":0.0,""injured_players"":3,""injury_burden"":3.0,""key_absence_score"":0.0,""leader_absence_burden"":0.0,""leader_uncertainty_burden"":0.0,""questionable_players"":0,""uncertainty_burden"":0.0},""home_bullpen_tax"":null,""home_goalie"":null,""home_goalie_status"":null,""home_injury_profile"":null,""home_lineup_profile"":null,""home_pitcher"":null,""home_pitcher_hand"":null,""home_team"":""Magic"",""individual_models"":{""efficiency"":{""away"":0.478,""home"":0.522},""elo"":{""away"":0.7044,""home"":0.2956},""four_factors"":{""away"":0.454,""home"":0.546},""nba_matchup"":{""away"":0.5924,""home"":0.4076},""recent_boxscore"":{""away"":0.5493,""home"":0.4507},""results_features"":{""away"":0.5578,""home"":0.4422}},""kelly_fraction"":0.1116,""matchday"":null,""model_prob"":0.6968,""model_probs"":{""away"":0.6968,""home"":0.3032},""neutral"":false,""pick"":""away"",""run_id"":""daily-20260401T130632506536Z"",""run_type"":""daily"",""snapshot_path"":""tracking/snapshots/2026-04-01/nba/daily-20260401T130632506536Z.json"",""snapshot_timestamp"":""2026-04-01T13:06:32Z"",""start_time"":""2026-04-01T23:00Z"",""weather"":null}","{""pick_type"":""slop_lock"",""publication_guard"":{},""selection_config"":{""additional_confidence_floor"":52,""confidence_dropoff"":8,""edge_floor"":0.02,""max_picks"":5,""min_expected_value"":0.0,""probability_floor"":0.5}}"
2026-04-05T02:58:45Z,daily-20260401T130632506536Z,daily,2026-04-01T13:06:32Z,tracking/snapshots/2026-04-01/nba/daily-20260401T130632506536Z.json,nba,slop_lock,moneyline,Bulls,Pacers,2026-04-01,2026-04-02T00:00Z,home,,,,0.6498,0.6298,0.6494,0.02,0.0006,-185,1.54,54.7,0.0012,0.0003,,,0.031,,,,,,0,0.0,0.02,0.5,52,8,5,,"{""away"":0.3369,""home"":0.6631}","{""efficiency"":{""away"":0.3451,""home"":0.6549},""elo"":{""away"":0.3787,""home"":0.6213},""four_factors"":{""away"":0.421,""home"":0.579},""nba_matchup"":{""away"":0.3741,""home"":0.6259},""recent_boxscore"":{""away"":0.4081,""home"":0.5919},""results_features"":{""away"":0.3847,""home"":0.6153}}","{""american_odds"":-185,""away_availability_profile"":{""active_players"":18,""available_core_players"":9,""doubtful_players"":0,""event_injury_burden"":3.7,""event_key_absence_score"":0.35,""event_leader_absence_burden"":1.067,""event_leader_uncertainty_burden"":1.067,""event_uncertainty_burden"":0.7,""injured_players"":9,""injury_burden"":5.1,""key_absence_score"":0.35,""leader_absence_burden"":1.067,""leader_uncertainty_burden"":0.0,""questionable_players"":0,""uncertainty_burden"":0.0},""away_bullpen_tax"":null,""away_goalie"":null,""away_goalie_status"":null,""away_injury_profile"":null,""away_lineup_profile"":null,""away_pitcher"":null,""away_pitcher_hand"":null,""away_team"":""Pacers"",""best_odds"":{""away"":162,""home"":-185},""completed"":false,""confidence_score"":54.7,""confidence_stars"":2,""date"":""2026-04-01"",""edge"":0.02,""edges"":{""away"":{""american_odds"":162,""confidence_score"":14.9,""decimal_odds"":2.62,""edge"":-0.02,""expected_value"":-0.0824,""fractional_kelly"":0.0,""hold"":0.031,""implied_prob"":0.3702,""is_value"":false,""kelly_fraction"":0.0,""market_implied_prob"":0.3817,""model_prob"":0.3502,""raw_model_prob"":0.3369,""unrealistic_flag"":false},""home"":{""american_odds"":-185,""confidence_score"":54.7,""decimal_odds"":1.54,""edge"":0.02,""expected_value"":0.0006,""fractional_kelly"":0.0003,""hold"":0.031,""implied_prob"":0.6298,""is_value"":false,""kelly_fraction"":0.0012,""market_implied_prob"":0.6494,""model_prob"":0.6498,""raw_model_prob"":0.6631,""unrealistic_flag"":false}},""expected_value"":0.0006,""fractional_kelly"":0.0003,""home_availability_profile"":{""active_players"":18,""available_core_players"":10,""doubtful_players"":0,""event_injury_burden"":5.0,""event_key_absence_score"":0.0,""event_leader_absence_burden"":0.0,""event_leader_uncertainty_burden"":0.0,""event_uncertainty_burden"":0.0,""injured_players"":8,""injury_burden"":7.35,""key_absence_score"":0.0,""leader_absence_burden"":0.0,""leader_uncertainty_burden"":0.0,""questionable_players"":1,""uncertainty_burden"":0.35},""home_bullpen_tax"":null,""home_goalie"":null,""home_goalie_status"":null,""home_injury_profile"":null,""home_lineup_profile"":null,""home_pitcher"":null,""home_pitcher_hand"":null,""home_team"":""Bulls"",""individual_models"":{""efficiency"":{""away"":0.3451,""home"":0.6549},""elo"":{""away"":0.3787,""home"":0.6213},""four_factors"":{""away"":0.421,""home"":0.579},""nba_matchup"":{""away"":0.3741,""home"":0.6259},""recent_boxscore"":{""away"":0.4081,""home"":0.5919},""results_features"":{""away"":0.3847,""home"":0.6153}},""kelly_fraction"":0.0012,""matchday"":null,""model_prob"":0.6631,""model_probs"":{""away"":0.3369,""home"":0.6631},""neutral"":false,""pick"":""home"",""run_id"":""daily-20260401T130632506536Z"",""run_type"":""daily"",""snapshot_path"":""tracking/snapshots/2026-04-01/nba/daily-20260401T130632506536Z.json"",""snapshot_timestamp"":""2026-04-01T13:06:32Z"",""start_time"":""2026-04-02T00:00Z"",""weather"":null}","{""pick_type"":""slop_lock"",""publication_guard"":{},""selection_config"":{""additional_confidence_floor"":52,""confidence_dropoff"":8,""edge_floor"":0.02,""max_picks"":5,""min_expected_value"":0.0,""probability_floor"":0.5}}"
2026-04-05T02:58:45Z,daily-20260401T130632506536Z,daily,2026-04-01T13:06:32Z,tracking/snapshots/2026-04-01/nba/daily-20260401T130632506536Z.json,nba,slop_lock,moneyline,Heat,Celtics,2026-04-01,2026-04-01T23:30Z,away,,,,0.679,0.656,0.6623,0.023,0.0253,-196,1.51,52.4,0.0496,0.0124,,,0.0095,,,,,,0,0.0,0.02,0.5,52,8,5,"{""execution_prices"":{""away"":1.51,""home"":2.88}}","{""away"":0.6943,""home"":0.3057}","{""efficiency"":{""away"":0.5316,""home"":0.4684},""elo"":{""away"":0.7008,""home"":0.2992},""four_factors"":{""away"":0.4717,""home"":0.5283},""nba_matchup"":{""away"":0.6974,""home"":0.3026},""recent_boxscore"":{""away"":0.6184,""home"":0.3816},""results_features"":{""away"":0.5743,""home"":0.4257}}","{""american_odds"":-196,""away_availability_profile"":{""active_players"":16,""available_core_players"":11,""doubtful_players"":0,""event_injury_burden"":1.35,""event_key_absence_score"":0.0,""event_leader_absence_burden"":0.0,""event_leader_uncertainty_burden"":0.0,""event_uncertainty_burden"":0.35,""injured_players"":5,""injury_burden"":2.4,""key_absence_score"":1.05,""leader_absence_burden"":1.067,""leader_uncertainty_burden"":0.0,""questionable_players"":0,""uncertainty_burden"":0.0},""away_bullpen_tax"":null,""away_goalie"":null,""away_goalie_status"":null,""away_injury_profile"":null,""away_lineup_profile"":null,""away_pitcher"":null,""away_pitcher_hand"":null,""away_team"":""Celtics"",""best_odds"":{""away"":-196,""home"":188},""completed"":false,""confidence_score"":52.4,""confidence_stars"":2,""date"":""2026-04-01"",""edge"":0.023,""edges"":{""away"":{""american_odds"":-196,""confidence_score"":52.4,""decimal_odds"":1.51,""edge"":0.023,""expected_value"":0.0253,""fractional_kelly"":0.0124,""hold"":0.0095,""implied_prob"":0.656,""is_value"":false,""kelly_fraction"":0.0496,""market_implied_prob"":0.6623,""model_prob"":0.679,""raw_model_prob"":0.6943,""unrealistic_flag"":false},""home"":{""american_odds"":188,""confidence_score"":5.7,""decimal_odds"":2.88,""edge"":-0.023,""expected_value"":-0.0755,""fractional_kelly"":0.0,""hold"":0.0095,""implied_prob"":0.344,""is_value"":false,""kelly_fraction"":0.0,""market_implied_prob"":0.3472,""model_prob"":0.321,""raw_model_prob"":0.3057,""unrealistic_flag"":false}},""expected_value"":0.0253,""fractional_kelly"":0.0124,""home_availability_profile"":{""active_players"":18,""available_core_players"":16,""doubtful_players"":0,""event_injury_burden"":2.35,""event_key_absence_score"":0.0,""event_leader_absence_burden"":0.0,""event_leader_uncertainty_burden"":0.0,""event_uncertainty_burden"":0.35,""injured_players"":2,""injury_burden"":1.35,""key_absence_score"":0.0,""leader_absence_burden"":0.0,""leader_uncertainty_burden"":0.0,""questionable_players"":0,""uncertainty_burden"":0.0},""home_bullpen_tax"":null,""home_goalie"":null,""home_goalie_status"":null,""home_injury_profile"":null,""home_lineup_profile"":null,""home_pitcher"":null,""home_pitcher_hand"":null,""home_team"":""Heat"",""individual_models"":{""efficiency"":{""away"":0.5316,""home"":0.4684},""elo"":{""away"":0.7008,""home"":0.2992},""four_factors"":{""away"":0.4717,""home"":0.5283},""nba_matchup"":{""away"":0.6974,""home"":0.3026},""recent_boxscore"":{""away"":0.6184,""home"":0.3816},""results_features"":{""away"":0.5743,""home"":0.4257}},""kelly_fraction"":0.0496,""matchday"":null,""model_prob"":0.6943,""model_probs"":{""away"":0.6943,""home"":0.3057},""neutral"":false,""pick"":""away"",""run_id"":""daily-20260401T130632506536Z"",""run_type"":""daily"",""snapshot_path"":""tracking/snapshots/2026-04-01/nba/daily-20260401T130632506536Z.json"",""snapshot_timestamp"":""2026-04-01T13:06:32Z"",""start_time"":""2026-04-01T23:30Z"",""weather"":null}","{""pick_type"":""slop_lock"",""publication_guard"":{},""selection_config"":{""additional_confidence_floor"":52,""confidence_dropoff"":8,""edge_floor"":0.02,""max_picks"":5,""min_expected_value"":0.0,""probability_floor"":0.5}}"
2026-04-05T02:58:45Z,daily-20260401T130632506536Z,daily,2026-04-01T13:06:32Z,tracking/snapshots/2026-04-01/nba/daily-20260401T130632506536Z.json,nba,total_lock,total,Bulls,Pacers,2026-04-01,2026-04-02T00:00Z,under,247.0,237.375,19.554,0.6132,0.5,0.5181,0.1132,0.1835,-108,1.93,81.6,0.1973,0.0493,,,0.0363,,,,,,0,0.0,0.02,0.53,54,,2,,"{""over"":0.3113,""under"":0.6887}","{""totals_model"":{""over"":0.3113,""under"":0.6887}}","{""american_odds"":-108,""away_bullpen_tax"":null,""away_lineup_profile"":null,""away_pitcher"":null,""away_team"":""Pacers"",""completed"":false,""confidence_score"":81.6,""date"":""2026-04-01"",""edges"":{""over"":{""american_odds"":-108,""confidence_score"":14.1,""decimal_odds"":1.93,""edge"":-0.1132,""expected_value"":-0.2535,""fractional_kelly"":0.0,""hold"":0.0363,""implied_prob"":0.5,""is_value"":false,""kelly_fraction"":0.0,""market_implied_prob"":0.5181,""model_prob"":0.3868,""raw_model_prob"":0.3113,""unrealistic_flag"":false},""under"":{""american_odds"":-108,""confidence_score"":81.6,""decimal_odds"":1.93,""edge"":0.1132,""expected_value"":0.1835,""fractional_kelly"":0.0493,""hold"":0.0363,""implied_prob"":0.5,""is_value"":true,""kelly_fraction"":0.1973,""market_implied_prob"":0.5181,""model_prob"":0.6132,""raw_model_prob"":0.6887,""unrealistic_flag"":false}},""expected_total"":237.375,""home_bullpen_tax"":null,""home_lineup_profile"":null,""home_pitcher"":null,""home_team"":""Bulls"",""individual_models"":{""totals_model"":{""over"":0.3113,""under"":0.6887}},""market_type"":""total"",""model_prob"":0.6887,""model_probs"":{""over"":0.3113,""under"":0.6887},""pick"":""under"",""run_id"":""daily-20260401T130632506536Z"",""run_type"":""daily"",""snapshot_path"":""tracking/snapshots/2026-04-01/nba/daily-20260401T130632506536Z.json"",""snapshot_timestamp"":""2026-04-01T13:06:32Z"",""start_time"":""2026-04-02T00:00Z"",""total_line"":247.0,""total_stddev"":19.554,""weather"":null}","{""pick_type"":""total_lock"",""publication_guard"":{},""selection_config"":{""confidence_floor"":54,""edge_floor"":0.02,""max_picks"":2,""min_expected_value"":0.0,""probability_floor"":0.53}}"
2026-04-05T02:58:45Z,daily-20260401T130632506536Z,daily,2026-04-01T13:06:32Z,tracking/snapshots/2026-04-01/nba/daily-20260401T130632506536Z.json,nba,total_lock,total,Grizzlies,Knicks,2026-04-01,2026-04-02T00:00Z,under,228.0,220.234,19.554,0.5906,0.4948,0.5102,0.0957,0.1575,-104,1.96,78.4,0.1641,0.041,,,0.031,,,,,,0,0.0,0.02,0.53,54,,2,,"{""over"":0.3456,""under"":0.6544}","{""totals_model"":{""over"":0.3456,""under"":0.6544}}","{""american_odds"":-104,""away_bullpen_tax"":null,""away_lineup_profile"":null,""away_pitcher"":null,""away_team"":""Knicks"",""completed"":false,""confidence_score"":78.4,""date"":""2026-04-01"",""edges"":{""over"":{""american_odds"":-109,""confidence_score"":16.9,""decimal_odds"":1.92,""edge"":-0.0957,""expected_value"":-0.2139,""fractional_kelly"":0.0,""hold"":0.031,""implied_prob"":0.5052,""is_value"":false,""kelly_fraction"":0.0,""market_implied_prob"":0.5208,""model_prob"":0.4094,""raw_model_prob"":0.3456,""unrealistic_flag"":false},""under"":{""american_odds"":-104,""confidence_score"":78.4,""decimal_odds"":1.96,""edge"":0.0957,""expected_value"":0.1575,""fractional_kelly"":0.041,""hold"":0.031,""implied_prob"":0.4948,""is_value"":true,""kelly_fraction"":0.1641,""market_implied_prob"":0.5102,""model_prob"":0.5906,""raw_model_prob"":0.6544,""unrealistic_flag"":false}},""expected_total"":220.234,""home_bullpen_tax"":null,""home_lineup_profile"":null,""home_pitcher"":null,""home_team"":""Grizzlies"",""individual_models"":{""totals_model"":{""over"":0.3456,""under"":0.6544}},""market_type"":""total"",""model_prob"":0.6544,""model_probs"":{""over"":0.3456,""under"":0.6544},""pick"":""under"",""run_id"":""daily-20260401T130632506536Z"",""run_type"":""daily"",""snapshot_path"":""tracking/snapshots/2026-04-01/nba/daily-20260401T130632506536Z.json"",""snapshot_timestamp"":""2026-04-01T13:06:32Z"",""start_time"":""2026-04-02T00:00Z"",""total_line"":228.0,""total_stddev"":19.554,""weather"":null}","{""pick_type"":""total_lock"",""publication_guard"":{},""selection_config"":{""confidence_floor"":54,""edge_floor"":0.02,""max_picks"":2,""min_expected_value"":0.0,""probability_floor"":0.53}}"
2026-04-05T02:58:45Z,refresh-20260401T040413631597Z,refresh,2026-04-01T04:04:13Z,tracking/snapshots/2026-04-01/nba/refresh-20260401T040413631597Z.json,nba,total_lock,total,Lakers,Cavaliers,2026-03-31,2026-04-01T02:40:00Z,under,241.5,224.377,19.451,0.5876,0.492,0.5236,0.0956,0.1223,-110,1.91,78.0,0.1344,0.0336,,,0.0641,,,,,,0,0.0,0.02,0.53,54,,2,,"{""over"":0.1893,""under"":0.8107}","{""totals_model"":{""over"":0.296,""under"":0.704}}","{""american_odds"":-110,""away_availability_profile"":{""active_players"":18,""available_core_players"":13,""doubtful_players"":0,""event_injury_burden"":3.0,""event_key_absence_score"":0.0,""event_leader_absence_burden"":0.0,""event_leader_uncertainty_burden"":0.0,""event_uncertainty_burden"":0.0,""injured_players"":5,""injury_burden"":5.0,""key_absence_score"":1.0,""leader_absence_burden"":1.5,""leader_uncertainty_burden"":0.0,""questionable_players"":0,""uncertainty_burden"":0.0},""away_bullpen_tax"":null,""away_lineup_profile"":null,""away_pitcher"":null,""away_team"":""Cavaliers"",""base_expected_total"":226.577,""completed"":false,""confidence_score"":78.0,""date"":""2026-03-31"",""edges"":{""over"":{""american_odds"":-118,""confidence_score"":16.9,""decimal_odds"":1.85,""edge"":-0.0956,""expected_value"":-0.2371,""fractional_kelly"":0.0,""hold"":0.0641,""implied_prob"":0.508,""is_value"":false,""kelly_fraction"":0.0,""market_implied_prob"":0.5405,""model_prob"":0.4124,""raw_model_prob"":0.1893,""unrealistic_flag"":true},""under"":{""american_odds"":-110,""confidence_score"":78.0,""decimal_odds"":1.91,""edge"":0.0956,""expected_value"":0.1223,""fractional_kelly"":0.0336,""hold"":0.0641,""implied_prob"":0.492,""is_value"":true,""kelly_fraction"":0.1344,""market_implied_prob"":0.5236,""model_prob"":0.5876,""raw_model_prob"":0.8107,""unrealistic_flag"":true}},""expected_total"":224.377,""home_availability_profile"":{""active_players"":18,""available_core_players"":16,""doubtful_players"":0,""event_injury_burden"":1.35,""event_key_absence_score"":0.0,""event_leader_absence_burden"":0.0,""event_leader_uncertainty_burden"":0.0,""event_uncertainty_burden"":0.35,""injured_players"":2,""injury_burden"":2.0,""key_absence_score"":0.0,""leader_absence_burden"":0.0,""leader_uncertainty_burden"":0.0,""questionable_players"":0,""uncertainty_burden"":0.0},""home_bullpen_tax"":null,""home_lineup_profile"":null,""home_pitcher"":null,""home_team"":""Lakers"",""individual_models"":{""totals_model"":{""over"":0.296,""under"":0.704}},""market_type"":""total"",""model_prob"":0.8107,""model_probs"":{""over"":0.1893,""under"":0.8107},""neutral"":false,""pick"":""under"",""run_id"":""refresh-20260401T040413631597Z"",""run_type"":""refresh"",""snapshot_path"":""tracking/snapshots/2026-04-01/nba/refresh-20260401T040413631597Z.json"",""snapshot_timestamp"":""2026-04-01T04:04:13Z"",""start_time"":""2026-04-01T02:40:00Z"",""total_line"":241.5,""total_stddev"":19.451,""weather"":null}","{""pick_type"":""total_lock"",""publication_guard"":{},""selection_config"":{""confidence_floor"":54,""edge_floor"":0.02,""max_picks"":2,""min_expected_value"":0.0,""probability_floor"":0.53}}"
2026-04-05T02:58:45Z,refresh-20260401T213908093862Z,refresh,2026-04-01T21:39:08Z,tracking/snapshots/2026-04-01/nba/refresh-20260401T213908093862Z.json,nba,total_lock,total,Jazz,Nuggets,2026-04-01,2026-04-02T01:10:00Z,under,249.5,237.019,19.554,0.5715,0.5,0.5181,0.0715,0.103,-108,1.93,75.8,0.1108,0.0277,,,0.0363,,,,,,0,0.0,0.02,0.53,54,,2,,"{""over"":0.2616,""under"":0.7384}","{""totals_model"":{""over"":0.2874,""under"":0.7126}}","{""american_odds"":-108,""away_availability_profile"":{""active_players"":18,""available_core_players"":18,""doubtful_players"":0,""event_injury_burden"":2.35,""event_key_absence_score"":0.0,""event_leader_absence_burden"":0.0,""event_leader_uncertainty_burden"":0.0,""event_uncertainty_burden"":0.35,""injured_players"":0,""injury_burden"":0.0,""key_absence_score"":0.0,""leader_absence_burden"":0.0,""leader_uncertainty_burden"":0.0,""questionable_players"":0,""uncertainty_burden"":0.0},""away_bullpen_tax"":null,""away_lineup_profile"":null,""away_pitcher"":null,""away_team"":""Nuggets"",""base_expected_total"":238.533,""completed"":false,""confidence_score"":75.8,""date"":""2026-04-01"",""edges"":{""over"":{""american_odds"":-108,""confidence_score"":16.9,""decimal_odds"":1.93,""edge"":-0.0715,""expected_value"":-0.173,""fractional_kelly"":0.0,""hold"":0.0363,""implied_prob"":0.5,""is_value"":false,""kelly_fraction"":0.0,""market_implied_prob"":0.5181,""model_prob"":0.4285,""raw_model_prob"":0.2616,""unrealistic_flag"":true},""under"":{""american_odds"":-108,""confidence_score"":75.8,""decimal_odds"":1.93,""edge"":0.0715,""expected_value"":0.103,""fractional_kelly"":0.0277,""hold"":0.0363,""implied_prob"":0.5,""is_value"":true,""kelly_fraction"":0.1108,""market_implied_prob"":0.5181,""model_prob"":0.5715,""raw_model_prob"":0.7384,""unrealistic_flag"":true}},""expected_total"":237.019,""home_availability_profile"":{""active_players"":18,""available_core_players"":12,""doubtful_players"":0,""event_injury_burden"":4.35,""event_key_absence_score"":0.0,""event_leader_absence_burden"":0.0,""event_leader_uncertainty_burden"":0.0,""event_uncertainty_burden"":0.35,""injured_players"":6,""injury_burden"":6.0,""key_absence_score"":0.0,""leader_absence_burden"":0.0,""leader_uncertainty_burden"":0.0,""questionable_players"":0,""uncertainty_burden"":0.0},""home_bullpen_tax"":null,""home_lineup_profile"":null,""home_pitcher"":null,""home_team"":""Jazz"",""individual_models"":{""totals_model"":{""over"":0.2874,""under"":0.7126}},""market_type"":""total"",""model_prob"":0.7384,""model_probs"":{""over"":0.2616,""under"":0.7384},""neutral"":false,""pick"":""under"",""run_id"":""refresh-20260401T213908093862Z"",""run_type"":""refresh"",""snapshot_path"":""tracking/snapshots/2026-04-01/nba/refresh-20260401T213908093862Z.json"",""snapshot_timestamp"":""2026-04-01T21:39:08Z"",""start_time"":""2026-04-02T01:10:00Z"",""total_line"":249.5,""total_stddev"":19.554,""weather"":null}","{""pick_type"":""total_lock"",""publication_guard"":{},""selection_config"":{""confidence_floor"":54,""edge_floor"":0.02,""max_picks"":2,""min_expected_value"":0.0,""probability_floor"":0.53}}"
2026-04-05T02:58:45Z,daily-20260401T130632506536Z,daily,2026-04-01T13:06:32Z,tracking/snapshots/2026-04-01/nhl/daily-20260401T130632506536Z.json,nhl,slop_lock,moneyline,Sharks,Ducks,2026-04-01,2026-04-02T01:00Z,away,,,,0.5666,0.5051,0.5181,0.0615,0.0936,-108,1.93,58.0,0.1007,0.0201,,,0.0257,,,,,,0,0.0,0.015,0.5,50,7,4,,"{""away"":0.6077,""home"":0.3923}","{""elo"":{""away"":0.569,""home"":0.431},""nhl_matchup"":{""away"":0.7524,""home"":0.2476},""results_features"":{""away"":0.5015,""home"":0.4985}}","{""american_odds"":-108,""away_availability_profile"":null,""away_bullpen_tax"":null,""away_goalie"":""Lukas Dostal"",""away_goalie_status"":""expected"",""away_injury_profile"":{""injury_burden"":4.0,""key_absence_score"":0.0,""leader_absence_burden"":0.0,""leader_uncertainty_burden"":0.0,""uncertainty_burden"":0.0},""away_lineup_profile"":null,""away_pitcher"":null,""away_pitcher_hand"":null,""away_team"":""Ducks"",""best_odds"":{""away"":-108,""home"":-103},""completed"":false,""confidence_score"":58.0,""confidence_stars"":3,""date"":""2026-04-01"",""edge"":0.0615,""edges"":{""away"":{""american_odds"":-108,""confidence_score"":58.0,""decimal_odds"":1.93,""edge"":0.0615,""expected_value"":0.0936,""fractional_kelly"":0.0201,""hold"":0.0257,""implied_prob"":0.5051,""is_value"":false,""kelly_fraction"":0.1007,""market_implied_prob"":0.5181,""model_prob"":0.5666,""raw_model_prob"":0.6077,""unrealistic_flag"":false},""home"":{""american_odds"":-103,""confidence_score"":2.6,""decimal_odds"":1.97,""edge"":-0.0615,""expected_value"":-0.1463,""fractional_kelly"":0.0,""hold"":0.0257,""implied_prob"":0.4949,""is_value"":false,""kelly_fraction"":0.0,""market_implied_prob"":0.5076,""model_prob"":0.4334,""raw_model_prob"":0.3923,""unrealistic_flag"":false}},""expected_value"":0.0936,""fractional_kelly"":0.0201,""home_availability_profile"":null,""home_bullpen_tax"":null,""home_goalie"":""Yaroslav Askarov"",""home_goalie_status"":""expected"",""home_injury_profile"":{""injury_burden"":3.35,""key_absence_score"":0.0,""leader_absence_burden"":0.0,""leader_uncertainty_burden"":0.0,""uncertainty_burden"":0.35},""home_lineup_profile"":null,""home_pitcher"":null,""home_pitcher_hand"":null,""home_team"":""Sharks"",""individual_models"":{""elo"":{""away"":0.569,""home"":0.431},""nhl_matchup"":{""away"":0.7524,""home"":0.2476},""results_features"":{""away"":0.5015,""home"":0.4985}},""kelly_fraction"":0.1007,""matchday"":null,""model_prob"":0.6077,""model_probs"":{""away"":0.6077,""home"":0.3923},""neutral"":false,""pick"":""away"",""run_id"":""daily-20260401T130632506536Z"",""run_type"":""daily"",""snapshot_path"":""tracking/snapshots/2026-04-01/nhl/daily-20260401T130632506536Z.json"",""snapshot_timestamp"":""2026-04-01T13:06:32Z"",""start_time"":""2026-04-02T01:00Z"",""weather"":null}","{""pick_type"":""slop_lock"",""publication_guard"":{},""selection_config"":{""additional_confidence_floor"":50,""confidence_dropoff"":7,""edge_floor"":0.015,""max_picks"":4,""min_expected_value"":0.0,""probability_floor"":0.5}}"
2026-04-05T02:58:45Z,refresh-20260401T213908093862Z,refresh,2026-04-01T21:39:08Z,tracking/snapshots/2026-04-01/nhl/refresh-20260401T213908093862Z.json,nhl,slop_lock,moneyline,Kings,Blues,2026-04-01,2026-04-02T01:00Z,home,,,,0.5825,0.5657,0.5814,0.0169,0.0019,-139,1.72,0.0,0.0027,0.0005,,,0.0278,,,,,,0,0.0,0.015,0.5,50,7,4,,"{""away"":0.4062,""home"":0.5938}","{""elo"":{""away"":0.5701,""home"":0.4299},""nhl_matchup"":{""away"":0.1245,""home"":0.8755},""results_features"":{""away"":0.4888,""home"":0.5112}}","{""american_odds"":-139,""away_availability_profile"":null,""away_bullpen_tax"":null,""away_goalie"":""Jordan Binnington"",""away_goalie_status"":""confirmed"",""away_injury_profile"":{""injury_burden"":1.0,""key_absence_score"":0.0,""leader_absence_burden"":0.0,""leader_uncertainty_burden"":0.0,""uncertainty_burden"":0.0},""away_lineup_profile"":null,""away_pitcher"":null,""away_pitcher_hand"":null,""away_team"":""Blues"",""base_model_probs"":{""away"":0.3977,""home"":0.6023},""best_odds"":{""away"":124,""home"":-139},""completed"":false,""confidence_score"":27.5,""confidence_stars"":1,""date"":""2026-04-01"",""edge"":0.0169,""edges"":{""away"":{""american_odds"":124,""confidence_score"":0.0,""decimal_odds"":2.24,""edge"":-0.0169,""expected_value"":-0.0648,""fractional_kelly"":0.0,""hold"":0.0278,""implied_prob"":0.4343,""is_value"":false,""kelly_fraction"":0.0,""market_implied_prob"":0.4464,""model_prob"":0.4175,""raw_model_prob"":0.4062,""unrealistic_flag"":false},""home"":{""american_odds"":-139,""confidence_score"":0.0,""decimal_odds"":1.72,""edge"":0.0169,""expected_value"":0.0019,""fractional_kelly"":0.0005,""hold"":0.0278,""implied_prob"":0.5657,""is_value"":false,""kelly_fraction"":0.0027,""market_implied_prob"":0.5814,""model_prob"":0.5825,""raw_model_prob"":0.5938,""unrealistic_flag"":false}},""expected_value"":0.0066,""fractional_kelly"":0.0018,""home_availability_profile"":null,""home_bullpen_tax"":null,""home_goalie"":""Darcy Kuemper"",""home_goalie_status"":""expected"",""home_injury_profile"":{""injury_burden"":2.35,""key_absence_score"":0.0,""leader_absence_burden"":0.0,""leader_uncertainty_burden"":0.0,""uncertainty_burden"":0.35},""home_lineup_profile"":null,""home_pitcher"":null,""home_pitcher_hand"":null,""home_team"":""Kings"",""individual_models"":{""elo"":{""away"":0.5701,""home"":0.4299},""nhl_matchup"":{""away"":0.1245,""home"":0.8755},""results_features"":{""away"":0.4888,""home"":0.5112}},""kelly_fraction"":0.0092,""matchday"":null,""model_prob"":0.5938,""model_probs"":{""away"":0.4062,""home"":0.5938},""neutral"":false,""pick"":""home"",""run_id"":""refresh-20260401T213908093862Z"",""run_type"":""refresh"",""snapshot_path"":""tracking/snapshots/2026-04-01/nhl/refresh-20260401T213908093862Z.json"",""snapshot_timestamp"":""2026-04-01T21:39:08Z"",""start_time"":""2026-04-02T01:00Z"",""weather"":null}","{""pick_type"":""slop_lock"",""publication_guard"":{},""selection_config"":{""additional_confidence_floor"":50,""confidence_dropoff"":7,""edge_floor"":0.015,""max_picks"":4,""min_expected_value"":0.0,""probability_floor"":0.5}}"
2026-04-05T02:58:45Z,daily-20260402T125902387142Z,daily,2026-04-02T12:59:02Z,tracking/snapshots/2026-04-02/mlb/daily-20260402T125902387142Z.json,mlb,slop_lock,moneyline,Diamondbacks,Braves,2026-04-02,2026-04-03T01:40Z,home,,,,0.5449,0.4834,0.495,0.0615,0.1007,102,2.02,63.1,0.0987,0.0197,,,0.0242,,,,,,0,0.0,0.015,0.52,48,6,4,,"{""away"":0.4141,""home"":0.5859}","{""bullpen_features"":{""away"":0.5552,""home"":0.4448},""elo"":{""away"":0.4973,""home"":0.5027},""handedness_features"":{""away"":0.4859,""home"":0.5141},""pitcher_features"":{""away"":0.3999,""home"":0.6001},""results_features"":{""away"":0.3473,""home"":0.6527},""run_environment"":{""away"":0.3822,""home"":0.6178}}","{""american_odds"":102,""away_availability_profile"":null,""away_bullpen_tax"":0.409,""away_goalie"":null,""away_goalie_status"":null,""away_injury_profile"":null,""away_lineup_profile"":{""active_hitters"":13,""available_hitters"":13,""injured_hitters"":0,""key_bat_absence_score"":0.0,""leader_absence_burden"":0.0,""left_handed_batters"":5,""lefty_share"":0.3846,""right_handed_batters"":8,""righty_share"":0.6154,""switch_hitters"":0,""switch_share"":0.0},""away_pitcher"":""Reynaldo Lopez"",""away_pitcher_hand"":""R"",""away_team"":""Braves"",""best_odds"":{""away"":-112,""home"":102},""completed"":false,""confidence_score"":63.1,""confidence_stars"":2,""date"":""2026-04-02"",""edge"":0.0615,""edges"":{""away"":{""american_odds"":-112,""confidence_score"":10.5,""decimal_odds"":1.89,""edge"":-0.0615,""expected_value"":-0.1399,""fractional_kelly"":0.0,""hold"":0.0242,""implied_prob"":0.5166,""is_value"":false,""kelly_fraction"":0.0,""market_implied_prob"":0.5291,""model_prob"":0.4551,""raw_model_prob"":0.4141,""unrealistic_flag"":false},""home"":{""american_odds"":102,""confidence_score"":63.1,""decimal_odds"":2.02,""edge"":0.0615,""expected_value"":0.1007,""fractional_kelly"":0.0197,""hold"":0.0242,""implied_prob"":0.4834,""is_value"":false,""kelly_fraction"":0.0987,""market_implied_prob"":0.495,""model_prob"":0.5449,""raw_model_prob"":0.5859,""unrealistic_flag"":false}},""expected_value"":0.1007,""fractional_kelly"":0.0197,""home_availability_profile"":null,""home_bullpen_tax"":0.396,""home_goalie"":null,""home_goalie_status"":null,""home_injury_profile"":null,""home_lineup_profile"":{""active_hitters"":13,""available_hitters"":13,""injured_hitters"":0,""key_bat_absence_score"":0.0,""leader_absence_burden"":0.0,""left_handed_batters"":3,""lefty_share"":0.2308,""right_handed_batters"":10,""righty_share"":0.7692,""switch_hitters"":0,""switch_share"":0.0},""home_pitcher"":""Ryne Nelson"",""home_pitcher_hand"":""R"",""home_team"":""Diamondbacks"",""individual_models"":{""bullpen_features"":{""away"":0.5552,""home"":0.4448},""elo"":{""away"":0.4973,""home"":0.5027},""handedness_features"":{""away"":0.4859,""home"":0.5141},""pitcher_features"":{""away"":0.3999,""home"":0.6001},""results_features"":{""away"":0.3473,""home"":0.6527},""run_environment"":{""away"":0.3822,""home"":0.6178}},""kelly_fraction"":0.0987,""matchday"":null,""model_prob"":0.5859,""model_probs"":{""away"":0.4141,""home"":0.5859},""neutral"":false,""pick"":""home"",""run_id"":""daily-20260402T125902387142Z"",""run_type"":""daily"",""snapshot_path"":""tracking/snapshots/2026-04-02/mlb/daily-20260402T125902387142Z.json"",""snapshot_timestamp"":""2026-04-02T12:59:02Z"",""start_time"":""2026-04-03T01:40Z"",""weather"":{}}","{""pick_type"":""slop_lock"",""publication_guard"":{},""selection_config"":{""additional_confidence_floor"":48,""confidence_dropoff"":6,""edge_floor"":0.015,""max_picks"":4,""min_expected_value"":0.0,""probability_floor"":0.52}}"
2026-04-05T02:58:45Z,daily-20260402T125902387142Z,daily,2026-04-02T12:59:02Z,tracking/snapshots/2026-04-02/mlb/daily-20260402T125902387142Z.json,mlb,slop_lock,moneyline,Giants,Mets,2026-04-02,2026-04-03T01:45Z,home,,,,0.5439,0.4749,0.4785,0.0691,0.1368,109,2.09,57.8,0.1255,0.0251,,,0.0076,,,,,,0,0.0,0.015,0.52,48,6,4,,"{""away"":0.41,""home"":0.59}","{""bullpen_features"":{""away"":0.6435,""home"":0.3565},""elo"":{""away"":0.4527,""home"":0.5473},""handedness_features"":{""away"":0.4478,""home"":0.5522},""pitcher_features"":{""away"":0.3951,""home"":0.6049},""results_features"":{""away"":0.3311,""home"":0.6689},""run_environment"":{""away"":0.3972,""home"":0.6028}}","{""american_odds"":109,""away_availability_profile"":null,""away_bullpen_tax"":0.51,""away_goalie"":null,""away_goalie_status"":null,""away_injury_profile"":null,""away_lineup_profile"":{""active_hitters"":13,""available_hitters"":13,""injured_hitters"":0,""key_bat_absence_score"":0.0,""leader_absence_burden"":0.0,""left_handed_batters"":4,""lefty_share"":0.3077,""right_handed_batters"":9,""righty_share"":0.6923,""switch_hitters"":0,""switch_share"":0.0},""away_pitcher"":""David Peterson"",""away_pitcher_hand"":""L"",""away_team"":""Mets"",""best_odds"":{""away"":-112,""home"":109},""completed"":false,""confidence_score"":57.8,""confidence_stars"":2,""date"":""2026-04-02"",""edge"":0.0691,""edges"":{""away"":{""american_odds"":-112,""confidence_score"":5.5,""decimal_odds"":1.89,""edge"":-0.0691,""expected_value"":-0.138,""fractional_kelly"":0.0,""hold"":0.0076,""implied_prob"":0.5251,""is_value"":false,""kelly_fraction"":0.0,""market_implied_prob"":0.5291,""model_prob"":0.4561,""raw_model_prob"":0.41,""unrealistic_flag"":false},""home"":{""american_odds"":109,""confidence_score"":57.8,""decimal_odds"":2.09,""edge"":0.0691,""expected_value"":0.1368,""fractional_kelly"":0.0251,""hold"":0.0076,""implied_prob"":0.4749,""is_value"":false,""kelly_fraction"":0.1255,""market_implied_prob"":0.4785,""model_prob"":0.5439,""raw_model_prob"":0.59,""unrealistic_flag"":false}},""expected_value"":0.1368,""fractional_kelly"":0.0251,""home_availability_profile"":null,""home_bullpen_tax"":0.283,""home_goalie"":null,""home_goalie_status"":null,""home_injury_profile"":null,""home_lineup_profile"":{""active_hitters"":13,""available_hitters"":13,""injured_hitters"":0,""key_bat_absence_score"":0.0,""leader_absence_burden"":0.0,""left_handed_batters"":3,""lefty_share"":0.2308,""right_handed_batters"":10,""righty_share"":0.7692,""switch_hitters"":0,""switch_share"":0.0},""home_pitcher"":""Robbie Ray"",""home_pitcher_hand"":""L"",""home_team"":""Giants"",""individual_models"":{""bullpen_features"":{""away"":0.6435,""home"":0.3565},""elo"":{""away"":0.4527,""home"":0.5473},""handedness_features"":{""away"":0.4478,""home"":0.5522},""pitcher_features"":{""away"":0.3951,""home"":0.6049},""results_features"":{""away"":0.3311,""home"":0.6689},""run_environment"":{""away"":0.3972,""home"":0.6028}},""kelly_fraction"":0.1255,""matchday"":null,""model_prob"":0.59,""model_probs"":{""away"":0.41,""home"":0.59},""neutral"":false,""pick"":""home"",""run_id"":""daily-20260402T125902387142Z"",""run_type"":""daily"",""snapshot_path"":""tracking/snapshots/2026-04-02/mlb/daily-20260402T125902387142Z.json"",""snapshot_timestamp"":""2026-04-02T12:59:02Z"",""start_time"":""2026-04-03T01:45Z"",""weather"":{""weather_exposed"":true}}","{""pick_type"":""slop_lock"",""publication_guard"":{},""selection_config"":{""additional_confidence_floor"":48,""confidence_dropoff"":6,""edge_floor"":0.015,""max_picks"":4,""min_expected_value"":0.0,""probability_floor"":0.52}}"
2026-04-05T02:58:45Z,daily-20260402T125902387142Z,daily,2026-04-02T12:59:02Z,tracking/snapshots/2026-04-02/mlb/daily-20260402T125902387142Z.json,mlb,total_lock,total,Diamondbacks,Braves,2026-04-02,2026-04-03T01:40Z,under,8.5,7.26,4.759,0.555,0.4833,0.4975,0.0717,0.1155,101,2.01,73.4,0.1144,0.0229,,,0.0294,,,,,,0,0.0,0.02,0.53,54,,3,,"{""over"":0.3972,""under"":0.6028}","{""totals_model"":{""over"":0.3972,""under"":0.6028}}","{""american_odds"":101,""away_bullpen_tax"":0.409,""away_lineup_profile"":{""active_hitters"":13,""available_hitters"":13,""injured_hitters"":0,""key_bat_absence_score"":0.0,""leader_absence_burden"":0.0,""left_handed_batters"":5,""lefty_share"":0.3846,""right_handed_batters"":8,""righty_share"":0.6154,""switch_hitters"":0,""switch_share"":0.0},""away_pitcher"":""Reynaldo Lopez"",""away_team"":""Braves"",""completed"":false,""confidence_score"":73.4,""date"":""2026-04-02"",""edges"":{""over"":{""american_odds"":-114,""confidence_score"":16.9,""decimal_odds"":1.88,""edge"":-0.0717,""expected_value"":-0.1633,""fractional_kelly"":0.0,""hold"":0.0294,""implied_prob"":0.5167,""is_value"":false,""kelly_fraction"":0.0,""market_implied_prob"":0.5319,""model_prob"":0.445,""raw_model_prob"":0.3972,""unrealistic_flag"":false},""under"":{""american_odds"":101,""confidence_score"":73.4,""decimal_odds"":2.01,""edge"":0.0717,""expected_value"":0.1155,""fractional_kelly"":0.0229,""hold"":0.0294,""implied_prob"":0.4833,""is_value"":true,""kelly_fraction"":0.1144,""market_implied_prob"":0.4975,""model_prob"":0.555,""raw_model_prob"":0.6028,""unrealistic_flag"":false}},""expected_total"":7.26,""home_bullpen_tax"":0.396,""home_lineup_profile"":{""active_hitters"":13,""available_hitters"":13,""injured_hitters"":0,""key_bat_absence_score"":0.0,""leader_absence_burden"":0.0,""left_handed_batters"":3,""lefty_share"":0.2308,""right_handed_batters"":10,""righty_share"":0.7692,""switch_hitters"":0,""switch_share"":0.0},""home_pitcher"":""Ryne Nelson"",""home_team"":""Diamondbacks"",""individual_models"":{""totals_model"":{""over"":0.3972,""under"":0.6028}},""market_type"":""total"",""model_prob"":0.6028,""model_probs"":{""over"":0.3972,""under"":0.6028},""pick"":""under"",""run_id"":""daily-20260402T125902387142Z"",""run_type"":""daily"",""snapshot_path"":""tracking/snapshots/2026-04-02/mlb/daily-20260402T125902387142Z.json"",""snapshot_timestamp"":""2026-04-02T12:59:02Z"",""start_time"":""2026-04-03T01:40Z"",""total_line"":8.5,""total_stddev"":4.759,""weather"":{}}","{""pick_type"":""total_lock"",""publication_guard"":{},""selection_config"":{""confidence_floor"":54,""edge_floor"":0.02,""max_picks"":3,""min_expected_value"":0.0,""probability_floor"":0.53}}"
2026-04-05T02:58:45Z,daily-20260402T125902387142Z,daily,2026-04-02T12:59:02Z,tracking/snapshots/2026-04-02/mlb/daily-20260402T125902387142Z.json,mlb,total_lock,total,Giants,Mets,2026-04-02,2026-04-03T01:45Z,under,7.0,5.758,4.759,0.5495,0.4692,0.4831,0.0802,0.1374,107,2.07,72.7,0.1284,0.0257,,,0.0295,,,,,,0,0.0,0.02,0.53,54,,3,,"{""over"":0.3971,""under"":0.6029}","{""totals_model"":{""over"":0.3971,""under"":0.6029}}","{""american_odds"":107,""away_bullpen_tax"":0.51,""away_lineup_profile"":{""active_hitters"":13,""available_hitters"":13,""injured_hitters"":0,""key_bat_absence_score"":0.0,""leader_absence_burden"":0.0,""left_handed_batters"":4,""lefty_share"":0.3077,""right_handed_batters"":9,""righty_share"":0.6923,""switch_hitters"":0,""switch_share"":0.0},""away_pitcher"":""David Peterson"",""away_team"":""Mets"",""completed"":false,""confidence_score"":72.7,""date"":""2026-04-02"",""edges"":{""over"":{""american_odds"":-120,""confidence_score"":18.8,""decimal_odds"":1.83,""edge"":-0.0802,""expected_value"":-0.1755,""fractional_kelly"":0.0,""hold"":0.0295,""implied_prob"":0.5308,""is_value"":false,""kelly_fraction"":0.0,""market_implied_prob"":0.5464,""model_prob"":0.4505,""raw_model_prob"":0.3971,""unrealistic_flag"":false},""under"":{""american_odds"":107,""confidence_score"":72.7,""decimal_odds"":2.07,""edge"":0.0802,""expected_value"":0.1374,""fractional_kelly"":0.0257,""hold"":0.0295,""implied_prob"":0.4692,""is_value"":true,""kelly_fraction"":0.1284,""market_implied_prob"":0.4831,""model_prob"":0.5495,""raw_model_prob"":0.6029,""unrealistic_flag"":false}},""expected_total"":5.758,""home_bullpen_tax"":0.283,""home_lineup_profile"":{""active_hitters"":13,""available_hitters"":13,""injured_hitters"":0,""key_bat_absence_score"":0.0,""leader_absence_burden"":0.0,""left_handed_batters"":3,""lefty_share"":0.2308,""right_handed_batters"":10,""righty_share"":0.7692,""switch_hitters"":0,""switch_share"":0.0},""home_pitcher"":""Robbie Ray"",""home_team"":""Giants"",""individual_models"":{""totals_model"":{""over"":0.3971,""under"":0.6029}},""market_type"":""total"",""model_prob"":0.6029,""model_probs"":{""over"":0.3971,""under"":0.6029},""pick"":""under"",""run_id"":""daily-20260402T125902387142Z"",""run_type"":""daily"",""snapshot_path"":""tracking/snapshots/2026-04-02/mlb/daily-20260402T125902387142Z.json"",""snapshot_timestamp"":""2026-04-02T12:59:02Z"",""start_time"":""2026-04-03T01:45Z"",""total_line"":7.0,""total_stddev"":4.759,""weather"":{""weather_exposed"":true}}","{""pick_type"":""total_lock"",""publication_guard"":{},""selection_config"":{""confidence_floor"":54,""edge_floor"":0.02,""max_picks"":3,""min_expected_value"":0.0,""probability_floor"":0.53}}"
2026-04-05T02:58:45Z,daily-20260402T125902387142Z,daily,2026-04-02T12:59:02Z,tracking/snapshots/2026-04-02/nba/daily-20260402T125902387142Z.json,nba,slop_lock,moneyline,Clippers,Spurs,2026-04-02,2026-04-03T02:30Z,away,,,,0.7159,0.6083,0.6211,0.1077,0.1527,-164,1.61,76.9,0.2503,0.0626,,,0.0211,,,,,,0,0.0,0.02,0.5,52,8,5,,"{""away"":0.7877,""home"":0.2123}","{""efficiency"":{""away"":0.5469,""home"":0.4531},""elo"":{""away"":0.8388,""home"":0.1612},""four_factors"":{""away"":0.4946,""home"":0.5054},""nba_matchup"":{""away"":0.5802,""home"":0.4198},""recent_boxscore"":{""away"":0.5697,""home"":0.4303},""results_features"":{""away"":0.6492,""home"":0.3508}}","{""american_odds"":-164,""away_availability_profile"":{""active_players"":18,""available_core_players"":17,""doubtful_players"":0,""event_injury_burden"":1.7,""event_key_absence_score"":0.0,""event_leader_absence_burden"":0.0,""event_leader_uncertainty_burden"":0.0,""event_uncertainty_burden"":0.7,""injured_players"":1,""injury_burden"":1.0,""key_absence_score"":0.0,""leader_absence_burden"":0.0,""leader_uncertainty_burden"":0.0,""questionable_players"":0,""uncertainty_burden"":0.0},""away_bullpen_tax"":null,""away_goalie"":null,""away_goalie_status"":null,""away_injury_profile"":null,""away_lineup_profile"":null,""away_pitcher"":null,""away_pitcher_hand"":null,""away_team"":""Spurs"",""best_odds"":{""away"":-164,""home"":150},""completed"":false,""confidence_score"":76.9,""confidence_stars"":5,""date"":""2026-04-02"",""edge"":0.1077,""edges"":{""away"":{""american_odds"":-164,""confidence_score"":76.9,""decimal_odds"":1.61,""edge"":0.1077,""expected_value"":0.1527,""fractional_kelly"":0.0626,""hold"":0.0211,""implied_prob"":0.6083,""is_value"":true,""kelly_fraction"":0.2503,""market_implied_prob"":0.6211,""model_prob"":0.7159,""raw_model_prob"":0.7877,""unrealistic_flag"":false},""home"":{""american_odds"":150,""confidence_score"":1.4,""decimal_odds"":2.5,""edge"":-0.1077,""expected_value"":-0.2898,""fractional_kelly"":0.0,""hold"":0.0211,""implied_prob"":0.3917,""is_value"":false,""kelly_fraction"":0.0,""market_implied_prob"":0.4,""model_prob"":0.2841,""raw_model_prob"":0.2123,""unrealistic_flag"":false}},""expected_value"":0.1527,""fractional_kelly"":0.0626,""home_availability_profile"":{""active_players"":18,""available_core_players"":15,""doubtful_players"":0,""event_injury_burden"":3.0,""event_key_absence_score"":0.0,""event_leader_absence_burden"":0.0,""event_leader_uncertainty_burden"":0.0,""event_uncertainty_burden"":0.0,""injured_players"":3,""injury_burden"":2.35,""key_absence_score"":0.0,""leader_absence_burden"":0.0,""leader_uncertainty_burden"":0.0,""questionable_players"":0,""uncertainty_burden"":0.0},""home_bullpen_tax"":null,""home_goalie"":null,""home_goalie_status"":null,""home_injury_profile"":null,""home_lineup_profile"":null,""home_pitcher"":null,""home_pitcher_hand"":null,""home_team"":""Clippers"",""individual_models"":{""efficiency"":{""away"":0.5469,""home"":0.4531},""elo"":{""away"":0.8388,""home"":0.1612},""four_factors"":{""away"":0.4946,""home"":0.5054},""nba_matchup"":{""away"":0.5802,""home"":0.4198},""recent_boxscore"":{""away"":0.5697,""home"":0.4303},""results_features"":{""away"":0.6492,""home"":0.3508}},""kelly_fraction"":0.2503,""matchday"":null,""model_prob"":0.7877,""model_probs"":{""away"":0.7877,""home"":0.2123},""neutral"":false,""pick"":""away"",""run_id"":""daily-20260402T125902387142Z"",""run_type"":""daily"",""snapshot_path"":""tracking/snapshots/2026-04-02/nba/daily-20260402T125902387142Z.json"",""snapshot_timestamp"":""2026-04-02T12:59:02Z"",""start_time"":""2026-04-03T02:30Z"",""weather"":null}","{""pick_type"":""slop_lock"",""publication_guard"":{},""selection_config"":{""additional_confidence_floor"":52,""confidence_dropoff"":8,""edge_floor"":0.02,""max_picks"":5,""min_expected_value"":0.0,""probability_floor"":0.5}}"
2026-04-05T02:58:45Z,daily-20260402T125902387142Z,daily,2026-04-02T12:59:02Z,tracking/snapshots/2026-04-02/nba/daily-20260402T125902387142Z.json,nba,slop_lock,moneyline,Pistons,Timberwolves,2026-04-02,2026-04-02T23:00Z,home,,,,0.639,0.5885,0.6061,0.0504,0.0543,-154,1.65,65.4,0.0835,0.0209,,,0.0298,,,,,,0,0.0,0.02,0.5,52,8,5,"{""execution_prices"":{""away"":2.36,""home"":1.65}}","{""away"":0.3274,""home"":0.6726}","{""efficiency"":{""away"":0.3498,""home"":0.6502},""elo"":{""away"":0.2378,""home"":0.7622},""four_factors"":{""away"":0.4438,""home"":0.5562},""nba_matchup"":{""away"":0.421,""home"":0.579},""recent_boxscore"":{""away"":0.3723,""home"":0.6277},""results_features"":{""away"":0.3807,""home"":0.6193}}","{""american_odds"":-154,""away_availability_profile"":{""active_players"":18,""available_core_players"":14,""doubtful_players"":0,""event_injury_burden"":1.7,""event_key_absence_score"":0.35,""event_leader_absence_burden"":0.525,""event_leader_uncertainty_burden"":0.525,""event_uncertainty_burden"":0.7,""injured_players"":4,""injury_burden"":2.7,""key_absence_score"":1.0,""leader_absence_burden"":1.5,""leader_uncertainty_burden"":0.0,""questionable_players"":2,""uncertainty_burden"":0.7},""away_bullpen_tax"":null,""away_goalie"":null,""away_goalie_status"":null,""away_injury_profile"":null,""away_lineup_profile"":null,""away_pitcher"":null,""away_pitcher_hand"":null,""away_team"":""Timberwolves"",""best_odds"":{""away"":136,""home"":-154},""completed"":false,""confidence_score"":65.4,""confidence_stars"":3,""date"":""2026-04-02"",""edge"":0.0504,""edges"":{""away"":{""american_odds"":136,""confidence_score"":8.5,""decimal_odds"":2.36,""edge"":-0.0504,""expected_value"":-0.148,""fractional_kelly"":0.0,""hold"":0.0298,""implied_prob"":0.4115,""is_value"":false,""kelly_fraction"":0.0,""market_implied_prob"":0.4237,""model_prob"":0.361,""raw_model_prob"":0.3274,""unrealistic_flag"":false},""home"":{""american_odds"":-154,""confidence_score"":65.4,""decimal_odds"":1.65,""edge"":0.0504,""expected_value"":0.0543,""fractional_kelly"":0.0209,""hold"":0.0298,""implied_prob"":0.5885,""is_value"":true,""kelly_fraction"":0.0835,""market_implied_prob"":0.6061,""model_prob"":0.639,""raw_model_prob"":0.6726,""unrealistic_flag"":false}},""expected_value"":0.0543,""fractional_kelly"":0.0209,""home_availability_profile"":{""active_players"":18,""available_core_players"":11,""doubtful_players"":0,""event_injury_burden"":2.35,""event_key_absence_score"":0.0,""event_leader_absence_burden"":0.0,""event_leader_uncertainty_burden"":0.0,""event_uncertainty_burden"":0.35,""injured_players"":7,""injury_burden"":3.75,""key_absence_score"":0.35,""leader_absence_burden"":0.752,""leader_uncertainty_burden"":0.752,""questionable_players"":5,""uncertainty_burden"":1.75},""home_bullpen_tax"":null,""home_goalie"":null,""home_goalie_status"":null,""home_injury_profile"":null,""home_lineup_profile"":null,""home_pitcher"":null,""home_pitcher_hand"":null,""home_team"":""Pistons"",""individual_models"":{""efficiency"":{""away"":0.3498,""home"":0.6502},""elo"":{""away"":0.2378,""home"":0.7622},""four_factors"":{""away"":0.4438,""home"":0.5562},""nba_matchup"":{""away"":0.421,""home"":0.579},""recent_boxscore"":{""away"":0.3723,""home"":0.6277},""results_features"":{""away"":0.3807,""home"":0.6193}},""kelly_fraction"":0.0835,""matchday"":null,""model_prob"":0.6726,""model_probs"":{""away"":0.3274,""home"":0.6726},""neutral"":false,""pick"":""home"",""run_id"":""daily-20260402T125902387142Z"",""run_type"":""daily"",""snapshot_path"":""tracking/snapshots/2026-04-02/nba/daily-20260402T125902387142Z.json"",""snapshot_timestamp"":""2026-04-02T12:59:02Z"",""start_time"":""2026-04-02T23:00Z"",""weather"":null}","{""pick_type"":""slop_lock"",""publication_guard"":{},""selection_config"":{""additional_confidence_floor"":52,""confidence_dropoff"":8,""edge_floor"":0.02,""max_picks"":5,""min_expected_value"":0.0,""probability_floor"":0.5}}"
2026-04-05T02:58:45Z,daily-20260402T125902387142Z,daily,2026-04-02T12:59:02Z,tracking/snapshots/2026-04-02/nba/daily-20260402T125902387142Z.json,nba,slop_lock,moneyline,Hornets,Suns,2026-04-02,2026-04-02T23:00Z,home,,,,0.6895,0.6512,0.6667,0.0384,0.0343,-200,1.5,61.8,0.0686,0.0171,,,0.0238,,,,,,0,0.0,0.02,0.5,52,8,5,"{""execution_prices"":{""away"":2.8,""home"":1.5}}","{""away"":0.2849,""home"":0.7151}","{""efficiency"":{""away"":0.382,""home"":0.618},""elo"":{""away"":0.1723,""home"":0.8277},""four_factors"":{""away"":0.406,""home"":0.594},""nba_matchup"":{""away"":0.3836,""home"":0.6164},""recent_boxscore"":{""away"":0.3721,""home"":0.6279},""results_features"":{""away"":0.346,""home"":0.654}}","{""american_odds"":-200,""away_availability_profile"":{""active_players"":18,""available_core_players"":14,""doubtful_players"":0,""event_injury_burden"":3.0,""event_key_absence_score"":0.0,""event_leader_absence_burden"":0.0,""event_leader_uncertainty_burden"":0.0,""event_uncertainty_burden"":0.0,""injured_players"":4,""injury_burden"":4.0,""key_absence_score"":0.0,""leader_absence_burden"":0.0,""leader_uncertainty_burden"":0.0,""questionable_players"":0,""uncertainty_burden"":0.0},""away_bullpen_tax"":null,""away_goalie"":null,""away_goalie_status"":null,""away_injury_profile"":null,""away_lineup_profile"":null,""away_pitcher"":null,""away_pitcher_hand"":null,""away_team"":""Suns"",""best_odds"":{""away"":180,""home"":-200},""completed"":false,""confidence_score"":61.8,""confidence_stars"":2,""date"":""2026-04-02"",""edge"":0.0384,""edges"":{""away"":{""american_odds"":180,""confidence_score"":6.5,""decimal_odds"":2.8,""edge"":-0.0384,""expected_value"":-0.1307,""fractional_kelly"":0.0,""hold"":0.0238,""implied_prob"":0.3488,""is_value"":false,""kelly_fraction"":0.0,""market_implied_prob"":0.3571,""model_prob"":0.3105,""raw_model_prob"":0.2849,""unrealistic_flag"":false},""home"":{""american_odds"":-200,""confidence_score"":61.8,""decimal_odds"":1.5,""edge"":0.0384,""expected_value"":0.0343,""fractional_kelly"":0.0171,""hold"":0.0238,""implied_prob"":0.6512,""is_value"":false,""kelly_fraction"":0.0686,""market_implied_prob"":0.6667,""model_prob"":0.6895,""raw_model_prob"":0.7151,""unrealistic_flag"":false}},""expected_value"":0.0343,""fractional_kelly"":0.0171,""home_availability_profile"":{""active_players"":18,""available_core_players"":17,""doubtful_players"":0,""event_injury_burden"":1.0,""event_key_absence_score"":0.0,""event_leader_absence_burden"":0.0,""event_leader_uncertainty_burden"":0.0,""event_uncertainty_burden"":0.0,""injured_players"":1,""injury_burden"":1.0,""key_absence_score"":0.0,""leader_absence_burden"":0.0,""leader_uncertainty_burden"":0.0,""questionable_players"":0,""uncertainty_burden"":0.0},""home_bullpen_tax"":null,""home_goalie"":null,""home_goalie_status"":null,""home_injury_profile"":null,""home_lineup_profile"":null,""home_pitcher"":null,""home_pitcher_hand"":null,""home_team"":""Hornets"",""individual_models"":{""efficiency"":{""away"":0.382,""home"":0.618},""elo"":{""away"":0.1723,""home"":0.8277},""four_factors"":{""away"":0.406,""home"":0.594},""nba_matchup"":{""away"":0.3836,""home"":0.6164},""recent_boxscore"":{""away"":0.3721,""home"":0.6279},""results_features"":{""away"":0.346,""home"":0.654}},""kelly_fraction"":0.0686,""matchday"":null,""model_prob"":0.7151,""model_probs"":{""away"":0.2849,""home"":0.7151},""neutral"":false,""pick"":""home"",""run_id"":""daily-20260402T125902387142Z"",""run_type"":""daily"",""snapshot_path"":""tracking/snapshots/2026-04-02/nba/daily-20260402T125902387142Z.json"",""snapshot_timestamp"":""2026-04-02T12:59:02Z"",""start_time"":""2026-04-02T23:00Z"",""weather"":null}","{""pick_type"":""slop_lock"",""publication_guard"":{},""selection_config"":{""additional_confidence_floor"":52,""confidence_dropoff"":8,""edge_floor"":0.02,""max_picks"":5,""min_expected_value"":0.0,""probability_floor"":0.5}}"
2026-04-05T02:58:45Z,daily-20260402T125902387142Z,daily,2026-04-02T12:59:02Z,tracking/snapshots/2026-04-02/nba/daily-20260402T125902387142Z.json,nba,total_lock,total,Trail Blazers,Pelicans,2026-04-02,2026-04-03T02:00Z,under,232.0,221.754,19.609,0.5507,0.487,0.5051,0.0637,0.0905,-102,1.98,70.9,0.0923,0.0231,,,0.037,,,,,,0,0.0,0.02,0.53,54,,2,,"{""over"":0.3007,""under"":0.6993}","{""totals_model"":{""over"":0.3007,""under"":0.6993}}","{""american_odds"":-102,""away_bullpen_tax"":null,""away_lineup_profile"":null,""away_pitcher"":null,""away_team"":""Pelicans"",""completed"":false,""confidence_score"":70.9,""date"":""2026-04-02"",""edges"":{""over"":{""american_odds"":-114,""confidence_score"":16.9,""decimal_odds"":1.88,""edge"":-0.0637,""expected_value"":-0.1554,""fractional_kelly"":0.0,""hold"":0.037,""implied_prob"":0.513,""is_value"":false,""kelly_fraction"":0.0,""market_implied_prob"":0.5319,""model_prob"":0.4493,""raw_model_prob"":0.3007,""unrealistic_flag"":true},""under"":{""american_odds"":-102,""confidence_score"":70.9,""decimal_odds"":1.98,""edge"":0.0637,""expected_value"":0.0905,""fractional_kelly"":0.0231,""hold"":0.037,""implied_prob"":0.487,""is_value"":true,""kelly_fraction"":0.0923,""market_implied_prob"":0.5051,""model_prob"":0.5507,""raw_model_prob"":0.6993,""unrealistic_flag"":true}},""expected_total"":221.754,""home_bullpen_tax"":null,""home_lineup_profile"":null,""home_pitcher"":null,""home_team"":""Trail Blazers"",""individual_models"":{""totals_model"":{""over"":0.3007,""under"":0.6993}},""market_type"":""total"",""model_prob"":0.6993,""model_probs"":{""over"":0.3007,""under"":0.6993},""pick"":""under"",""run_id"":""daily-20260402T125902387142Z"",""run_type"":""daily"",""snapshot_path"":""tracking/snapshots/2026-04-02/nba/daily-20260402T125902387142Z.json"",""snapshot_timestamp"":""2026-04-02T12:59:02Z"",""start_time"":""2026-04-03T02:00Z"",""total_line"":232.0,""total_stddev"":19.609,""weather"":null}","{""pick_type"":""total_lock"",""publication_guard"":{},""selection_config"":{""confidence_floor"":54,""edge_floor"":0.02,""max_picks"":2,""min_expected_value"":0.0,""probability_floor"":0.53}}"
2026-04-05T02:58:45Z,daily-20260402T125902387142Z,daily,2026-04-02T12:59:02Z,tracking/snapshots/2026-04-02/nba/daily-20260402T125902387142Z.json,nba,total_lock,total,Warriors,Cavaliers,2026-04-02,2026-04-03T02:00Z,over,227.5,231.757,19.609,0.5526,0.5026,0.5181,0.05,0.0665,-108,1.93,63.1,0.0715,0.0179,,,0.031,,,,,,0,0.0,0.02,0.53,54,,2,,"{""over"":0.5859,""under"":0.4141}","{""totals_model"":{""over"":0.5859,""under"":0.4141}}","{""american_odds"":-108,""away_bullpen_tax"":null,""away_lineup_profile"":null,""away_pitcher"":null,""away_team"":""Cavaliers"",""completed"":false,""confidence_score"":63.1,""date"":""2026-04-02"",""edges"":{""over"":{""american_odds"":-108,""confidence_score"":63.1,""decimal_odds"":1.93,""edge"":0.05,""expected_value"":0.0665,""fractional_kelly"":0.0179,""hold"":0.031,""implied_prob"":0.5026,""is_value"":false,""kelly_fraction"":0.0715,""market_implied_prob"":0.5181,""model_prob"":0.5526,""raw_model_prob"":0.5859,""unrealistic_flag"":false},""under"":{""american_odds"":-105,""confidence_score"":16.9,""decimal_odds"":1.95,""edge"":-0.05,""expected_value"":-0.1276,""fractional_kelly"":0.0,""hold"":0.031,""implied_prob"":0.4974,""is_value"":false,""kelly_fraction"":0.0,""market_implied_prob"":0.5128,""model_prob"":0.4474,""raw_model_prob"":0.4141,""unrealistic_flag"":false}},""expected_total"":231.757,""home_bullpen_tax"":null,""home_lineup_profile"":null,""home_pitcher"":null,""home_team"":""Warriors"",""individual_models"":{""totals_model"":{""over"":0.5859,""under"":0.4141}},""market_type"":""total"",""model_prob"":0.5859,""model_probs"":{""over"":0.5859,""under"":0.4141},""pick"":""over"",""run_id"":""daily-20260402T125902387142Z"",""run_type"":""daily"",""snapshot_path"":""tracking/snapshots/2026-04-02/nba/daily-20260402T125902387142Z.json"",""snapshot_timestamp"":""2026-04-02T12:59:02Z"",""start_time"":""2026-04-03T02:00Z"",""total_line"":227.5,""total_stddev"":19.609,""weather"":null}","{""pick_type"":""total_lock"",""publication_guard"":{},""selection_config"":{""confidence_floor"":54,""edge_floor"":0.02,""max_picks"":2,""min_expected_value"":0.0,""probability_floor"":0.53}}"
2026-04-05T02:58:45Z,refresh-20260402T213457016222Z,refresh,2026-04-02T21:34:57Z,tracking/snapshots/2026-04-02/nba/refresh-20260402T213457016222Z.json,nba,total_lock,total,Hornets,Suns,2026-04-02,2026-04-02T23:10:00Z,under,225.5,218.516,19.609,0.584,0.5013,0.5181,0.0827,0.1271,-108,1.93,77.5,0.1367,0.0342,,,0.0336,,,,,,0,0.0,0.02,0.53,54,,2,"{""execution_prices"":{""over"":1.94,""under"":1.93},""line"":225.5}","{""over"":0.3609,""under"":0.6391}","{""totals_model"":{""over"":0.4343,""under"":0.5657}}","{""american_odds"":-108,""away_availability_profile"":{""active_players"":18,""available_core_players"":14,""doubtful_players"":0,""event_injury_burden"":3.0,""event_key_absence_score"":0.0,""event_leader_absence_burden"":0.0,""event_leader_uncertainty_burden"":0.0,""event_uncertainty_burden"":0.0,""injured_players"":4,""injury_burden"":4.0,""key_absence_score"":0.0,""leader_absence_burden"":0.0,""leader_uncertainty_burden"":0.0,""questionable_players"":0,""uncertainty_burden"":0.0},""away_bullpen_tax"":null,""away_lineup_profile"":null,""away_pitcher"":null,""away_team"":""Suns"",""base_expected_total"":219.754,""completed"":false,""confidence_score"":77.5,""date"":""2026-04-02"",""edges"":{""over"":{""american_odds"":-106,""confidence_score"":16.9,""decimal_odds"":1.94,""edge"":-0.0827,""expected_value"":-0.193,""fractional_kelly"":0.0,""hold"":0.0336,""implied_prob"":0.4987,""is_value"":false,""kelly_fraction"":0.0,""market_implied_prob"":0.5155,""model_prob"":0.416,""raw_model_prob"":0.3609,""unrealistic_flag"":false},""under"":{""american_odds"":-108,""confidence_score"":77.5,""decimal_odds"":1.93,""edge"":0.0827,""expected_value"":0.1271,""fractional_kelly"":0.0342,""hold"":0.0336,""implied_prob"":0.5013,""is_value"":true,""kelly_fraction"":0.1367,""market_implied_prob"":0.5181,""model_prob"":0.584,""raw_model_prob"":0.6391,""unrealistic_flag"":false}},""expected_total"":218.516,""home_availability_profile"":{""active_players"":18,""available_core_players"":17,""doubtful_players"":0,""event_injury_burden"":1.0,""event_key_absence_score"":0.0,""event_leader_absence_burden"":0.0,""event_leader_uncertainty_burden"":0.0,""event_uncertainty_burden"":0.0,""injured_players"":1,""injury_burden"":1.0,""key_absence_score"":0.0,""leader_absence_burden"":0.0,""leader_uncertainty_burden"":0.0,""questionable_players"":0,""uncertainty_burden"":0.0},""home_bullpen_tax"":null,""home_lineup_profile"":null,""home_pitcher"":null,""home_team"":""Hornets"",""individual_models"":{""totals_model"":{""over"":0.4343,""under"":0.5657}},""market_type"":""total"",""model_prob"":0.6391,""model_probs"":{""over"":0.3609,""under"":0.6391},""neutral"":false,""pick"":""under"",""run_id"":""refresh-20260402T213457016222Z"",""run_type"":""refresh"",""snapshot_path"":""tracking/snapshots/2026-04-02/nba/refresh-20260402T213457016222Z.json"",""snapshot_timestamp"":""2026-04-02T21:34:57Z"",""start_time"":""2026-04-02T23:10:00Z"",""total_line"":225.5,""total_stddev"":19.609,""weather"":null}","{""pick_type"":""total_lock"",""publication_guard"":{},""selection_config"":{""confidence_floor"":54,""edge_floor"":0.02,""max_picks"":2,""min_expected_value"":0.0,""probability_floor"":0.53}}"
2026-04-05T02:58:45Z,daily-20260402T125902387142Z,daily,2026-04-02T12:59:02Z,tracking/snapshots/2026-04-02/nhl/daily-20260402T125902387142Z.json,nhl,slop_lock,moneyline,Kings,Predators,2026-04-02,2026-04-03T02:30Z,away,,,,0.5113,0.473,0.4878,0.0382,0.0481,105,2.05,53.2,0.0458,0.0092,,,0.0313,,,,,,0,0.0,0.015,0.5,50,7,4,,"{""away"":0.5367,""home"":0.4633}","{""elo"":{""away"":0.5529,""home"":0.4471},""nhl_matchup"":{""away"":0.536,""home"":0.464},""results_features"":{""away"":0.521,""home"":0.479}}","{""american_odds"":105,""away_availability_profile"":null,""away_bullpen_tax"":null,""away_goalie"":""Juuse Saros"",""away_goalie_status"":""expected"",""away_injury_profile"":{""injury_burden"":0.0,""key_absence_score"":0.0,""leader_absence_burden"":0.0,""leader_uncertainty_burden"":0.0,""uncertainty_burden"":0.0},""away_lineup_profile"":null,""away_pitcher"":null,""away_pitcher_hand"":null,""away_team"":""Predators"",""best_odds"":{""away"":105,""home"":-119},""completed"":false,""confidence_score"":53.2,""confidence_stars"":1,""date"":""2026-04-02"",""edge"":0.0382,""edges"":{""away"":{""american_odds"":105,""confidence_score"":53.2,""decimal_odds"":2.05,""edge"":0.0382,""expected_value"":0.0481,""fractional_kelly"":0.0092,""hold"":0.0313,""implied_prob"":0.473,""is_value"":false,""kelly_fraction"":0.0458,""market_implied_prob"":0.4878,""model_prob"":0.5113,""raw_model_prob"":0.5367,""unrealistic_flag"":false},""home"":{""american_odds"":-119,""confidence_score"":27.7,""decimal_odds"":1.84,""edge"":-0.0382,""expected_value"":-0.1007,""fractional_kelly"":0.0,""hold"":0.0313,""implied_prob"":0.527,""is_value"":false,""kelly_fraction"":0.0,""market_implied_prob"":0.5435,""model_prob"":0.4887,""raw_model_prob"":0.4633,""unrealistic_flag"":false}},""expected_value"":0.0481,""fractional_kelly"":0.0092,""home_availability_profile"":null,""home_bullpen_tax"":null,""home_goalie"":""Darcy Kuemper"",""home_goalie_status"":""confirmed"",""home_injury_profile"":{""injury_burden"":3.0,""key_absence_score"":0.0,""leader_absence_burden"":0.0,""leader_uncertainty_burden"":0.0,""uncertainty_burden"":0.0},""home_lineup_profile"":null,""home_pitcher"":null,""home_pitcher_hand"":null,""home_team"":""Kings"",""individual_models"":{""elo"":{""away"":0.5529,""home"":0.4471},""nhl_matchup"":{""away"":0.536,""home"":0.464},""results_features"":{""away"":0.521,""home"":0.479}},""kelly_fraction"":0.0458,""matchday"":null,""model_prob"":0.5367,""model_probs"":{""away"":0.5367,""home"":0.4633},""neutral"":false,""pick"":""away"",""run_id"":""daily-20260402T125902387142Z"",""run_type"":""daily"",""snapshot_path"":""tracking/snapshots/2026-04-02/nhl/daily-20260402T125902387142Z.json"",""snapshot_timestamp"":""2026-04-02T12:59:02Z"",""start_time"":""2026-04-03T02:30Z"",""weather"":null}","{""pick_type"":""slop_lock"",""publication_guard"":{},""selection_config"":{""additional_confidence_floor"":50,""confidence_dropoff"":7,""edge_floor"":0.015,""max_picks"":4,""min_expected_value"":0.0,""probability_floor"":0.5}}"
2026-04-05T02:58:45Z,refresh-20260402T213457016222Z,refresh,2026-04-02T21:34:57Z,tracking/snapshots/2026-04-02/nhl/refresh-20260402T213457016222Z.json,nhl,slop_lock,moneyline,Rangers,Canadiens,2026-04-02,2026-04-02T23:00Z,home,,,,0.5086,0.466,0.4717,0.0426,0.0782,112,2.12,0.0,0.0698,0.014,,,0.0122,,,,,,0,0.0,0.015,0.5,50,7,4,"{""execution_prices"":{""away"":1.85,""home"":2.12}}","{""away"":0.4631,""home"":0.5369}","{""elo"":{""away"":0.7093,""home"":0.2907},""nhl_matchup"":{""away"":0.1682,""home"":0.8318},""results_features"":{""away"":0.518,""home"":0.482}}","{""american_odds"":112,""away_availability_profile"":null,""away_bullpen_tax"":null,""away_goalie"":""Jacob Fowler"",""away_goalie_status"":""confirmed"",""away_injury_profile"":{""injury_burden"":4.0,""key_absence_score"":0.0,""leader_absence_burden"":0.0,""leader_uncertainty_burden"":0.0,""uncertainty_burden"":0.0},""away_lineup_profile"":null,""away_pitcher"":null,""away_pitcher_hand"":null,""away_team"":""Canadiens"",""base_model_probs"":{""away"":0.4661,""home"":0.5339},""best_odds"":{""away"":-118,""home"":112},""completed"":false,""confidence_score"":45.2,""confidence_stars"":1,""date"":""2026-04-02"",""edge"":0.0426,""edges"":{""away"":{""american_odds"":-118,""confidence_score"":0.0,""decimal_odds"":1.85,""edge"":-0.0426,""expected_value"":-0.0908,""fractional_kelly"":0.0,""hold"":0.0122,""implied_prob"":0.534,""is_value"":false,""kelly_fraction"":0.0,""market_implied_prob"":0.5405,""model_prob"":0.4914,""raw_model_prob"":0.4631,""unrealistic_flag"":false},""home"":{""american_odds"":112,""confidence_score"":0.0,""decimal_odds"":2.12,""edge"":0.0426,""expected_value"":0.0782,""fractional_kelly"":0.014,""hold"":0.0122,""implied_prob"":0.466,""is_value"":false,""kelly_fraction"":0.0698,""market_implied_prob"":0.4717,""model_prob"":0.5086,""raw_model_prob"":0.5369,""unrealistic_flag"":false}},""expected_value"":0.1355,""fractional_kelly"":0.0204,""home_availability_profile"":null,""home_bullpen_tax"":null,""home_goalie"":""Igor Shesterkin"",""home_goalie_status"":""confirmed"",""home_injury_profile"":{""injury_burden"":2.35,""key_absence_score"":0.0,""leader_absence_burden"":0.0,""leader_uncertainty_burden"":0.0,""uncertainty_burden"":0.35},""home_lineup_profile"":null,""home_pitcher"":null,""home_pitcher_hand"":null,""home_team"":""Rangers"",""individual_models"":{""elo"":{""away"":0.7093,""home"":0.2907},""nhl_matchup"":{""away"":0.1682,""home"":0.8318},""results_features"":{""away"":0.518,""home"":0.482}},""kelly_fraction"":0.1019,""matchday"":null,""model_prob"":0.5369,""model_probs"":{""away"":0.4631,""home"":0.5369},""neutral"":false,""pick"":""home"",""run_id"":""refresh-20260402T213457016222Z"",""run_type"":""refresh"",""snapshot_path"":""tracking/snapshots/2026-04-02/nhl/refresh-20260402T213457016222Z.json"",""snapshot_timestamp"":""2026-04-02T21:34:57Z"",""start_time"":""2026-04-02T23:00Z"",""weather"":null}","{""pick_type"":""slop_lock"",""publication_guard"":{},""selection_config"":{""additional_confidence_floor"":50,""confidence_dropoff"":7,""edge_floor"":0.015,""max_picks"":4,""min_expected_value"":0.0,""probability_floor"":0.5}}"
2026-04-05T02:58:45Z,refresh-20260402T213457016222Z,refresh,2026-04-02T21:34:57Z,tracking/snapshots/2026-04-02/nhl/refresh-20260402T213457016222Z.json,nhl,slop_lock,moneyline,Senators,Sabres,2026-04-02,2026-04-02T23:00Z,away,,,,0.5174,0.4898,0.5,0.0276,0.0347,100,2.0,0.0,0.0347,0.0069,,,0.0208,,,,,,0,0.0,0.015,0.5,50,7,4,"{""execution_prices"":{""away"":2.0,""home"":1.92}}","{""away"":0.5357,""home"":0.4643}","{""elo"":{""away"":0.5959,""home"":0.4041},""nhl_matchup"":{""away"":0.5381,""home"":0.4619},""results_features"":{""away"":0.4857,""home"":0.5143}}","{""american_odds"":100,""away_availability_profile"":null,""away_bullpen_tax"":null,""away_goalie"":""Ukko-Pekka Luukkonen"",""away_goalie_status"":""expected"",""away_injury_profile"":{""injury_burden"":4.0,""key_absence_score"":0.0,""leader_absence_burden"":0.0,""leader_uncertainty_burden"":0.0,""uncertainty_burden"":0.0},""away_lineup_profile"":null,""away_pitcher"":null,""away_pitcher_hand"":null,""away_team"":""Sabres"",""base_model_probs"":{""away"":0.5389,""home"":0.4611},""best_odds"":{""away"":100,""home"":-109},""completed"":false,""confidence_score"":45.8,""confidence_stars"":1,""date"":""2026-04-02"",""edge"":0.0276,""edges"":{""away"":{""american_odds"":100,""confidence_score"":0.0,""decimal_odds"":2.0,""edge"":0.0276,""expected_value"":0.0347,""fractional_kelly"":0.0069,""hold"":0.0208,""implied_prob"":0.4898,""is_value"":false,""kelly_fraction"":0.0347,""market_implied_prob"":0.5,""model_prob"":0.5174,""raw_model_prob"":0.5357,""unrealistic_flag"":false},""home"":{""american_odds"":-109,""confidence_score"":0.0,""decimal_odds"":1.92,""edge"":-0.0276,""expected_value"":-0.0733,""fractional_kelly"":0.0,""hold"":0.0208,""implied_prob"":0.5102,""is_value"":false,""kelly_fraction"":0.0,""market_implied_prob"":0.5208,""model_prob"":0.4826,""raw_model_prob"":0.4643,""unrealistic_flag"":false}},""expected_value"":0.0458,""fractional_kelly"":0.0089,""home_availability_profile"":null,""home_bullpen_tax"":null,""home_goalie"":""Linus Ullmark"",""home_goalie_status"":""confirmed"",""home_injury_profile"":{""injury_burden"":5.0,""key_absence_score"":0.0,""leader_absence_burden"":0.0,""leader_uncertainty_burden"":0.0,""uncertainty_burden"":0.0},""home_lineup_profile"":null,""home_pitcher"":null,""home_pitcher_hand"":null,""home_team"":""Senators"",""individual_models"":{""elo"":{""away"":0.5959,""home"":0.4041},""nhl_matchup"":{""away"":0.5381,""home"":0.4619},""results_features"":{""away"":0.4857,""home"":0.5143}},""kelly_fraction"":0.0444,""matchday"":null,""model_prob"":0.5357,""model_probs"":{""away"":0.5357,""home"":0.4643},""neutral"":false,""pick"":""away"",""run_id"":""refresh-20260402T213457016222Z"",""run_type"":""refresh"",""snapshot_path"":""tracking/snapshots/2026-04-02/nhl/refresh-20260402T213457016222Z.json"",""snapshot_timestamp"":""2026-04-02T21:34:57Z"",""start_time"":""2026-04-02T23:00Z"",""weather"":null}","{""pick_type"":""slop_lock"",""publication_guard"":{},""selection_config"":{""additional_confidence_floor"":50,""confidence_dropoff"":7,""edge_floor"":0.015,""max_picks"":4,""min_expected_value"":0.0,""probability_floor"":0.5}}"
2026-04-05T02:58:45Z,refresh-20260402T213457016222Z,refresh,2026-04-02T21:34:57Z,tracking/snapshots/2026-04-02/nhl/refresh-20260402T213457016222Z.json,nhl,slop_lock,moneyline,Flyers,Red Wings,2026-04-02,2026-04-02T23:00Z,away,,,,0.5302,0.5065,0.5236,0.0238,0.0128,-110,1.91,0.0,0.014,0.0028,,,0.0338,,,,,,0,0.0,0.015,0.5,50,7,4,"{""execution_prices"":{""away"":1.91,""home"":1.96}}","{""away"":0.5461,""home"":0.4539}","{""elo"":{""away"":0.4057,""home"":0.5943},""nhl_matchup"":{""away"":0.7719,""home"":0.2281},""results_features"":{""away"":0.4512,""home"":0.5488}}","{""american_odds"":-110,""away_availability_profile"":null,""away_bullpen_tax"":null,""away_goalie"":""John Gibson"",""away_goalie_status"":""confirmed"",""away_injury_profile"":{""injury_burden"":1.0,""key_absence_score"":0.0,""leader_absence_burden"":0.0,""leader_uncertainty_burden"":0.0,""uncertainty_burden"":0.0},""away_lineup_profile"":null,""away_pitcher"":null,""away_pitcher_hand"":null,""away_team"":""Red Wings"",""base_model_probs"":{""away"":0.5419,""home"":0.4581},""best_odds"":{""away"":-110,""home"":-104},""completed"":false,""confidence_score"":24.7,""confidence_stars"":1,""date"":""2026-04-02"",""edge"":0.0238,""edges"":{""away"":{""american_odds"":-110,""confidence_score"":0.0,""decimal_odds"":1.91,""edge"":0.0238,""expected_value"":0.0128,""fractional_kelly"":0.0028,""hold"":0.0338,""implied_prob"":0.5065,""is_value"":false,""kelly_fraction"":0.014,""market_implied_prob"":0.5236,""model_prob"":0.5302,""raw_model_prob"":0.5461,""unrealistic_flag"":false},""home"":{""american_odds"":-104,""confidence_score"":0.0,""decimal_odds"":1.96,""edge"":-0.0238,""expected_value"":-0.0793,""fractional_kelly"":0.0,""hold"":0.0338,""implied_prob"":0.4935,""is_value"":false,""kelly_fraction"":0.0,""market_implied_prob"":0.5102,""model_prob"":0.4698,""raw_model_prob"":0.4539,""unrealistic_flag"":false}},""expected_value"":0.0242,""fractional_kelly"":0.005,""home_availability_profile"":null,""home_bullpen_tax"":null,""home_goalie"":""Samuel Ersson"",""home_goalie_status"":""confirmed"",""home_injury_profile"":{""injury_burden"":3.0,""key_absence_score"":0.0,""leader_absence_burden"":0.0,""leader_uncertainty_burden"":0.0,""uncertainty_burden"":0.0},""home_lineup_profile"":null,""home_pitcher"":null,""home_pitcher_hand"":null,""home_team"":""Flyers"",""individual_models"":{""elo"":{""away"":0.4057,""home"":0.5943},""nhl_matchup"":{""away"":0.7719,""home"":0.2281},""results_features"":{""away"":0.4512,""home"":0.5488}},""kelly_fraction"":0.0252,""matchday"":null,""model_prob"":0.5461,""model_probs"":{""away"":0.5461,""home"":0.4539},""neutral"":false,""pick"":""away"",""run_id"":""refresh-20260402T213457016222Z"",""run_type"":""refresh"",""snapshot_path"":""tracking/snapshots/2026-04-02/nhl/refresh-20260402T213457016222Z.json"",""snapshot_timestamp"":""2026-04-02T21:34:57Z"",""start_time"":""2026-04-02T23:00Z"",""weather"":null}","{""pick_type"":""slop_lock"",""publication_guard"":{},""selection_config"":{""additional_confidence_floor"":50,""confidence_dropoff"":7,""edge_floor"":0.015,""max_picks"":4,""min_expected_value"":0.0,""probability_floor"":0.5}}"
2026-04-05T02:58:45Z,daily-20260403T124954760386Z,daily,2026-04-03T12:49:54Z,tracking/snapshots/2026-04-03/mlb/daily-20260403T124954760386Z.json,mlb,slop_lock,moneyline,Twins,Rays,2026-04-03,2026-04-03T20:10Z,home,,,,0.5613,0.5,0.5102,0.0613,0.1001,-104,1.96,72.4,0.1043,0.0209,,,0.0204,,,,,,0,0.0,0.015,0.52,48,6,4,"{""execution_prices"":{""away"":1.96,""home"":1.96}}","{""away"":0.3979,""home"":0.6021}","{""bullpen_features"":{""away"":0.3652,""home"":0.6348},""elo"":{""away"":0.4489,""home"":0.5511},""handedness_features"":{""away"":0.3947,""home"":0.6053},""pitcher_features"":{""away"":0.47,""home"":0.53},""results_features"":{""away"":0.4638,""home"":0.5362},""run_environment"":{""away"":0.3996,""home"":0.6004}}","{""american_odds"":-104,""away_availability_profile"":null,""away_bullpen_tax"":0.125,""away_goalie"":null,""away_goalie_status"":null,""away_injury_profile"":null,""away_lineup_profile"":{""active_hitters"":13,""available_hitters"":12,""injured_hitters"":1,""key_bat_absence_score"":0.0,""leader_absence_burden"":0.0,""left_handed_batters"":5,""lefty_share"":0.4167,""right_handed_batters"":7,""righty_share"":0.5833,""switch_hitters"":0,""switch_share"":0.0},""away_pitcher"":""Joe Boyle"",""away_pitcher_hand"":""R"",""away_team"":""Rays"",""best_odds"":{""away"":-104,""home"":-104},""completed"":false,""confidence_score"":72.4,""confidence_stars"":3,""date"":""2026-04-03"",""edge"":0.0613,""edges"":{""away"":{""american_odds"":-104,""confidence_score"":15.1,""decimal_odds"":1.96,""edge"":-0.0613,""expected_value"":-0.1401,""fractional_kelly"":0.0,""hold"":0.0204,""implied_prob"":0.5,""is_value"":false,""kelly_fraction"":0.0,""market_implied_prob"":0.5102,""model_prob"":0.4387,""raw_model_prob"":0.3979,""unrealistic_flag"":false},""home"":{""american_odds"":-104,""confidence_score"":72.4,""decimal_odds"":1.96,""edge"":0.0613,""expected_value"":0.1001,""fractional_kelly"":0.0209,""hold"":0.0204,""implied_prob"":0.5,""is_value"":true,""kelly_fraction"":0.1043,""market_implied_prob"":0.5102,""model_prob"":0.5613,""raw_model_prob"":0.6021,""unrealistic_flag"":false}},""expected_value"":0.1001,""fractional_kelly"":0.0209,""home_availability_profile"":null,""home_bullpen_tax"":0.117,""home_goalie"":null,""home_goalie_status"":null,""home_injury_profile"":null,""home_lineup_profile"":{""active_hitters"":13,""available_hitters"":13,""injured_hitters"":0,""key_bat_absence_score"":0.0,""leader_absence_burden"":0.0,""left_handed_batters"":5,""lefty_share"":0.3846,""right_handed_batters"":8,""righty_share"":0.6154,""switch_hitters"":0,""switch_share"":0.0},""home_pitcher"":""Bailey Ober"",""home_pitcher_hand"":""R"",""home_team"":""Twins"",""individual_models"":{""bullpen_features"":{""away"":0.3652,""home"":0.6348},""elo"":{""away"":0.4489,""home"":0.5511},""handedness_features"":{""away"":0.3947,""home"":0.6053},""pitcher_features"":{""away"":0.47,""home"":0.53},""results_features"":{""away"":0.4638,""home"":0.5362},""run_environment"":{""away"":0.3996,""home"":0.6004}},""kelly_fraction"":0.1043,""matchday"":null,""model_prob"":0.6021,""model_probs"":{""away"":0.3979,""home"":0.6021},""neutral"":false,""pick"":""home"",""run_id"":""daily-20260403T124954760386Z"",""run_type"":""daily"",""snapshot_path"":""tracking/snapshots/2026-04-03/mlb/daily-20260403T124954760386Z.json"",""snapshot_timestamp"":""2026-04-03T12:49:54Z"",""start_time"":""2026-04-03T20:10Z"",""weather"":{""weather_exposed"":true}}","{""pick_type"":""slop_lock"",""publication_guard"":{},""selection_config"":{""additional_confidence_floor"":48,""confidence_dropoff"":6,""edge_floor"":0.015,""max_picks"":4,""min_expected_value"":0.0,""probability_floor"":0.52}}"
2026-04-05T02:58:45Z,daily-20260403T124954760386Z,daily,2026-04-03T12:49:54Z,tracking/snapshots/2026-04-03/mlb/daily-20260403T124954760386Z.json,mlb,slop_lock,moneyline,Pirates,Orioles,2026-04-03,2026-04-03T20:12Z,home,,,,0.5691,0.4695,0.4785,0.0995,0.1893,109,2.09,69.6,0.1737,0.0347,,,0.019,,,,,,0,0.0,0.015,0.52,48,6,4,"{""execution_prices"":{""away"":1.85,""home"":2.09}}","{""away"":0.3646,""home"":0.6354}","{""bullpen_features"":{""away"":0.4335,""home"":0.5665},""elo"":{""away"":0.4944,""home"":0.5056},""handedness_features"":{""away"":0.3113,""home"":0.6887},""pitcher_features"":{""away"":0.3645,""home"":0.6355},""results_features"":{""away"":0.3737,""home"":0.6263},""run_environment"":{""away"":0.3715,""home"":0.6285}}","{""american_odds"":109,""away_availability_profile"":null,""away_bullpen_tax"":0.305,""away_goalie"":null,""away_goalie_status"":null,""away_injury_profile"":null,""away_lineup_profile"":{""active_hitters"":13,""available_hitters"":13,""injured_hitters"":0,""key_bat_absence_score"":0.0,""leader_absence_burden"":0.0,""left_handed_batters"":4,""lefty_share"":0.3077,""right_handed_batters"":9,""righty_share"":0.6923,""switch_hitters"":0,""switch_share"":0.0},""away_pitcher"":""Kyle Bradish"",""away_pitcher_hand"":""R"",""away_team"":""Orioles"",""best_odds"":{""away"":-118,""home"":109},""completed"":false,""confidence_score"":69.6,""confidence_stars"":3,""date"":""2026-04-03"",""edge"":0.0995,""edges"":{""away"":{""american_odds"":-118,""confidence_score"":11.6,""decimal_odds"":1.85,""edge"":-0.0995,""expected_value"":-0.2028,""fractional_kelly"":0.0,""hold"":0.019,""implied_prob"":0.5305,""is_value"":false,""kelly_fraction"":0.0,""market_implied_prob"":0.5405,""model_prob"":0.4309,""raw_model_prob"":0.3646,""unrealistic_flag"":false},""home"":{""american_odds"":109,""confidence_score"":69.6,""decimal_odds"":2.09,""edge"":0.0995,""expected_value"":0.1893,""fractional_kelly"":0.0347,""hold"":0.019,""implied_prob"":0.4695,""is_value"":true,""kelly_fraction"":0.1737,""market_implied_prob"":0.4785,""model_prob"":0.5691,""raw_model_prob"":0.6354,""unrealistic_flag"":false}},""expected_value"":0.1893,""fractional_kelly"":0.0347,""home_availability_profile"":null,""home_bullpen_tax"":0.276,""home_goalie"":null,""home_goalie_status"":null,""home_injury_profile"":null,""home_lineup_profile"":{""active_hitters"":13,""available_hitters"":13,""injured_hitters"":0,""key_bat_absence_score"":0.0,""leader_absence_burden"":0.0,""left_handed_batters"":4,""lefty_share"":0.3077,""right_handed_batters"":9,""righty_share"":0.6923,""switch_hitters"":0,""switch_share"":0.0},""home_pitcher"":""Mitch Keller"",""home_pitcher_hand"":""R"",""home_team"":""Pirates"",""individual_models"":{""bullpen_features"":{""away"":0.4335,""home"":0.5665},""elo"":{""away"":0.4944,""home"":0.5056},""handedness_features"":{""away"":0.3113,""home"":0.6887},""pitcher_features"":{""away"":0.3645,""home"":0.6355},""results_features"":{""away"":0.3737,""home"":0.6263},""run_environment"":{""away"":0.3715,""home"":0.6285}},""kelly_fraction"":0.1737,""matchday"":null,""model_prob"":0.6354,""model_probs"":{""away"":0.3646,""home"":0.6354},""neutral"":false,""pick"":""home"",""run_id"":""daily-20260403T124954760386Z"",""run_type"":""daily"",""snapshot_path"":""tracking/snapshots/2026-04-03/mlb/daily-20260403T124954760386Z.json"",""snapshot_timestamp"":""2026-04-03T12:49:54Z"",""start_time"":""2026-04-03T20:12Z"",""weather"":{""precipitation_probability"":20,""temperature_f"":81.7,""weather_exposed"":true,""wind_mph"":15.9}}","{""pick_type"":""slop_lock"",""publication_guard"":{},""selection_config"":{""additional_confidence_floor"":48,""confidence_dropoff"":6,""edge_floor"":0.015,""max_picks"":4,""min_expected_value"":0.0,""probability_floor"":0.52}}"
2026-04-05T02:58:45Z,daily-20260403T124954760386Z,daily,2026-04-03T12:49:54Z,tracking/snapshots/2026-04-03/mlb/daily-20260403T124954760386Z.json,mlb,slop_lock,moneyline,Royals,Brewers,2026-04-03,2026-04-03T23:40Z,home,,,,0.5758,0.4936,0.5051,0.0822,0.1401,-102,1.98,69.1,0.1429,0.0286,,,0.0232,,,,,,0,0.0,0.015,0.52,48,6,4,"{""execution_prices"":{""away"":1.93,""home"":1.98}}","{""away"":0.3694,""home"":0.6306}","{""bullpen_features"":{""away"":0.4142,""home"":0.5858},""elo"":{""away"":0.5275,""home"":0.4725},""handedness_features"":{""away"":0.375,""home"":0.625},""pitcher_features"":{""away"":0.3568,""home"":0.6432},""results_features"":{""away"":0.3775,""home"":0.6225},""run_environment"":{""away"":0.3236,""home"":0.6764}}","{""american_odds"":-102,""away_availability_profile"":null,""away_bullpen_tax"":0.042,""away_goalie"":null,""away_goalie_status"":null,""away_injury_profile"":null,""away_lineup_profile"":{""active_hitters"":13,""available_hitters"":13,""injured_hitters"":0,""key_bat_absence_score"":0.0,""leader_absence_burden"":0.0,""left_handed_batters"":6,""lefty_share"":0.4615,""right_handed_batters"":7,""righty_share"":0.5385,""switch_hitters"":0,""switch_share"":0.0},""away_pitcher"":""Chad Patrick"",""away_pitcher_hand"":""R"",""away_team"":""Brewers"",""best_odds"":{""away"":-108,""home"":-102},""completed"":false,""confidence_score"":69.1,""confidence_stars"":3,""date"":""2026-04-03"",""edge"":0.0822,""edges"":{""away"":{""american_odds"":-108,""confidence_score"":10.4,""decimal_odds"":1.93,""edge"":-0.0822,""expected_value"":-0.1813,""fractional_kelly"":0.0,""hold"":0.0232,""implied_prob"":0.5064,""is_value"":false,""kelly_fraction"":0.0,""market_implied_prob"":0.5181,""model_prob"":0.4242,""raw_model_prob"":0.3694,""unrealistic_flag"":false},""home"":{""american_odds"":-102,""confidence_score"":69.1,""decimal_odds"":1.98,""edge"":0.0822,""expected_value"":0.1401,""fractional_kelly"":0.0286,""hold"":0.0232,""implied_prob"":0.4936,""is_value"":true,""kelly_fraction"":0.1429,""market_implied_prob"":0.5051,""model_prob"":0.5758,""raw_model_prob"":0.6306,""unrealistic_flag"":false}},""expected_value"":0.1401,""fractional_kelly"":0.0286,""home_availability_profile"":null,""home_bullpen_tax"":0.242,""home_goalie"":null,""home_goalie_status"":null,""home_injury_profile"":null,""home_lineup_profile"":{""active_hitters"":13,""available_hitters"":13,""injured_hitters"":0,""key_bat_absence_score"":0.0,""leader_absence_burden"":0.0,""left_handed_batters"":4,""lefty_share"":0.3077,""right_handed_batters"":9,""righty_share"":0.6923,""switch_hitters"":0,""switch_share"":0.0},""home_pitcher"":""Michael Wacha"",""home_pitcher_hand"":""R"",""home_team"":""Royals"",""individual_models"":{""bullpen_features"":{""away"":0.4142,""home"":0.5858},""elo"":{""away"":0.5275,""home"":0.4725},""handedness_features"":{""away"":0.375,""home"":0.625},""pitcher_features"":{""away"":0.3568,""home"":0.6432},""results_features"":{""away"":0.3775,""home"":0.6225},""run_environment"":{""away"":0.3236,""home"":0.6764}},""kelly_fraction"":0.1429,""matchday"":null,""model_prob"":0.6306,""model_probs"":{""away"":0.3694,""home"":0.6306},""neutral"":false,""pick"":""home"",""run_id"":""daily-20260403T124954760386Z"",""run_type"":""daily"",""snapshot_path"":""tracking/snapshots/2026-04-03/mlb/daily-20260403T124954760386Z.json"",""snapshot_timestamp"":""2026-04-03T12:49:54Z"",""start_time"":""2026-04-03T23:40Z"",""weather"":{""precipitation_probability"":34,""temperature_f"":73.8,""weather_exposed"":true,""wind_mph"":16.7}}","{""pick_type"":""slop_lock"",""publication_guard"":{},""selection_config"":{""additional_confidence_floor"":48,""confidence_dropoff"":6,""edge_floor"":0.015,""max_picks"":4,""min_expected_value"":0.0,""probability_floor"":0.52}}"
2026-04-05T02:58:45Z,daily-20260403T124954760386Z,daily,2026-04-03T12:49:54Z,tracking/snapshots/2026-04-03/mlb/daily-20260403T124954760386Z.json,mlb,slop_lock,moneyline,Diamondbacks,Braves,2026-04-03,2026-04-04T01:40Z,home,,,,0.5474,0.4621,0.4695,0.0852,0.1659,113,2.13,63.3,0.1468,0.0294,,,0.0159,,,,,,0,0.0,0.015,0.52,48,6,4,,"{""away"":0.3958,""home"":0.6042}","{""bullpen_features"":{""away"":0.4272,""home"":0.5728},""elo"":{""away"":0.5164,""home"":0.4836},""handedness_features"":{""away"":0.373,""home"":0.627},""pitcher_features"":{""away"":0.4993,""home"":0.5007},""results_features"":{""away"":0.3078,""home"":0.6922},""run_environment"":{""away"":0.3721,""home"":0.6279}}","{""american_odds"":113,""away_availability_profile"":null,""away_bullpen_tax"":0.155,""away_goalie"":null,""away_goalie_status"":null,""away_injury_profile"":null,""away_lineup_profile"":{""active_hitters"":13,""available_hitters"":13,""injured_hitters"":0,""key_bat_absence_score"":0.0,""leader_absence_burden"":0.0,""left_handed_batters"":5,""lefty_share"":0.3846,""right_handed_batters"":8,""righty_share"":0.6154,""switch_hitters"":0,""switch_share"":0.0},""away_pitcher"":""Grant Holmes"",""away_pitcher_hand"":""R"",""away_team"":""Braves"",""best_odds"":{""away"":-120,""home"":113},""completed"":false,""confidence_score"":63.3,""confidence_stars"":3,""date"":""2026-04-03"",""edge"":0.0852,""edges"":{""away"":{""american_odds"":-120,""confidence_score"":10.0,""decimal_odds"":1.83,""edge"":-0.0852,""expected_value"":-0.1717,""fractional_kelly"":0.0,""hold"":0.0159,""implied_prob"":0.5379,""is_value"":false,""kelly_fraction"":0.0,""market_implied_prob"":0.5464,""model_prob"":0.4526,""raw_model_prob"":0.3958,""unrealistic_flag"":false},""home"":{""american_odds"":113,""confidence_score"":63.3,""decimal_odds"":2.13,""edge"":0.0852,""expected_value"":0.1659,""fractional_kelly"":0.0294,""hold"":0.0159,""implied_prob"":0.4621,""is_value"":false,""kelly_fraction"":0.1468,""market_implied_prob"":0.4695,""model_prob"":0.5474,""raw_model_prob"":0.6042,""unrealistic_flag"":false}},""expected_value"":0.1659,""fractional_kelly"":0.0294,""home_availability_profile"":null,""home_bullpen_tax"":0.396,""home_goalie"":null,""home_goalie_status"":null,""home_injury_profile"":null,""home_lineup_profile"":{""active_hitters"":13,""available_hitters"":13,""injured_hitters"":0,""key_bat_absence_score"":0.0,""leader_absence_burden"":0.0,""left_handed_batters"":3,""lefty_share"":0.2308,""right_handed_batters"":10,""righty_share"":0.7692,""switch_hitters"":0,""switch_share"":0.0},""home_pitcher"":""Eduardo Rodriguez"",""home_pitcher_hand"":""L"",""home_team"":""Diamondbacks"",""individual_models"":{""bullpen_features"":{""away"":0.4272,""home"":0.5728},""elo"":{""away"":0.5164,""home"":0.4836},""handedness_features"":{""away"":0.373,""home"":0.627},""pitcher_features"":{""away"":0.4993,""home"":0.5007},""results_features"":{""away"":0.3078,""home"":0.6922},""run_environment"":{""away"":0.3721,""home"":0.6279}},""kelly_fraction"":0.1468,""matchday"":null,""model_prob"":0.6042,""model_probs"":{""away"":0.3958,""home"":0.6042},""neutral"":false,""pick"":""home"",""run_id"":""daily-20260403T124954760386Z"",""run_type"":""daily"",""snapshot_path"":""tracking/snapshots/2026-04-03/mlb/daily-20260403T124954760386Z.json"",""snapshot_timestamp"":""2026-04-03T12:49:54Z"",""start_time"":""2026-04-04T01:40Z"",""weather"":{}}","{""pick_type"":""slop_lock"",""publication_guard"":{},""selection_config"":{""additional_confidence_floor"":48,""confidence_dropoff"":6,""edge_floor"":0.015,""max_picks"":4,""min_expected_value"":0.0,""probability_floor"":0.52}}"
2026-04-05T02:58:45Z,daily-20260403T124954760386Z,daily,2026-04-03T12:49:54Z,tracking/snapshots/2026-04-03/mlb/daily-20260403T124954760386Z.json,mlb,total_lock,total,Diamondbacks,Braves,2026-04-03,2026-04-04T01:40Z,under,9.0,6.805,4.81,0.601,0.4885,0.5,0.1125,0.2019,100,2.0,79.9,0.2019,0.0404,,,0.0236,,,,,,0,0.0,0.02,0.53,54,,3,,"{""over"":0.3241,""under"":0.6759}","{""totals_model"":{""over"":0.3241,""under"":0.6759}}","{""american_odds"":100,""away_bullpen_tax"":0.155,""away_lineup_profile"":{""active_hitters"":13,""available_hitters"":13,""injured_hitters"":0,""key_bat_absence_score"":0.0,""leader_absence_burden"":0.0,""left_handed_batters"":5,""lefty_share"":0.3846,""right_handed_batters"":8,""righty_share"":0.6154,""switch_hitters"":0,""switch_share"":0.0},""away_pitcher"":""Grant Holmes"",""away_team"":""Braves"",""completed"":false,""confidence_score"":79.9,""date"":""2026-04-03"",""edges"":{""over"":{""american_odds"":-110,""confidence_score"":14.1,""decimal_odds"":1.91,""edge"":-0.1125,""expected_value"":-0.2378,""fractional_kelly"":0.0,""hold"":0.0236,""implied_prob"":0.5115,""is_value"":false,""kelly_fraction"":0.0,""market_implied_prob"":0.5236,""model_prob"":0.399,""raw_model_prob"":0.3241,""unrealistic_flag"":false},""under"":{""american_odds"":100,""confidence_score"":79.9,""decimal_odds"":2.0,""edge"":0.1125,""expected_value"":0.2019,""fractional_kelly"":0.0404,""hold"":0.0236,""implied_prob"":0.4885,""is_value"":true,""kelly_fraction"":0.2019,""market_implied_prob"":0.5,""model_prob"":0.601,""raw_model_prob"":0.6759,""unrealistic_flag"":false}},""expected_total"":6.805,""home_bullpen_tax"":0.396,""home_lineup_profile"":{""active_hitters"":13,""available_hitters"":13,""injured_hitters"":0,""key_bat_absence_score"":0.0,""leader_absence_burden"":0.0,""left_handed_batters"":3,""lefty_share"":0.2308,""right_handed_batters"":10,""righty_share"":0.7692,""switch_hitters"":0,""switch_share"":0.0},""home_pitcher"":""Eduardo Rodriguez"",""home_team"":""Diamondbacks"",""individual_models"":{""totals_model"":{""over"":0.3241,""under"":0.6759}},""market_type"":""total"",""model_prob"":0.6759,""model_probs"":{""over"":0.3241,""under"":0.6759},""pick"":""under"",""run_id"":""daily-20260403T124954760386Z"",""run_type"":""daily"",""snapshot_path"":""tracking/snapshots/2026-04-03/mlb/daily-20260403T124954760386Z.json"",""snapshot_timestamp"":""2026-04-03T12:49:54Z"",""start_time"":""2026-04-04T01:40Z"",""total_line"":9.0,""total_stddev"":4.81,""weather"":{}}","{""pick_type"":""total_lock"",""publication_guard"":{},""selection_config"":{""confidence_floor"":54,""edge_floor"":0.02,""max_picks"":3,""min_expected_value"":0.0,""probability_floor"":0.53}}"
2026-04-05T02:58:45Z,daily-20260403T124954760386Z,daily,2026-04-03T12:49:54Z,tracking/snapshots/2026-04-03/mlb/daily-20260403T124954760386Z.json,mlb,total_lock,total,Twins,Rays,2026-04-03,2026-04-03T20:10Z,over,7.5,9.408,4.81,0.5936,0.5026,0.5181,0.091,0.1456,-108,1.93,78.9,0.1566,0.0313,,,0.031,,,,,,0,0.0,0.02,0.53,54,,3,"{""execution_prices"":{""over"":1.93,""under"":1.95},""line"":7.5}","{""over"":0.6542,""under"":0.3458}","{""totals_model"":{""over"":0.6542,""under"":0.3458}}","{""american_odds"":-108,""away_bullpen_tax"":0.125,""away_lineup_profile"":{""active_hitters"":13,""available_hitters"":12,""injured_hitters"":1,""key_bat_absence_score"":0.0,""leader_absence_burden"":0.0,""left_handed_batters"":5,""lefty_share"":0.4167,""right_handed_batters"":7,""righty_share"":0.5833,""switch_hitters"":0,""switch_share"":0.0},""away_pitcher"":""Joe Boyle"",""away_team"":""Rays"",""completed"":false,""confidence_score"":78.9,""date"":""2026-04-03"",""edges"":{""over"":{""american_odds"":-108,""confidence_score"":78.9,""decimal_odds"":1.93,""edge"":0.091,""expected_value"":0.1456,""fractional_kelly"":0.0313,""hold"":0.031,""implied_prob"":0.5026,""is_value"":true,""kelly_fraction"":0.1566,""market_implied_prob"":0.5181,""model_prob"":0.5936,""raw_model_prob"":0.6542,""unrealistic_flag"":false},""under"":{""american_odds"":-105,""confidence_score"":16.9,""decimal_odds"":1.95,""edge"":-0.091,""expected_value"":-0.2075,""fractional_kelly"":0.0,""hold"":0.031,""implied_prob"":0.4974,""is_value"":false,""kelly_fraction"":0.0,""market_implied_prob"":0.5128,""model_prob"":0.4064,""raw_model_prob"":0.3458,""unrealistic_flag"":false}},""expected_total"":9.408,""home_bullpen_tax"":0.117,""home_lineup_profile"":{""active_hitters"":13,""available_hitters"":13,""injured_hitters"":0,""key_bat_absence_score"":0.0,""leader_absence_burden"":0.0,""left_handed_batters"":5,""lefty_share"":0.3846,""right_handed_batters"":8,""righty_share"":0.6154,""switch_hitters"":0,""switch_share"":0.0},""home_pitcher"":""Bailey Ober"",""home_team"":""Twins"",""individual_models"":{""totals_model"":{""over"":0.6542,""under"":0.3458}},""market_type"":""total"",""model_prob"":0.6542,""model_probs"":{""over"":0.6542,""under"":0.3458},""pick"":""over"",""run_id"":""daily-20260403T124954760386Z"",""run_type"":""daily"",""snapshot_path"":""tracking/snapshots/2026-04-03/mlb/daily-20260403T124954760386Z.json"",""snapshot_timestamp"":""2026-04-03T12:49:54Z"",""start_time"":""2026-04-03T20:10Z"",""total_line"":7.5,""total_stddev"":4.81,""weather"":{""weather_exposed"":true}}","{""pick_type"":""total_lock"",""publication_guard"":{},""selection_config"":{""confidence_floor"":54,""edge_floor"":0.02,""max_picks"":3,""min_expected_value"":0.0,""probability_floor"":0.53}}"
2026-04-05T02:58:45Z,daily-20260403T124954760386Z,daily,2026-04-03T12:49:54Z,tracking/snapshots/2026-04-03/mlb/daily-20260403T124954760386Z.json,mlb,total_lock,total,Pirates,Orioles,2026-04-03,2026-04-03T20:12Z,over,8.5,10.277,4.81,0.5911,0.5115,0.5236,0.0796,0.1289,-110,1.91,78.5,0.1417,0.0283,,,0.0236,,,,,,0,0.0,0.02,0.53,54,,3,"{""execution_prices"":{""over"":1.91,""under"":2.0},""line"":8.5}","{""over"":0.6441,""under"":0.3559}","{""totals_model"":{""over"":0.6441,""under"":0.3559}}","{""american_odds"":-110,""away_bullpen_tax"":0.305,""away_lineup_profile"":{""active_hitters"":13,""available_hitters"":13,""injured_hitters"":0,""key_bat_absence_score"":0.0,""leader_absence_burden"":0.0,""left_handed_batters"":4,""lefty_share"":0.3077,""right_handed_batters"":9,""righty_share"":0.6923,""switch_hitters"":0,""switch_share"":0.0},""away_pitcher"":""Kyle Bradish"",""away_team"":""Orioles"",""completed"":false,""confidence_score"":78.5,""date"":""2026-04-03"",""edges"":{""over"":{""american_odds"":-110,""confidence_score"":78.5,""decimal_odds"":1.91,""edge"":0.0796,""expected_value"":0.1289,""fractional_kelly"":0.0283,""hold"":0.0236,""implied_prob"":0.5115,""is_value"":true,""kelly_fraction"":0.1417,""market_implied_prob"":0.5236,""model_prob"":0.5911,""raw_model_prob"":0.6441,""unrealistic_flag"":false},""under"":{""american_odds"":100,""confidence_score"":16.9,""decimal_odds"":2.0,""edge"":-0.0796,""expected_value"":-0.1821,""fractional_kelly"":0.0,""hold"":0.0236,""implied_prob"":0.4885,""is_value"":false,""kelly_fraction"":0.0,""market_implied_prob"":0.5,""model_prob"":0.4089,""raw_model_prob"":0.3559,""unrealistic_flag"":false}},""expected_total"":10.277,""home_bullpen_tax"":0.276,""home_lineup_profile"":{""active_hitters"":13,""available_hitters"":13,""injured_hitters"":0,""key_bat_absence_score"":0.0,""leader_absence_burden"":0.0,""left_handed_batters"":4,""lefty_share"":0.3077,""right_handed_batters"":9,""righty_share"":0.6923,""switch_hitters"":0,""switch_share"":0.0},""home_pitcher"":""Mitch Keller"",""home_team"":""Pirates"",""individual_models"":{""totals_model"":{""over"":0.6441,""under"":0.3559}},""market_type"":""total"",""model_prob"":0.6441,""model_probs"":{""over"":0.6441,""under"":0.3559},""pick"":""over"",""run_id"":""daily-20260403T124954760386Z"",""run_type"":""daily"",""snapshot_path"":""tracking/snapshots/2026-04-03/mlb/daily-20260403T124954760386Z.json"",""snapshot_timestamp"":""2026-04-03T12:49:54Z"",""start_time"":""2026-04-03T20:12Z"",""total_line"":8.5,""total_stddev"":4.81,""weather"":{""precipitation_probability"":20,""temperature_f"":81.7,""weather_exposed"":true,""wind_mph"":15.9}}","{""pick_type"":""total_lock"",""publication_guard"":{},""selection_config"":{""confidence_floor"":54,""edge_floor"":0.02,""max_picks"":3,""min_expected_value"":0.0,""probability_floor"":0.53}}"
2026-04-05T02:58:45Z,refresh-20260403T213119808750Z,refresh,2026-04-03T21:31:19Z,tracking/snapshots/2026-04-03/mlb/refresh-20260403T213119808750Z.json,mlb,slop_lock,moneyline,Guardians,Cubs,2026-04-03,2026-04-03T20:10Z,home,,,,0.5456,0.4495,0.4587,0.0961,0.1893,118,2.18,0.0,0.1605,0.0321,,,0.0205,,,,,,0,0.0,0.015,0.52,48,6,4,"{""execution_prices"":{""away"":2.1,""home"":1.82}}","{""away"":0.3904,""home"":0.6096}","{""bullpen_features"":{""away"":0.4208,""home"":0.5792},""elo"":{""away"":0.4561,""home"":0.5439},""handedness_features"":{""away"":0.2976,""home"":0.7024},""pitcher_features"":{""away"":0.6475,""home"":0.3525},""results_features"":{""away"":0.3239,""home"":0.6761},""run_environment"":{""away"":0.3631,""home"":0.6369}}","{""american_odds"":118,""away_availability_profile"":null,""away_bullpen_tax"":0.099,""away_goalie"":null,""away_goalie_status"":null,""away_injury_profile"":null,""away_lineup_profile"":{""active_hitters"":13,""available_hitters"":13,""confirmed_hitters"":9,""confirmed_leader_absence_burden"":0,""confirmed_lefty_share"":0.2222,""confirmed_lineup"":true,""confirmed_righty_share"":0.6667,""confirmed_switch_share"":0.0,""confirmed_top_order_score"":1.0,""injured_hitters"":0,""key_bat_absence_score"":0.0,""leader_absence_burden"":0.0,""left_handed_batters"":4,""lefty_share"":0.3077,""right_handed_batters"":9,""righty_share"":0.6923,""switch_hitters"":0,""switch_share"":0.0},""away_pitcher"":""Cade Horton"",""away_pitcher_hand"":""R"",""away_team"":""Cubs"",""base_model_probs"":{""away"":0.3963,""home"":0.6037},""best_odds"":{""away"":-128,""home"":118},""completed"":false,""confidence_score"":54.9,""confidence_stars"":3,""date"":""2026-04-03"",""edge"":0.0961,""edges"":{""away"":{""american_odds"":-128,""confidence_score"":0.0,""decimal_odds"":1.78,""edge"":-0.0961,""expected_value"":-0.1911,""fractional_kelly"":0.0,""hold"":0.0205,""implied_prob"":0.5505,""is_value"":false,""kelly_fraction"":0.0,""market_implied_prob"":0.5618,""model_prob"":0.4544,""raw_model_prob"":0.3904,""unrealistic_flag"":false},""home"":{""american_odds"":118,""confidence_score"":0.0,""decimal_odds"":2.18,""edge"":0.0961,""expected_value"":0.1893,""fractional_kelly"":0.0321,""hold"":0.0205,""implied_prob"":0.4495,""is_value"":false,""kelly_fraction"":0.1605,""market_implied_prob"":0.4587,""model_prob"":0.5456,""raw_model_prob"":0.6096,""unrealistic_flag"":false}},""expected_value"":0.1451,""fractional_kelly"":0.0269,""home_availability_profile"":null,""home_bullpen_tax"":0.312,""home_goalie"":null,""home_goalie_status"":null,""home_injury_profile"":null,""home_lineup_profile"":{""active_hitters"":13,""available_hitters"":12,""confirmed_hitters"":9,""confirmed_leader_absence_burden"":0.6,""confirmed_lefty_share"":0.5556,""confirmed_lineup"":true,""confirmed_righty_share"":0.1111,""confirmed_switch_share"":0.0,""confirmed_top_order_score"":1.0,""injured_hitters"":1,""key_bat_absence_score"":0.0,""leader_absence_burden"":0.0,""left_handed_batters"":6,""lefty_share"":0.5,""right_handed_batters"":6,""righty_share"":0.5,""switch_hitters"":0,""switch_share"":0.0},""home_pitcher"":""Joey Cantillo"",""home_pitcher_hand"":""L"",""home_team"":""Guardians"",""individual_models"":{""bullpen_features"":{""away"":0.4208,""home"":0.5792},""elo"":{""away"":0.4561,""home"":0.5439},""handedness_features"":{""away"":0.2976,""home"":0.7024},""pitcher_features"":{""away"":0.6475,""home"":0.3525},""results_features"":{""away"":0.3239,""home"":0.6761},""run_environment"":{""away"":0.3631,""home"":0.6369}},""kelly_fraction"":0.1343,""matchday"":null,""model_prob"":0.6096,""model_probs"":{""away"":0.3904,""home"":0.6096},""neutral"":false,""pick"":""home"",""run_id"":""refresh-20260403T213119808750Z"",""run_type"":""refresh"",""snapshot_path"":""tracking/snapshots/2026-04-03/mlb/refresh-20260403T213119808750Z.json"",""snapshot_timestamp"":""2026-04-03T21:31:19Z"",""start_time"":""2026-04-03T20:10Z"",""weather"":{""precipitation_probability"":8,""temperature_f"":71.2,""weather_exposed"":true,""wind_mph"":10.3}}","{""pick_type"":""slop_lock"",""publication_guard"":{},""selection_config"":{""additional_confidence_floor"":48,""confidence_dropoff"":6,""edge_floor"":0.015,""max_picks"":4,""min_expected_value"":0.0,""probability_floor"":0.52}}"
2026-04-05T02:58:45Z,refresh-20260403T213119808750Z,refresh,2026-04-03T21:31:19Z,tracking/snapshots/2026-04-03/mlb/refresh-20260403T213119808750Z.json,mlb,slop_lock,moneyline,Athletics,Astros,2026-04-03,2026-04-04T01:40Z,home,,,,0.5672,0.4859,0.4975,0.0813,0.1401,101,2.01,0.0,0.1387,0.0277,,,0.0238,,,,,,0,0.0,0.015,0.52,48,6,4,,"{""away"":0.3786,""home"":0.6214}","{""bullpen_features"":{""away"":0.3345,""home"":0.6655},""elo"":{""away"":0.4939,""home"":0.5061},""handedness_features"":{""away"":0.2301,""home"":0.7699},""pitcher_features"":{""away"":0.5318,""home"":0.4682},""results_features"":{""away"":0.3754,""home"":0.6246},""run_environment"":{""away"":0.3578,""home"":0.6422}}","{""american_odds"":101,""away_availability_profile"":null,""away_bullpen_tax"":0.279,""away_goalie"":null,""away_goalie_status"":null,""away_injury_profile"":null,""away_lineup_profile"":{""active_hitters"":13,""available_hitters"":13,""injured_hitters"":0,""key_bat_absence_score"":0.0,""leader_absence_burden"":0.0,""left_handed_batters"":2,""lefty_share"":0.1538,""right_handed_batters"":11,""righty_share"":0.8462,""switch_hitters"":0,""switch_share"":0.0},""away_pitcher"":""Cristian Javier"",""away_pitcher_hand"":""R"",""away_team"":""Astros"",""base_model_probs"":{""away"":0.3776,""home"":0.6224},""best_odds"":{""away"":-111,""home"":101},""completed"":false,""confidence_score"":61.2,""confidence_stars"":3,""date"":""2026-04-03"",""edge"":0.0813,""edges"":{""away"":{""american_odds"":-111,""confidence_score"":0.0,""decimal_odds"":1.9,""edge"":-0.0813,""expected_value"":-0.1777,""fractional_kelly"":0.0,""hold"":0.0238,""implied_prob"":0.5141,""is_value"":false,""kelly_fraction"":0.0,""market_implied_prob"":0.5263,""model_prob"":0.4328,""raw_model_prob"":0.3786,""unrealistic_flag"":false},""home"":{""american_odds"":101,""confidence_score"":0.0,""decimal_odds"":2.01,""edge"":0.0813,""expected_value"":0.1401,""fractional_kelly"":0.0277,""hold"":0.0238,""implied_prob"":0.4859,""is_value"":false,""kelly_fraction"":0.1387,""market_implied_prob"":0.4975,""model_prob"":0.5672,""raw_model_prob"":0.6214,""unrealistic_flag"":false}},""expected_value"":0.123,""fractional_kelly"":0.0256,""home_availability_profile"":null,""home_bullpen_tax"":0.283,""home_goalie"":null,""home_goalie_status"":null,""home_injury_profile"":null,""home_lineup_profile"":{""active_hitters"":13,""available_hitters"":13,""confirmed_hitters"":9,""confirmed_leader_absence_burden"":0,""confirmed_lefty_share"":0.4444,""confirmed_lineup"":true,""confirmed_righty_share"":0.5556,""confirmed_switch_share"":0.0,""confirmed_top_order_score"":1.0,""injured_hitters"":0,""key_bat_absence_score"":0.0,""leader_absence_burden"":0.0,""left_handed_batters"":5,""lefty_share"":0.3846,""right_handed_batters"":8,""righty_share"":0.6154,""switch_hitters"":0,""switch_share"":0.0},""home_pitcher"":""Jeffrey Springs"",""home_pitcher_hand"":""L"",""home_team"":""Athletics"",""individual_models"":{""bullpen_features"":{""away"":0.3345,""home"":0.6655},""elo"":{""away"":0.4939,""home"":0.5061},""handedness_features"":{""away"":0.2301,""home"":0.7699},""pitcher_features"":{""away"":0.5318,""home"":0.4682},""results_features"":{""away"":0.3754,""home"":0.6246},""run_environment"":{""away"":0.3578,""home"":0.6422}},""kelly_fraction"":0.1281,""matchday"":null,""model_prob"":0.6214,""model_probs"":{""away"":0.3786,""home"":0.6214},""neutral"":false,""pick"":""home"",""run_id"":""refresh-20260403T213119808750Z"",""run_type"":""refresh"",""snapshot_path"":""tracking/snapshots/2026-04-03/mlb/refresh-20260403T213119808750Z.json"",""snapshot_timestamp"":""2026-04-03T21:31:19Z"",""start_time"":""2026-04-04T01:40Z"",""weather"":{""weather_exposed"":true}}","{""pick_type"":""slop_lock"",""publication_guard"":{},""selection_config"":{""additional_confidence_floor"":48,""confidence_dropoff"":6,""edge_floor"":0.015,""max_picks"":4,""min_expected_value"":0.0,""probability_floor"":0.52}}"
2026-04-05T02:58:45Z,refresh-20260403T213119808750Z,refresh,2026-04-03T21:31:19Z,tracking/snapshots/2026-04-03/mlb/refresh-20260403T213119808750Z.json,mlb,total_lock,total,Rockies,Phillies,2026-04-03,2026-04-05T00:11:00Z,over,10.0,13.04,4.81,0.5782,0.5105,0.5348,0.0677,0.0813,-115,1.87,73.0,0.0934,0.0187,,,0.0476,,,,,,0,0.0,0.02,0.53,54,,3,"{""execution_prices"":{""over"":2.05,""under"":1.75},""line"":16.5}","{""over"":0.7363,""under"":0.2637}","{""totals_model"":{""over"":0.738,""under"":0.262}}","{""american_odds"":-115,""away_bullpen_tax"":0.33,""away_lineup_profile"":{""active_hitters"":13,""available_hitters"":13,""confirmed_hitters"":9,""confirmed_leader_absence_burden"":0,""confirmed_lefty_share"":0.5556,""confirmed_lineup"":true,""confirmed_righty_share"":0.4444,""confirmed_switch_share"":0.0,""confirmed_top_order_score"":1.0,""injured_hitters"":0,""key_bat_absence_score"":0.0,""leader_absence_burden"":0.0,""left_handed_batters"":5,""lefty_share"":0.3846,""right_handed_batters"":8,""righty_share"":0.6154,""switch_hitters"":0,""switch_share"":0.0},""away_pitcher"":""Aaron Nola"",""away_pitcher_hand"":""R"",""away_team"":""Phillies"",""base_expected_total"":13.065,""completed"":false,""confidence_score"":73.0,""date"":""2026-04-03"",""edges"":{""over"":{""american_odds"":-115,""confidence_score"":73.0,""decimal_odds"":1.87,""edge"":0.0677,""expected_value"":0.0813,""fractional_kelly"":0.0187,""hold"":0.0476,""implied_prob"":0.5105,""is_value"":true,""kelly_fraction"":0.0934,""market_implied_prob"":0.5348,""model_prob"":0.5782,""raw_model_prob"":0.7363,""unrealistic_flag"":true},""under"":{""american_odds"":-105,""confidence_score"":16.9,""decimal_odds"":1.95,""edge"":-0.0677,""expected_value"":-0.1775,""fractional_kelly"":0.0,""hold"":0.0476,""implied_prob"":0.4895,""is_value"":false,""kelly_fraction"":0.0,""market_implied_prob"":0.5128,""model_prob"":0.4218,""raw_model_prob"":0.2637,""unrealistic_flag"":true}},""expected_total"":13.04,""home_bullpen_tax"":0.5,""home_lineup_profile"":{""active_hitters"":13,""available_hitters"":13,""confirmed_hitters"":9,""confirmed_leader_absence_burden"":0,""confirmed_lefty_share"":0.4444,""confirmed_lineup"":true,""confirmed_righty_share"":0.4444,""confirmed_switch_share"":0.0,""confirmed_top_order_score"":1.0,""injured_hitters"":0,""key_bat_absence_score"":0.0,""leader_absence_burden"":0.0,""left_handed_batters"":5,""lefty_share"":0.3846,""right_handed_batters"":8,""righty_share"":0.6154,""switch_hitters"":0,""switch_share"":0.0},""home_pitcher"":""Michael Lorenzen"",""home_pitcher_hand"":""R"",""home_team"":""Rockies"",""individual_models"":{""totals_model"":{""over"":0.738,""under"":0.262}},""market_type"":""total"",""model_prob"":0.7363,""model_probs"":{""over"":0.7363,""under"":0.2637},""neutral"":false,""pick"":""over"",""run_id"":""refresh-20260403T213119808750Z"",""run_type"":""refresh"",""snapshot_path"":""tracking/snapshots/2026-04-03/mlb/refresh-20260403T213119808750Z.json"",""snapshot_timestamp"":""2026-04-03T21:31:19Z"",""start_time"":""2026-04-05T00:11:00Z"",""total_line"":10.0,""total_stddev"":4.81,""weather"":{""precipitation_probability"":0,""temperature_f"":54.9,""weather_exposed"":true,""wind_mph"":10.1}}","{""pick_type"":""total_lock"",""publication_guard"":{},""selection_config"":{""confidence_floor"":54,""edge_floor"":0.02,""max_picks"":3,""min_expected_value"":0.0,""probability_floor"":0.53}}"
2026-04-05T02:58:45Z,daily-20260403T124954760386Z,daily,2026-04-03T12:49:54Z,tracking/snapshots/2026-04-03/nba/daily-20260403T124954760386Z.json,nba,slop_lock,moneyline,Kings,Pelicans,2026-04-03,2026-04-04T02:00Z,away,,,,0.6791,0.6497,0.6623,0.0295,0.0254,-196,1.51,62.0,0.0499,0.0125,,,0.0194,,,,,,0,0.0,0.02,0.5,52,8,5,,"{""away"":0.6987,""home"":0.3013}","{""efficiency"":{""away"":0.5382,""home"":0.4618},""elo"":{""away"":0.6128,""home"":0.3872},""four_factors"":{""away"":0.4649,""home"":0.5351},""nba_matchup"":{""away"":0.5954,""home"":0.4046},""recent_boxscore"":{""away"":0.5581,""home"":0.4419},""results_features"":{""away"":0.573,""home"":0.427}}","{""american_odds"":-196,""away_availability_profile"":{""active_players"":18,""available_core_players"":13,""doubtful_players"":0,""event_injury_burden"":2.0,""event_key_absence_score"":0.0,""event_leader_absence_burden"":0.0,""event_leader_uncertainty_burden"":0.0,""event_uncertainty_burden"":0.0,""injured_players"":5,""injury_burden"":2.4,""key_absence_score"":0.35,""leader_absence_burden"":0.84,""leader_uncertainty_burden"":0.0,""questionable_players"":0,""uncertainty_burden"":0.0},""away_bullpen_tax"":null,""away_goalie"":null,""away_goalie_status"":null,""away_injury_profile"":null,""away_lineup_profile"":null,""away_pitcher"":null,""away_pitcher_hand"":null,""away_team"":""Pelicans"",""best_odds"":{""away"":-196,""home"":180},""completed"":false,""confidence_score"":62.0,""confidence_stars"":2,""date"":""2026-04-03"",""edge"":0.0295,""edges"":{""away"":{""american_odds"":-196,""confidence_score"":62.0,""decimal_odds"":1.51,""edge"":0.0295,""expected_value"":0.0254,""fractional_kelly"":0.0125,""hold"":0.0194,""implied_prob"":0.6497,""is_value"":false,""kelly_fraction"":0.0499,""market_implied_prob"":0.6623,""model_prob"":0.6791,""raw_model_prob"":0.6987,""unrealistic_flag"":false},""home"":{""american_odds"":180,""confidence_score"":11.3,""decimal_odds"":2.8,""edge"":-0.0295,""expected_value"":-0.1015,""fractional_kelly"":0.0,""hold"":0.0194,""implied_prob"":0.3503,""is_value"":false,""kelly_fraction"":0.0,""market_implied_prob"":0.3571,""model_prob"":0.3209,""raw_model_prob"":0.3013,""unrealistic_flag"":false}},""expected_value"":0.0254,""fractional_kelly"":0.0125,""home_availability_profile"":{""active_players"":19,""available_core_players"":12,""doubtful_players"":0,""event_injury_burden"":4.35,""event_key_absence_score"":0.0,""event_leader_absence_burden"":0.0,""event_leader_uncertainty_burden"":0.0,""event_uncertainty_burden"":0.35,""injured_players"":7,""injury_burden"":6.35,""key_absence_score"":0.0,""leader_absence_burden"":0.0,""leader_uncertainty_burden"":0.0,""questionable_players"":0,""uncertainty_burden"":0.0},""home_bullpen_tax"":null,""home_goalie"":null,""home_goalie_status"":null,""home_injury_profile"":null,""home_lineup_profile"":null,""home_pitcher"":null,""home_pitcher_hand"":null,""home_team"":""Kings"",""individual_models"":{""efficiency"":{""away"":0.5382,""home"":0.4618},""elo"":{""away"":0.6128,""home"":0.3872},""four_factors"":{""away"":0.4649,""home"":0.5351},""nba_matchup"":{""away"":0.5954,""home"":0.4046},""recent_boxscore"":{""away"":0.5581,""home"":0.4419},""results_features"":{""away"":0.573,""home"":0.427}},""kelly_fraction"":0.0499,""matchday"":null,""model_prob"":0.6987,""model_probs"":{""away"":0.6987,""home"":0.3013},""neutral"":false,""pick"":""away"",""run_id"":""daily-20260403T124954760386Z"",""run_type"":""daily"",""snapshot_path"":""tracking/snapshots/2026-04-03/nba/daily-20260403T124954760386Z.json"",""snapshot_timestamp"":""2026-04-03T12:49:54Z"",""start_time"":""2026-04-04T02:00Z"",""weather"":null}","{""pick_type"":""slop_lock"",""publication_guard"":{},""selection_config"":{""additional_confidence_floor"":52,""confidence_dropoff"":8,""edge_floor"":0.02,""max_picks"":5,""min_expected_value"":0.0,""probability_floor"":0.5}}"
2026-04-05T02:58:45Z,daily-20260403T124954760386Z,daily,2026-04-03T12:49:54Z,tracking/snapshots/2026-04-03/nba/daily-20260403T124954760386Z.json,nba,total_lock,total,Hornets,Pacers,2026-04-03,2026-04-03T23:00Z,under,235.5,226.816,19.568,0.6028,0.5,0.5128,0.1028,0.1755,-105,1.95,80.1,0.1848,0.0462,,,0.0256,,,,,,0,0.0,0.02,0.53,54,,2,"{""execution_prices"":{""over"":1.95,""under"":1.95},""line"":235.5}","{""over"":0.3286,""under"":0.6714}","{""totals_model"":{""over"":0.3286,""under"":0.6714}}","{""american_odds"":-105,""away_bullpen_tax"":null,""away_lineup_profile"":null,""away_pitcher"":null,""away_team"":""Pacers"",""completed"":false,""confidence_score"":80.1,""date"":""2026-04-03"",""edges"":{""over"":{""american_odds"":-105,""confidence_score"":14.1,""decimal_odds"":1.95,""edge"":-0.1028,""expected_value"":-0.2255,""fractional_kelly"":0.0,""hold"":0.0256,""implied_prob"":0.5,""is_value"":false,""kelly_fraction"":0.0,""market_implied_prob"":0.5128,""model_prob"":0.3972,""raw_model_prob"":0.3286,""unrealistic_flag"":false},""under"":{""american_odds"":-105,""confidence_score"":80.1,""decimal_odds"":1.95,""edge"":0.1028,""expected_value"":0.1755,""fractional_kelly"":0.0462,""hold"":0.0256,""implied_prob"":0.5,""is_value"":true,""kelly_fraction"":0.1848,""market_implied_prob"":0.5128,""model_prob"":0.6028,""raw_model_prob"":0.6714,""unrealistic_flag"":false}},""expected_total"":226.816,""home_bullpen_tax"":null,""home_lineup_profile"":null,""home_pitcher"":null,""home_team"":""Hornets"",""individual_models"":{""totals_model"":{""over"":0.3286,""under"":0.6714}},""market_type"":""total"",""model_prob"":0.6714,""model_probs"":{""over"":0.3286,""under"":0.6714},""pick"":""under"",""run_id"":""daily-20260403T124954760386Z"",""run_type"":""daily"",""snapshot_path"":""tracking/snapshots/2026-04-03/nba/daily-20260403T124954760386Z.json"",""snapshot_timestamp"":""2026-04-03T12:49:54Z"",""start_time"":""2026-04-03T23:00Z"",""total_line"":235.5,""total_stddev"":19.568,""weather"":null}","{""pick_type"":""total_lock"",""publication_guard"":{},""selection_config"":{""confidence_floor"":54,""edge_floor"":0.02,""max_picks"":2,""min_expected_value"":0.0,""probability_floor"":0.53}}"
2026-04-05T02:58:45Z,daily-20260403T124954760386Z,daily,2026-04-03T12:49:54Z,tracking/snapshots/2026-04-03/nba/daily-20260403T124954760386Z.json,nba,total_lock,total,Kings,Pelicans,2026-04-03,2026-04-04T02:00Z,under,234.5,227.105,19.568,0.5883,0.5,0.5181,0.0883,0.1355,-108,1.93,78.1,0.1457,0.0364,,,0.0363,,,,,,0,0.0,0.02,0.53,54,,2,,"{""over"":0.3528,""under"":0.6472}","{""totals_model"":{""over"":0.3528,""under"":0.6472}}","{""american_odds"":-108,""away_bullpen_tax"":null,""away_lineup_profile"":null,""away_pitcher"":null,""away_team"":""Pelicans"",""completed"":false,""confidence_score"":78.1,""date"":""2026-04-03"",""edges"":{""over"":{""american_odds"":-108,""confidence_score"":16.9,""decimal_odds"":1.93,""edge"":-0.0883,""expected_value"":-0.2055,""fractional_kelly"":0.0,""hold"":0.0363,""implied_prob"":0.5,""is_value"":false,""kelly_fraction"":0.0,""market_implied_prob"":0.5181,""model_prob"":0.4117,""raw_model_prob"":0.3528,""unrealistic_flag"":false},""under"":{""american_odds"":-108,""confidence_score"":78.1,""decimal_odds"":1.93,""edge"":0.0883,""expected_value"":0.1355,""fractional_kelly"":0.0364,""hold"":0.0363,""implied_prob"":0.5,""is_value"":true,""kelly_fraction"":0.1457,""market_implied_prob"":0.5181,""model_prob"":0.5883,""raw_model_prob"":0.6472,""unrealistic_flag"":false}},""expected_total"":227.105,""home_bullpen_tax"":null,""home_lineup_profile"":null,""home_pitcher"":null,""home_team"":""Kings"",""individual_models"":{""totals_model"":{""over"":0.3528,""under"":0.6472}},""market_type"":""total"",""model_prob"":0.6472,""model_probs"":{""over"":0.3528,""under"":0.6472},""pick"":""under"",""run_id"":""daily-20260403T124954760386Z"",""run_type"":""daily"",""snapshot_path"":""tracking/snapshots/2026-04-03/nba/daily-20260403T124954760386Z.json"",""snapshot_timestamp"":""2026-04-03T12:49:54Z"",""start_time"":""2026-04-04T02:00Z"",""total_line"":234.5,""total_stddev"":19.568,""weather"":null}","{""pick_type"":""total_lock"",""publication_guard"":{},""selection_config"":{""confidence_floor"":54,""edge_floor"":0.02,""max_picks"":2,""min_expected_value"":0.0,""probability_floor"":0.53}}"
2026-04-05T02:58:45Z,daily-20260404T124051486852Z,daily,2026-04-04T12:40:51Z,tracking/snapshots/2026-04-04/mlb/daily-20260404T124051486852Z.json,mlb,slop_lock,moneyline,Giants,Mets,2026-04-04,2026-04-05T01:05Z,home,,,,0.5689,0.4808,0.4926,0.0881,0.1549,103,2.03,73.2,0.1504,0.0301,,,0.0245,,,,,,0,0.0,0.015,0.52,48,6,4,,"{""away"":0.3724,""home"":0.6276}","{""bullpen_features"":{""away"":0.3625,""home"":0.6375},""elo"":{""away"":0.4563,""home"":0.5437},""handedness_features"":{""away"":0.3788,""home"":0.6212},""pitcher_features"":{""away"":0.4479,""home"":0.5521},""results_features"":{""away"":0.3494,""home"":0.6506},""run_environment"":{""away"":0.4024,""home"":0.5976}}","{""american_odds"":103,""away_availability_profile"":null,""away_bullpen_tax"":0.226,""away_goalie"":null,""away_goalie_status"":null,""away_injury_profile"":null,""away_lineup_profile"":{""active_hitters"":13,""available_hitters"":13,""injured_hitters"":0,""key_bat_absence_score"":0.0,""leader_absence_burden"":0.0,""left_handed_batters"":4,""lefty_share"":0.3077,""right_handed_batters"":9,""righty_share"":0.6923,""switch_hitters"":0,""switch_share"":0.0},""away_pitcher"":""Clay Holmes"",""away_pitcher_hand"":""R"",""away_team"":""Mets"",""best_odds"":{""away"":-114,""home"":103},""completed"":false,""confidence_score"":73.2,""confidence_stars"":3,""date"":""2026-04-04"",""edge"":0.0881,""edges"":{""away"":{""american_odds"":-114,""confidence_score"":14.9,""decimal_odds"":1.88,""edge"":-0.0881,""expected_value"":-0.1895,""fractional_kelly"":0.0,""hold"":0.0245,""implied_prob"":0.5192,""is_value"":false,""kelly_fraction"":0.0,""market_implied_prob"":0.5319,""model_prob"":0.4311,""raw_model_prob"":0.3724,""unrealistic_flag"":false},""home"":{""american_odds"":103,""confidence_score"":73.2,""decimal_odds"":2.03,""edge"":0.0881,""expected_value"":0.1549,""fractional_kelly"":0.0301,""hold"":0.0245,""implied_prob"":0.4808,""is_value"":true,""kelly_fraction"":0.1504,""market_implied_prob"":0.4926,""model_prob"":0.5689,""raw_model_prob"":0.6276,""unrealistic_flag"":false}},""expected_value"":0.1549,""fractional_kelly"":0.0301,""home_availability_profile"":null,""home_bullpen_tax"":0.304,""home_goalie"":null,""home_goalie_status"":null,""home_injury_profile"":null,""home_lineup_profile"":{""active_hitters"":13,""available_hitters"":13,""injured_hitters"":0,""key_bat_absence_score"":0.0,""leader_absence_burden"":0.0,""left_handed_batters"":3,""lefty_share"":0.2308,""right_handed_batters"":10,""righty_share"":0.7692,""switch_hitters"":0,""switch_share"":0.0},""home_pitcher"":""Landen Roupp"",""home_pitcher_hand"":""R"",""home_team"":""Giants"",""individual_models"":{""bullpen_features"":{""away"":0.3625,""home"":0.6375},""elo"":{""away"":0.4563,""home"":0.5437},""handedness_features"":{""away"":0.3788,""home"":0.6212},""pitcher_features"":{""away"":0.4479,""home"":0.5521},""results_features"":{""away"":0.3494,""home"":0.6506},""run_environment"":{""away"":0.4024,""home"":0.5976}},""kelly_fraction"":0.1504,""matchday"":null,""model_prob"":0.6276,""model_probs"":{""away"":0.3724,""home"":0.6276},""neutral"":false,""pick"":""home"",""run_id"":""daily-20260404T124051486852Z"",""run_type"":""daily"",""snapshot_path"":""tracking/snapshots/2026-04-04/mlb/daily-20260404T124051486852Z.json"",""snapshot_timestamp"":""2026-04-04T12:40:51Z"",""start_time"":""2026-04-05T01:05Z"",""weather"":{""precipitation_probability"":0,""temperature_f"":75.7,""weather_exposed"":true,""wind_mph"":10.0}}","{""pick_type"":""slop_lock"",""publication_guard"":{},""selection_config"":{""additional_confidence_floor"":48,""confidence_dropoff"":6,""edge_floor"":0.015,""max_picks"":4,""min_expected_value"":0.0,""probability_floor"":0.52}}"
2026-04-05T02:58:45Z,daily-20260404T124051486852Z,daily,2026-04-04T12:40:51Z,tracking/snapshots/2026-04-04/mlb/daily-20260404T124051486852Z.json,mlb,slop_lock,moneyline,Athletics,Astros,2026-04-04,2026-04-04T20:05Z,home,,,,0.5674,0.4885,0.5,0.0789,0.1348,100,2.0,67.9,0.1348,0.027,,,0.0236,,,,,,0,0.0,0.015,0.52,48,6,4,"{""execution_prices"":{""away"":1.91,""home"":2.0}}","{""away"":0.38,""home"":0.62}","{""bullpen_features"":{""away"":0.403,""home"":0.597},""elo"":{""away"":0.4814,""home"":0.5186},""handedness_features"":{""away"":0.27,""home"":0.73},""pitcher_features"":{""away"":0.4356,""home"":0.5644},""results_features"":{""away"":0.4014,""home"":0.5986},""run_environment"":{""away"":0.3687,""home"":0.6313}}","{""american_odds"":100,""away_availability_profile"":null,""away_bullpen_tax"":0.11,""away_goalie"":null,""away_goalie_status"":null,""away_injury_profile"":null,""away_lineup_profile"":{""active_hitters"":13,""available_hitters"":13,""injured_hitters"":0,""key_bat_absence_score"":0.0,""leader_absence_burden"":0.0,""left_handed_batters"":2,""lefty_share"":0.1538,""right_handed_batters"":11,""righty_share"":0.8462,""switch_hitters"":0,""switch_share"":0.0},""away_pitcher"":""Tatsuya Imai"",""away_pitcher_hand"":""R"",""away_team"":""Astros"",""best_odds"":{""away"":-110,""home"":100},""completed"":false,""confidence_score"":67.9,""confidence_stars"":3,""date"":""2026-04-04"",""edge"":0.0789,""edges"":{""away"":{""american_odds"":-110,""confidence_score"":10.3,""decimal_odds"":1.91,""edge"":-0.0789,""expected_value"":-0.1737,""fractional_kelly"":0.0,""hold"":0.0236,""implied_prob"":0.5115,""is_value"":false,""kelly_fraction"":0.0,""market_implied_prob"":0.5236,""model_prob"":0.4326,""raw_model_prob"":0.38,""unrealistic_flag"":false},""home"":{""american_odds"":100,""confidence_score"":67.9,""decimal_odds"":2.0,""edge"":0.0789,""expected_value"":0.1348,""fractional_kelly"":0.027,""hold"":0.0236,""implied_prob"":0.4885,""is_value"":true,""kelly_fraction"":0.1348,""market_implied_prob"":0.5,""model_prob"":0.5674,""raw_model_prob"":0.62,""unrealistic_flag"":false}},""expected_value"":0.1348,""fractional_kelly"":0.027,""home_availability_profile"":null,""home_bullpen_tax"":0.1,""home_goalie"":null,""home_goalie_status"":null,""home_injury_profile"":null,""home_lineup_profile"":{""active_hitters"":13,""available_hitters"":13,""injured_hitters"":0,""key_bat_absence_score"":0.0,""leader_absence_burden"":0.0,""left_handed_batters"":5,""lefty_share"":0.3846,""right_handed_batters"":8,""righty_share"":0.6154,""switch_hitters"":0,""switch_share"":0.0},""home_pitcher"":""Luis Morales"",""home_pitcher_hand"":""R"",""home_team"":""Athletics"",""individual_models"":{""bullpen_features"":{""away"":0.403,""home"":0.597},""elo"":{""away"":0.4814,""home"":0.5186},""handedness_features"":{""away"":0.27,""home"":0.73},""pitcher_features"":{""away"":0.4356,""home"":0.5644},""results_features"":{""away"":0.4014,""home"":0.5986},""run_environment"":{""away"":0.3687,""home"":0.6313}},""kelly_fraction"":0.1348,""matchday"":null,""model_prob"":0.62,""model_probs"":{""away"":0.38,""home"":0.62},""neutral"":false,""pick"":""home"",""run_id"":""daily-20260404T124051486852Z"",""run_type"":""daily"",""snapshot_path"":""tracking/snapshots/2026-04-04/mlb/daily-20260404T124051486852Z.json"",""snapshot_timestamp"":""2026-04-04T12:40:51Z"",""start_time"":""2026-04-04T20:05Z"",""weather"":{""weather_exposed"":true}}","{""pick_type"":""slop_lock"",""publication_guard"":{},""selection_config"":{""additional_confidence_floor"":48,""confidence_dropoff"":6,""edge_floor"":0.015,""max_picks"":4,""min_expected_value"":0.0,""probability_floor"":0.52}}"
2026-04-05T02:58:45Z,daily-20260404T124051486852Z,daily,2026-04-04T12:40:51Z,tracking/snapshots/2026-04-04/mlb/daily-20260404T124051486852Z.json,mlb,slop_lock,moneyline,Guardians,Cubs,2026-04-04,2026-04-04T23:15Z,home,,,,0.5511,0.4444,0.4545,0.1067,0.2124,120,2.2,66.6,0.177,0.0354,,,0.0227,,,,,,0,0.0,0.015,0.52,48,6,4,"{""execution_prices"":{""away"":1.76,""home"":2.2}}","{""away"":0.3778,""home"":0.6222}","{""bullpen_features"":{""away"":0.47,""home"":0.53},""elo"":{""away"":0.4424,""home"":0.5576},""handedness_features"":{""away"":0.447,""home"":0.553},""pitcher_features"":{""away"":0.3582,""home"":0.6418},""results_features"":{""away"":0.3201,""home"":0.6799},""run_environment"":{""away"":0.3303,""home"":0.6697}}","{""american_odds"":120,""away_availability_profile"":null,""away_bullpen_tax"":0.674,""away_goalie"":null,""away_goalie_status"":null,""away_injury_profile"":null,""away_lineup_profile"":{""active_hitters"":13,""available_hitters"":13,""injured_hitters"":0,""key_bat_absence_score"":0.0,""leader_absence_burden"":0.0,""left_handed_batters"":4,""lefty_share"":0.3077,""right_handed_batters"":9,""righty_share"":0.6923,""switch_hitters"":0,""switch_share"":0.0},""away_pitcher"":""Shota Imanaga"",""away_pitcher_hand"":""L"",""away_team"":""Cubs"",""best_odds"":{""away"":-132,""home"":120},""completed"":false,""confidence_score"":66.6,""confidence_stars"":4,""date"":""2026-04-04"",""edge"":0.1067,""edges"":{""away"":{""american_odds"":-132,""confidence_score"":11.2,""decimal_odds"":1.76,""edge"":-0.1067,""expected_value"":-0.2099,""fractional_kelly"":0.0,""hold"":0.0227,""implied_prob"":0.5556,""is_value"":false,""kelly_fraction"":0.0,""market_implied_prob"":0.5682,""model_prob"":0.4489,""raw_model_prob"":0.3778,""unrealistic_flag"":false},""home"":{""american_odds"":120,""confidence_score"":66.6,""decimal_odds"":2.2,""edge"":0.1067,""expected_value"":0.2124,""fractional_kelly"":0.0354,""hold"":0.0227,""implied_prob"":0.4444,""is_value"":true,""kelly_fraction"":0.177,""market_implied_prob"":0.4545,""model_prob"":0.5511,""raw_model_prob"":0.6222,""unrealistic_flag"":false}},""expected_value"":0.2124,""fractional_kelly"":0.0354,""home_availability_profile"":null,""home_bullpen_tax"":0.332,""home_goalie"":null,""home_goalie_status"":null,""home_injury_profile"":null,""home_lineup_profile"":{""active_hitters"":13,""available_hitters"":12,""injured_hitters"":1,""key_bat_absence_score"":0.0,""leader_absence_burden"":0.0,""left_handed_batters"":6,""lefty_share"":0.5,""right_handed_batters"":6,""righty_share"":0.5,""switch_hitters"":0,""switch_share"":0.0},""home_pitcher"":""Slade Cecconi"",""home_pitcher_hand"":""R"",""home_team"":""Guardians"",""individual_models"":{""bullpen_features"":{""away"":0.47,""home"":0.53},""elo"":{""away"":0.4424,""home"":0.5576},""handedness_features"":{""away"":0.447,""home"":0.553},""pitcher_features"":{""away"":0.3582,""home"":0.6418},""results_features"":{""away"":0.3201,""home"":0.6799},""run_environment"":{""away"":0.3303,""home"":0.6697}},""kelly_fraction"":0.177,""matchday"":null,""model_prob"":0.6222,""model_probs"":{""away"":0.3778,""home"":0.6222},""neutral"":false,""pick"":""home"",""run_id"":""daily-20260404T124051486852Z"",""run_type"":""daily"",""snapshot_path"":""tracking/snapshots/2026-04-04/mlb/daily-20260404T124051486852Z.json"",""snapshot_timestamp"":""2026-04-04T12:40:51Z"",""start_time"":""2026-04-04T23:15Z"",""weather"":{""weather_exposed"":true}}","{""pick_type"":""slop_lock"",""publication_guard"":{},""selection_config"":{""additional_confidence_floor"":48,""confidence_dropoff"":6,""edge_floor"":0.015,""max_picks"":4,""min_expected_value"":0.0,""probability_floor"":0.52}}"
2026-04-05T02:58:45Z,daily-20260404T124051486852Z,daily,2026-04-04T12:40:51Z,tracking/snapshots/2026-04-04/mlb/daily-20260404T124051486852Z.json,mlb,slop_lock,moneyline,Pirates,Orioles,2026-04-04,2026-04-04T20:05Z,home,,,,0.5735,0.5026,0.5128,0.071,0.1184,-105,1.95,65.1,0.1246,0.0249,,,0.0204,,,,,,0,0.0,0.015,0.52,48,6,4,"{""execution_prices"":{""away"":1.97,""home"":1.95}}","{""away"":0.3791,""home"":0.6209}","{""bullpen_features"":{""away"":0.4045,""home"":0.5955},""elo"":{""away"":0.4842,""home"":0.5158},""handedness_features"":{""away"":0.2964,""home"":0.7036},""pitcher_features"":{""away"":0.5478,""home"":0.4522},""results_features"":{""away"":0.3671,""home"":0.6329},""run_environment"":{""away"":0.3705,""home"":0.6295}}","{""american_odds"":-105,""away_availability_profile"":null,""away_bullpen_tax"":0.085,""away_goalie"":null,""away_goalie_status"":null,""away_injury_profile"":null,""away_lineup_profile"":{""active_hitters"":13,""available_hitters"":13,""injured_hitters"":0,""key_bat_absence_score"":0.0,""leader_absence_burden"":0.0,""left_handed_batters"":4,""lefty_share"":0.3077,""right_handed_batters"":9,""righty_share"":0.6923,""switch_hitters"":0,""switch_share"":0.0},""away_pitcher"":""Shane Baz"",""away_pitcher_hand"":""R"",""away_team"":""Orioles"",""best_odds"":{""away"":-103,""home"":-105},""completed"":false,""confidence_score"":65.1,""confidence_stars"":3,""date"":""2026-04-04"",""edge"":0.071,""edges"":{""away"":{""american_odds"":-103,""confidence_score"":7.0,""decimal_odds"":1.97,""edge"":-0.071,""expected_value"":-0.1599,""fractional_kelly"":0.0,""hold"":0.0204,""implied_prob"":0.4974,""is_value"":false,""kelly_fraction"":0.0,""market_implied_prob"":0.5076,""model_prob"":0.4265,""raw_model_prob"":0.3791,""unrealistic_flag"":false},""home"":{""american_odds"":-105,""confidence_score"":65.1,""decimal_odds"":1.95,""edge"":0.071,""expected_value"":0.1184,""fractional_kelly"":0.0249,""hold"":0.0204,""implied_prob"":0.5026,""is_value"":true,""kelly_fraction"":0.1246,""market_implied_prob"":0.5128,""model_prob"":0.5735,""raw_model_prob"":0.6209,""unrealistic_flag"":false}},""expected_value"":0.1184,""fractional_kelly"":0.0249,""home_availability_profile"":null,""home_bullpen_tax"":0.092,""home_goalie"":null,""home_goalie_status"":null,""home_injury_profile"":null,""home_lineup_profile"":{""active_hitters"":13,""available_hitters"":13,""injured_hitters"":0,""key_bat_absence_score"":0.0,""leader_absence_burden"":0.0,""left_handed_batters"":4,""lefty_share"":0.3077,""right_handed_batters"":9,""righty_share"":0.6923,""switch_hitters"":0,""switch_share"":0.0},""home_pitcher"":""Carmen Mlodzinski"",""home_pitcher_hand"":""R"",""home_team"":""Pirates"",""individual_models"":{""bullpen_features"":{""away"":0.4045,""home"":0.5955},""elo"":{""away"":0.4842,""home"":0.5158},""handedness_features"":{""away"":0.2964,""home"":0.7036},""pitcher_features"":{""away"":0.5478,""home"":0.4522},""results_features"":{""away"":0.3671,""home"":0.6329},""run_environment"":{""away"":0.3705,""home"":0.6295}},""kelly_fraction"":0.1246,""matchday"":null,""model_prob"":0.6209,""model_probs"":{""away"":0.3791,""home"":0.6209},""neutral"":false,""pick"":""home"",""run_id"":""daily-20260404T124051486852Z"",""run_type"":""daily"",""snapshot_path"":""tracking/snapshots/2026-04-04/mlb/daily-20260404T124051486852Z.json"",""snapshot_timestamp"":""2026-04-04T12:40:51Z"",""start_time"":""2026-04-04T20:05Z"",""weather"":{""precipitation_probability"":2,""temperature_f"":82.6,""weather_exposed"":true,""wind_mph"":14.3}}","{""pick_type"":""slop_lock"",""publication_guard"":{},""selection_config"":{""additional_confidence_floor"":48,""confidence_dropoff"":6,""edge_floor"":0.015,""max_picks"":4,""min_expected_value"":0.0,""probability_floor"":0.52}}"
2026-04-05T02:58:45Z,daily-20260404T124051486852Z,daily,2026-04-04T12:40:51Z,tracking/snapshots/2026-04-04/mlb/daily-20260404T124051486852Z.json,mlb,total_lock,total,Rangers,Reds,2026-04-04,2026-04-04T23:05Z,over,8.0,10.368,4.769,0.6203,0.5154,0.5291,0.1049,0.1724,-112,1.89,82.6,0.1937,0.0387,,,0.0266,,,,,,0,0.0,0.02,0.53,54,,3,"{""execution_prices"":{""over"":1.89,""under"":2.01},""line"":8.0}","{""over"":0.6903,""under"":0.3097}","{""totals_model"":{""over"":0.6903,""under"":0.3097}}","{""american_odds"":-112,""away_bullpen_tax"":0.188,""away_lineup_profile"":{""active_hitters"":13,""available_hitters"":13,""injured_hitters"":0,""key_bat_absence_score"":0.0,""leader_absence_burden"":0.0,""left_handed_batters"":3,""lefty_share"":0.2308,""right_handed_batters"":10,""righty_share"":0.7692,""switch_hitters"":0,""switch_share"":0.0},""away_pitcher"":""Rhett Lowder"",""away_team"":""Reds"",""completed"":false,""confidence_score"":82.6,""date"":""2026-04-04"",""edges"":{""over"":{""american_odds"":-112,""confidence_score"":82.6,""decimal_odds"":1.89,""edge"":0.1049,""expected_value"":0.1724,""fractional_kelly"":0.0387,""hold"":0.0266,""implied_prob"":0.5154,""is_value"":true,""kelly_fraction"":0.1937,""market_implied_prob"":0.5291,""model_prob"":0.6203,""raw_model_prob"":0.6903,""unrealistic_flag"":false},""under"":{""american_odds"":101,""confidence_score"":14.1,""decimal_odds"":2.01,""edge"":-0.1049,""expected_value"":-0.2368,""fractional_kelly"":0.0,""hold"":0.0266,""implied_prob"":0.4846,""is_value"":false,""kelly_fraction"":0.0,""market_implied_prob"":0.4975,""model_prob"":0.3797,""raw_model_prob"":0.3097,""unrealistic_flag"":false}},""expected_total"":10.368,""home_bullpen_tax"":0.092,""home_lineup_profile"":{""active_hitters"":13,""available_hitters"":13,""injured_hitters"":0,""key_bat_absence_score"":0.0,""leader_absence_burden"":0.0,""left_handed_batters"":5,""lefty_share"":0.3846,""right_handed_batters"":8,""righty_share"":0.6154,""switch_hitters"":0,""switch_share"":0.0},""home_pitcher"":""Kumar Rocker"",""home_team"":""Rangers"",""individual_models"":{""totals_model"":{""over"":0.6903,""under"":0.3097}},""market_type"":""total"",""model_prob"":0.6903,""model_probs"":{""over"":0.6903,""under"":0.3097},""pick"":""over"",""run_id"":""daily-20260404T124051486852Z"",""run_type"":""daily"",""snapshot_path"":""tracking/snapshots/2026-04-04/mlb/daily-20260404T124051486852Z.json"",""snapshot_timestamp"":""2026-04-04T12:40:51Z"",""start_time"":""2026-04-04T23:05Z"",""total_line"":8.0,""total_stddev"":4.769,""weather"":{""precipitation_probability"":null,""temperature_f"":null,""weather_exposed"":false,""wind_mph"":null}}","{""pick_type"":""total_lock"",""publication_guard"":{},""selection_config"":{""confidence_floor"":54,""edge_floor"":0.02,""max_picks"":3,""min_expected_value"":0.0,""probability_floor"":0.53}}"
2026-04-05T02:58:45Z,daily-20260404T124051486852Z,daily,2026-04-04T12:40:51Z,tracking/snapshots/2026-04-04/mlb/daily-20260404T124051486852Z.json,mlb,total_lock,total,Yankees,Marlins,2026-04-04,2026-04-04T23:05Z,over,8.0,10.209,4.769,0.5994,0.4808,0.4926,0.1185,0.2167,103,2.03,79.7,0.2104,0.0421,,,0.0245,,,,,,0,0.0,0.02,0.53,54,,3,"{""execution_prices"":{""over"":2.03,""under"":1.88},""line"":8.0}","{""over"":0.6784,""under"":0.3216}","{""totals_model"":{""over"":0.6784,""under"":0.3216}}","{""american_odds"":103,""away_bullpen_tax"":0.068,""away_lineup_profile"":{""active_hitters"":13,""available_hitters"":13,""injured_hitters"":0,""key_bat_absence_score"":0.0,""leader_absence_burden"":0.0,""left_handed_batters"":5,""lefty_share"":0.3846,""right_handed_batters"":8,""righty_share"":0.6154,""switch_hitters"":0,""switch_share"":0.0},""away_pitcher"":""Max Meyer"",""away_team"":""Marlins"",""completed"":false,""confidence_score"":79.7,""date"":""2026-04-04"",""edges"":{""over"":{""american_odds"":103,""confidence_score"":79.7,""decimal_odds"":2.03,""edge"":0.1185,""expected_value"":0.2167,""fractional_kelly"":0.0421,""hold"":0.0245,""implied_prob"":0.4808,""is_value"":true,""kelly_fraction"":0.2104,""market_implied_prob"":0.4926,""model_prob"":0.5994,""raw_model_prob"":0.6784,""unrealistic_flag"":false},""under"":{""american_odds"":-114,""confidence_score"":16.9,""decimal_odds"":1.88,""edge"":-0.1185,""expected_value"":-0.2468,""fractional_kelly"":0.0,""hold"":0.0245,""implied_prob"":0.5192,""is_value"":false,""kelly_fraction"":0.0,""market_implied_prob"":0.5319,""model_prob"":0.4006,""raw_model_prob"":0.3216,""unrealistic_flag"":false}},""expected_total"":10.209,""home_bullpen_tax"":0.152,""home_lineup_profile"":{""active_hitters"":13,""available_hitters"":13,""injured_hitters"":0,""key_bat_absence_score"":0.0,""leader_absence_burden"":0.0,""left_handed_batters"":7,""lefty_share"":0.5385,""right_handed_batters"":6,""righty_share"":0.4615,""switch_hitters"":0,""switch_share"":0.0},""home_pitcher"":""Ryan Weathers"",""home_team"":""Yankees"",""individual_models"":{""totals_model"":{""over"":0.6784,""under"":0.3216}},""market_type"":""total"",""model_prob"":0.6784,""model_probs"":{""over"":0.6784,""under"":0.3216},""pick"":""over"",""run_id"":""daily-20260404T124051486852Z"",""run_type"":""daily"",""snapshot_path"":""tracking/snapshots/2026-04-04/mlb/daily-20260404T124051486852Z.json"",""snapshot_timestamp"":""2026-04-04T12:40:51Z"",""start_time"":""2026-04-04T23:05Z"",""total_line"":8.0,""total_stddev"":4.769,""weather"":{""weather_exposed"":true}}","{""pick_type"":""total_lock"",""publication_guard"":{},""selection_config"":{""confidence_floor"":54,""edge_floor"":0.02,""max_picks"":3,""min_expected_value"":0.0,""probability_floor"":0.53}}"
2026-04-05T02:58:45Z,daily-20260404T124051486852Z,daily,2026-04-04T12:40:51Z,tracking/snapshots/2026-04-04/mlb/daily-20260404T124051486852Z.json,mlb,total_lock,total,Guardians,Cubs,2026-04-04,2026-04-04T23:15Z,over,8.0,9.815,4.769,0.5828,0.4846,0.4975,0.0982,0.1714,101,2.01,77.3,0.1697,0.0339,,,0.0266,,,,,,0,0.0,0.02,0.53,54,,3,"{""execution_prices"":{""over"":2.01,""under"":1.89},""line"":8.0}","{""over"":0.6483,""under"":0.3517}","{""totals_model"":{""over"":0.6483,""under"":0.3517}}","{""american_odds"":101,""away_bullpen_tax"":0.674,""away_lineup_profile"":{""active_hitters"":13,""available_hitters"":13,""injured_hitters"":0,""key_bat_absence_score"":0.0,""leader_absence_burden"":0.0,""left_handed_batters"":4,""lefty_share"":0.3077,""right_handed_batters"":9,""righty_share"":0.6923,""switch_hitters"":0,""switch_share"":0.0},""away_pitcher"":""Shota Imanaga"",""away_team"":""Cubs"",""completed"":false,""confidence_score"":77.3,""date"":""2026-04-04"",""edges"":{""over"":{""american_odds"":101,""confidence_score"":77.3,""decimal_odds"":2.01,""edge"":0.0982,""expected_value"":0.1714,""fractional_kelly"":0.0339,""hold"":0.0266,""implied_prob"":0.4846,""is_value"":true,""kelly_fraction"":0.1697,""market_implied_prob"":0.4975,""model_prob"":0.5828,""raw_model_prob"":0.6483,""unrealistic_flag"":false},""under"":{""american_odds"":-112,""confidence_score"":16.9,""decimal_odds"":1.89,""edge"":-0.0982,""expected_value"":-0.2115,""fractional_kelly"":0.0,""hold"":0.0266,""implied_prob"":0.5154,""is_value"":false,""kelly_fraction"":0.0,""market_implied_prob"":0.5291,""model_prob"":0.4172,""raw_model_prob"":0.3517,""unrealistic_flag"":false}},""expected_total"":9.815,""home_bullpen_tax"":0.332,""home_lineup_profile"":{""active_hitters"":13,""available_hitters"":12,""injured_hitters"":1,""key_bat_absence_score"":0.0,""leader_absence_burden"":0.0,""left_handed_batters"":6,""lefty_share"":0.5,""right_handed_batters"":6,""righty_share"":0.5,""switch_hitters"":0,""switch_share"":0.0},""home_pitcher"":""Slade Cecconi"",""home_team"":""Guardians"",""individual_models"":{""totals_model"":{""over"":0.6483,""under"":0.3517}},""market_type"":""total"",""model_prob"":0.6483,""model_probs"":{""over"":0.6483,""under"":0.3517},""pick"":""over"",""run_id"":""daily-20260404T124051486852Z"",""run_type"":""daily"",""snapshot_path"":""tracking/snapshots/2026-04-04/mlb/daily-20260404T124051486852Z.json"",""snapshot_timestamp"":""2026-04-04T12:40:51Z"",""start_time"":""2026-04-04T23:15Z"",""total_line"":8.0,""total_stddev"":4.769,""weather"":{""weather_exposed"":true}}","{""pick_type"":""total_lock"",""publication_guard"":{},""selection_config"":{""confidence_floor"":54,""edge_floor"":0.02,""max_picks"":3,""min_expected_value"":0.0,""probability_floor"":0.53}}"
2026-04-05T02:58:45Z,refresh-20260404T212832044730Z,refresh,2026-04-04T21:28:32Z,tracking/snapshots/2026-04-04/mlb/refresh-20260404T212832044730Z.json,mlb,total_lock,total,Twins,Rays,2026-04-04,2026-04-05T18:11:00Z,over,8.0,10.259,4.769,0.6041,0.487,0.5051,0.1171,0.1962,-102,1.98,80.3,0.2002,0.04,,,0.037,,,,,,0,0.0,0.02,0.53,54,,3,"{""execution_prices"":{""over"":1.98,""under"":1.88},""line"":8.0}","{""over"":0.6822,""under"":0.3178}","{""totals_model"":{""over"":0.7259,""under"":0.2741}}","{""american_odds"":-102,""away_bullpen_tax"":0.2,""away_lineup_profile"":{""active_hitters"":13,""available_hitters"":12,""confirmed_hitters"":9,""confirmed_leader_absence_burden"":0,""confirmed_lefty_share"":0.6667,""confirmed_lineup"":true,""confirmed_righty_share"":0.3333,""confirmed_switch_share"":0.0,""confirmed_top_order_score"":1.0,""injured_hitters"":1,""key_bat_absence_score"":0.0,""leader_absence_burden"":0.0,""left_handed_batters"":5,""lefty_share"":0.4167,""right_handed_batters"":7,""righty_share"":0.5833,""switch_hitters"":0,""switch_share"":0.0},""away_pitcher"":""Steven Matz"",""away_pitcher_hand"":""L"",""away_team"":""Rays"",""base_expected_total"":10.363,""completed"":false,""confidence_score"":80.3,""date"":""2026-04-04"",""edges"":{""over"":{""american_odds"":-102,""confidence_score"":80.3,""decimal_odds"":1.98,""edge"":0.1171,""expected_value"":0.1962,""fractional_kelly"":0.04,""hold"":0.037,""implied_prob"":0.487,""is_value"":true,""kelly_fraction"":0.2002,""market_implied_prob"":0.5051,""model_prob"":0.6041,""raw_model_prob"":0.6822,""unrealistic_flag"":false},""under"":{""american_odds"":-114,""confidence_score"":14.1,""decimal_odds"":1.88,""edge"":-0.1171,""expected_value"":-0.2557,""fractional_kelly"":0.0,""hold"":0.037,""implied_prob"":0.513,""is_value"":false,""kelly_fraction"":0.0,""market_implied_prob"":0.5319,""model_prob"":0.3959,""raw_model_prob"":0.3178,""unrealistic_flag"":false}},""expected_total"":10.259,""home_bullpen_tax"":0.694,""home_lineup_profile"":{""active_hitters"":13,""available_hitters"":13,""confirmed_hitters"":9,""confirmed_leader_absence_burden"":0.6,""confirmed_lefty_share"":0.2222,""confirmed_lineup"":true,""confirmed_righty_share"":0.4444,""confirmed_switch_share"":0.0,""confirmed_top_order_score"":1.0,""injured_hitters"":0,""key_bat_absence_score"":0.0,""leader_absence_burden"":0.0,""left_handed_batters"":5,""lefty_share"":0.3846,""right_handed_batters"":8,""righty_share"":0.6154,""switch_hitters"":0,""switch_share"":0.0},""home_pitcher"":""Mick Abel"",""home_pitcher_hand"":""R"",""home_team"":""Twins"",""individual_models"":{""totals_model"":{""over"":0.7259,""under"":0.2741}},""market_type"":""total"",""model_prob"":0.6822,""model_probs"":{""over"":0.6822,""under"":0.3178},""neutral"":false,""pick"":""over"",""run_id"":""refresh-20260404T212832044730Z"",""run_type"":""refresh"",""snapshot_path"":""tracking/snapshots/2026-04-04/mlb/refresh-20260404T212832044730Z.json"",""snapshot_timestamp"":""2026-04-04T21:28:32Z"",""start_time"":""2026-04-05T18:11:00Z"",""total_line"":8.0,""total_stddev"":4.769,""weather"":{""precipitation_probability"":15,""temperature_f"":36.5,""weather_exposed"":true,""wind_mph"":13.7}}","{""pick_type"":""total_lock"",""publication_guard"":{},""selection_config"":{""confidence_floor"":54,""edge_floor"":0.02,""max_picks"":3,""min_expected_value"":0.0,""probability_floor"":0.53}}"
2026-04-05T02:58:45Z,refresh-20260404T212832044730Z,refresh,2026-04-04T21:28:32Z,tracking/snapshots/2026-04-04/mlb/refresh-20260404T212832044730Z.json,mlb,total_lock,total,Rockies,Phillies,2026-04-04,2026-04-05T19:11:00Z,over,11.0,12.987,4.769,0.6031,0.5155,0.5319,0.0876,0.1338,-114,1.88,80.2,0.1521,0.0304,,,0.0319,,,,,,0,0.0,0.02,0.53,54,,3,,"{""over"":0.6615,""under"":0.3385}","{""totals_model"":{""over"":0.7259,""under"":0.2741}}","{""american_odds"":-114,""away_bullpen_tax"":0.121,""away_lineup_profile"":{""active_hitters"":13,""available_hitters"":13,""confirmed_hitters"":9,""confirmed_leader_absence_burden"":0,""confirmed_lefty_share"":0.5556,""confirmed_lineup"":true,""confirmed_righty_share"":0.4444,""confirmed_switch_share"":0.0,""confirmed_top_order_score"":1.0,""injured_hitters"":0,""key_bat_absence_score"":0.0,""leader_absence_burden"":0.0,""left_handed_batters"":5,""lefty_share"":0.3846,""right_handed_batters"":8,""righty_share"":0.6154,""switch_hitters"":0,""switch_share"":0.0},""away_pitcher"":""Jesus Luzardo"",""away_pitcher_hand"":""L"",""away_team"":""Phillies"",""base_expected_total"":12.863,""completed"":false,""confidence_score"":80.2,""date"":""2026-04-04"",""edges"":{""over"":{""american_odds"":-114,""confidence_score"":80.2,""decimal_odds"":1.88,""edge"":0.0876,""expected_value"":0.1338,""fractional_kelly"":0.0304,""hold"":0.0319,""implied_prob"":0.5155,""is_value"":true,""kelly_fraction"":0.1521,""market_implied_prob"":0.5319,""model_prob"":0.6031,""raw_model_prob"":0.6615,""unrealistic_flag"":false},""under"":{""american_odds"":100,""confidence_score"":14.1,""decimal_odds"":2.0,""edge"":-0.0876,""expected_value"":-0.2062,""fractional_kelly"":0.0,""hold"":0.0319,""implied_prob"":0.4845,""is_value"":false,""kelly_fraction"":0.0,""market_implied_prob"":0.5,""model_prob"":0.3969,""raw_model_prob"":0.3385,""unrealistic_flag"":false}},""expected_total"":12.987,""home_bullpen_tax"":0.595,""home_lineup_profile"":{""active_hitters"":13,""available_hitters"":13,""confirmed_hitters"":9,""confirmed_leader_absence_burden"":0.6,""confirmed_lefty_share"":0.2222,""confirmed_lineup"":true,""confirmed_righty_share"":0.6667,""confirmed_switch_share"":0.0,""confirmed_top_order_score"":1.0,""injured_hitters"":0,""key_bat_absence_score"":0.0,""leader_absence_burden"":0.0,""left_handed_batters"":5,""lefty_share"":0.3846,""right_handed_batters"":8,""righty_share"":0.6154,""switch_hitters"":0,""switch_share"":0.0},""home_pitcher"":""Brennan Bernardino"",""home_pitcher_hand"":""L"",""home_team"":""Rockies"",""individual_models"":{""totals_model"":{""over"":0.7259,""under"":0.2741}},""market_type"":""total"",""model_prob"":0.6615,""model_probs"":{""over"":0.6615,""under"":0.3385},""neutral"":false,""pick"":""over"",""run_id"":""refresh-20260404T212832044730Z"",""run_type"":""refresh"",""snapshot_path"":""tracking/snapshots/2026-04-04/mlb/refresh-20260404T212832044730Z.json"",""snapshot_timestamp"":""2026-04-04T21:28:32Z"",""start_time"":""2026-04-05T19:11:00Z"",""total_line"":11.0,""total_stddev"":4.769,""weather"":{""precipitation_probability"":1,""temperature_f"":61.3,""weather_exposed"":true,""wind_mph"":11.2}}","{""pick_type"":""total_lock"",""publication_guard"":{},""selection_config"":{""confidence_floor"":54,""edge_floor"":0.02,""max_picks"":3,""min_expected_value"":0.0,""probability_floor"":0.53}}"
2026-04-05T02:58:45Z,daily-20260404T124051486852Z,daily,2026-04-04T12:40:51Z,tracking/snapshots/2026-04-04/nba/daily-20260404T124051486852Z.json,nba,slop_lock,moneyline,Nuggets,Spurs,2026-04-04,2026-04-04T19:00Z,away,,,,0.6418,0.5564,0.565,0.0854,0.136,-130,1.77,81.9,0.1766,0.0441,,,0.0154,,,,,,0,0.0,0.02,0.5,52,8,5,"{""execution_prices"":{""away"":1.77,""home"":2.22}}","{""away"":0.6987,""home"":0.3013}","{""efficiency"":{""away"":0.536,""home"":0.464},""elo"":{""away"":0.6482,""home"":0.3518},""four_factors"":{""away"":0.4932,""home"":0.5068},""nba_matchup"":{""away"":0.5819,""home"":0.4181},""recent_boxscore"":{""away"":0.5802,""home"":0.4198},""results_features"":{""away"":0.585,""home"":0.415}}","{""american_odds"":-130,""away_availability_profile"":{""active_players"":18,""available_core_players"":17,""doubtful_players"":0,""event_injury_burden"":2.0,""event_key_absence_score"":0.0,""event_leader_absence_burden"":0.0,""event_leader_uncertainty_burden"":0.0,""event_uncertainty_burden"":0.0,""injured_players"":1,""injury_burden"":1.0,""key_absence_score"":0.0,""leader_absence_burden"":0.0,""leader_uncertainty_burden"":0.0,""questionable_players"":0,""uncertainty_burden"":0.0},""away_bullpen_tax"":null,""away_goalie"":null,""away_goalie_status"":null,""away_injury_profile"":null,""away_lineup_profile"":null,""away_pitcher"":null,""away_pitcher_hand"":null,""away_team"":""Spurs"",""best_odds"":{""away"":-130,""home"":122},""completed"":false,""confidence_score"":81.9,""confidence_stars"":3,""date"":""2026-04-04"",""edge"":0.0854,""edges"":{""away"":{""american_odds"":-130,""confidence_score"":81.9,""decimal_odds"":1.77,""edge"":0.0854,""expected_value"":0.136,""fractional_kelly"":0.0441,""hold"":0.0154,""implied_prob"":0.5564,""is_value"":true,""kelly_fraction"":0.1766,""market_implied_prob"":0.565,""model_prob"":0.6418,""raw_model_prob"":0.6987,""unrealistic_flag"":false},""home"":{""american_odds"":122,""confidence_score"":11.3,""decimal_odds"":2.22,""edge"":-0.0854,""expected_value"":-0.2048,""fractional_kelly"":0.0,""hold"":0.0154,""implied_prob"":0.4436,""is_value"":false,""kelly_fraction"":0.0,""market_implied_prob"":0.4505,""model_prob"":0.3582,""raw_model_prob"":0.3013,""unrealistic_flag"":false}},""expected_value"":0.136,""fractional_kelly"":0.0441,""home_availability_profile"":{""active_players"":18,""available_core_players"":18,""doubtful_players"":0,""event_injury_burden"":3.35,""event_key_absence_score"":0.0,""event_leader_absence_burden"":0.0,""event_leader_uncertainty_burden"":0.0,""event_uncertainty_burden"":0.35,""injured_players"":0,""injury_burden"":0.0,""key_absence_score"":0.0,""leader_absence_burden"":0.0,""leader_uncertainty_burden"":0.0,""questionable_players"":0,""uncertainty_burden"":0.0},""home_bullpen_tax"":null,""home_goalie"":null,""home_goalie_status"":null,""home_injury_profile"":null,""home_lineup_profile"":null,""home_pitcher"":null,""home_pitcher_hand"":null,""home_team"":""Nuggets"",""individual_models"":{""efficiency"":{""away"":0.536,""home"":0.464},""elo"":{""away"":0.6482,""home"":0.3518},""four_factors"":{""away"":0.4932,""home"":0.5068},""nba_matchup"":{""away"":0.5819,""home"":0.4181},""recent_boxscore"":{""away"":0.5802,""home"":0.4198},""results_features"":{""away"":0.585,""home"":0.415}},""kelly_fraction"":0.1766,""matchday"":null,""model_prob"":0.6987,""model_probs"":{""away"":0.6987,""home"":0.3013},""neutral"":false,""pick"":""away"",""run_id"":""daily-20260404T124051486852Z"",""run_type"":""daily"",""snapshot_path"":""tracking/snapshots/2026-04-04/nba/daily-20260404T124051486852Z.json"",""snapshot_timestamp"":""2026-04-04T12:40:51Z"",""start_time"":""2026-04-04T19:00Z"",""weather"":null}","{""pick_type"":""slop_lock"",""publication_guard"":{},""selection_config"":{""additional_confidence_floor"":52,""confidence_dropoff"":8,""edge_floor"":0.02,""max_picks"":5,""min_expected_value"":0.0,""probability_floor"":0.5}}"
2026-04-05T02:58:45Z,daily-20260404T124051486852Z,daily,2026-04-04T12:40:51Z,tracking/snapshots/2026-04-04/nba/daily-20260404T124051486852Z.json,nba,slop_lock,moneyline,76ers,Pistons,2026-04-04,2026-04-04T23:00Z,away,,,,0.6412,0.5573,0.5747,0.0839,0.1156,-135,1.74,79.3,0.1562,0.0391,,,0.0313,,,,,,0,0.0,0.02,0.5,52,8,5,"{""execution_prices"":{""away"":1.74,""home"":2.19}}","{""away"":0.6971,""home"":0.3029}","{""efficiency"":{""away"":0.5788,""home"":0.4212},""elo"":{""away"":0.6903,""home"":0.3097},""four_factors"":{""away"":0.4865,""home"":0.5135},""nba_matchup"":{""away"":0.6094,""home"":0.3906},""recent_boxscore"":{""away"":0.5843,""home"":0.4157},""results_features"":{""away"":0.5743,""home"":0.4257}}","{""american_odds"":-135,""away_availability_profile"":{""active_players"":18,""available_core_players"":11,""doubtful_players"":0,""event_injury_burden"":2.7,""event_key_absence_score"":0.0,""event_leader_absence_burden"":0.0,""event_leader_uncertainty_burden"":0.0,""event_uncertainty_burden"":0.7,""injured_players"":7,""injury_burden"":3.75,""key_absence_score"":0.35,""leader_absence_burden"":0.752,""leader_uncertainty_burden"":0.752,""questionable_players"":5,""uncertainty_burden"":1.75},""away_bullpen_tax"":null,""away_goalie"":null,""away_goalie_status"":null,""away_injury_profile"":null,""away_lineup_profile"":null,""away_pitcher"":null,""away_pitcher_hand"":null,""away_team"":""Pistons"",""best_odds"":{""away"":-135,""home"":119},""completed"":false,""confidence_score"":79.3,""confidence_stars"":3,""date"":""2026-04-04"",""edge"":0.0839,""edges"":{""away"":{""american_odds"":-135,""confidence_score"":79.3,""decimal_odds"":1.74,""edge"":0.0839,""expected_value"":0.1156,""fractional_kelly"":0.0391,""hold"":0.0313,""implied_prob"":0.5573,""is_value"":true,""kelly_fraction"":0.1562,""market_implied_prob"":0.5747,""model_prob"":0.6412,""raw_model_prob"":0.6971,""unrealistic_flag"":false},""home"":{""american_odds"":119,""confidence_score"":9.4,""decimal_odds"":2.19,""edge"":-0.0839,""expected_value"":-0.2141,""fractional_kelly"":0.0,""hold"":0.0313,""implied_prob"":0.4427,""is_value"":false,""kelly_fraction"":0.0,""market_implied_prob"":0.4566,""model_prob"":0.3588,""raw_model_prob"":0.3029,""unrealistic_flag"":false}},""expected_value"":0.1156,""fractional_kelly"":0.0391,""home_availability_profile"":{""active_players"":18,""available_core_players"":17,""doubtful_players"":0,""event_injury_burden"":1.7,""event_key_absence_score"":0.0,""event_leader_absence_burden"":0.0,""event_leader_uncertainty_burden"":0.0,""event_uncertainty_burden"":0.7,""injured_players"":1,""injury_burden"":1.0,""key_absence_score"":0.0,""leader_absence_burden"":0.0,""leader_uncertainty_burden"":0.0,""questionable_players"":0,""uncertainty_burden"":0.0},""home_bullpen_tax"":null,""home_goalie"":null,""home_goalie_status"":null,""home_injury_profile"":null,""home_lineup_profile"":null,""home_pitcher"":null,""home_pitcher_hand"":null,""home_team"":""76ers"",""individual_models"":{""efficiency"":{""away"":0.5788,""home"":0.4212},""elo"":{""away"":0.6903,""home"":0.3097},""four_factors"":{""away"":0.4865,""home"":0.5135},""nba_matchup"":{""away"":0.6094,""home"":0.3906},""recent_boxscore"":{""away"":0.5843,""home"":0.4157},""results_features"":{""away"":0.5743,""home"":0.4257}},""kelly_fraction"":0.1562,""matchday"":null,""model_prob"":0.6971,""model_probs"":{""away"":0.6971,""home"":0.3029},""neutral"":false,""pick"":""away"",""run_id"":""daily-20260404T124051486852Z"",""run_type"":""daily"",""snapshot_path"":""tracking/snapshots/2026-04-04/nba/daily-20260404T124051486852Z.json"",""snapshot_timestamp"":""2026-04-04T12:40:51Z"",""start_time"":""2026-04-04T23:00Z"",""weather"":null}","{""pick_type"":""slop_lock"",""publication_guard"":{},""selection_config"":{""additional_confidence_floor"":52,""confidence_dropoff"":8,""edge_floor"":0.02,""max_picks"":5,""min_expected_value"":0.0,""probability_floor"":0.5}}"
2026-04-05T02:58:45Z,daily-20260404T124051486852Z,daily,2026-04-04T12:40:51Z,tracking/snapshots/2026-04-04/nba/daily-20260404T124051486852Z.json,nba,total_lock,total,Heat,Wizards,2026-04-04,2026-04-04T19:00Z,under,247.5,240.925,19.53,0.5791,0.5,0.5181,0.0791,0.1176,-108,1.93,76.8,0.1265,0.0316,,,0.0363,,,,,,0,0.0,0.02,0.53,54,,2,"{""execution_prices"":{""over"":1.93,""under"":1.93},""line"":247.5}","{""over"":0.3682,""under"":0.6318}","{""totals_model"":{""over"":0.3682,""under"":0.6318}}","{""american_odds"":-108,""away_bullpen_tax"":null,""away_lineup_profile"":null,""away_pitcher"":null,""away_team"":""Wizards"",""completed"":false,""confidence_score"":76.8,""date"":""2026-04-04"",""edges"":{""over"":{""american_odds"":-108,""confidence_score"":16.9,""decimal_odds"":1.93,""edge"":-0.0791,""expected_value"":-0.1876,""fractional_kelly"":0.0,""hold"":0.0363,""implied_prob"":0.5,""is_value"":false,""kelly_fraction"":0.0,""market_implied_prob"":0.5181,""model_prob"":0.4209,""raw_model_prob"":0.3682,""unrealistic_flag"":false},""under"":{""american_odds"":-108,""confidence_score"":76.8,""decimal_odds"":1.93,""edge"":0.0791,""expected_value"":0.1176,""fractional_kelly"":0.0316,""hold"":0.0363,""implied_prob"":0.5,""is_value"":true,""kelly_fraction"":0.1265,""market_implied_prob"":0.5181,""model_prob"":0.5791,""raw_model_prob"":0.6318,""unrealistic_flag"":false}},""expected_total"":240.925,""home_bullpen_tax"":null,""home_lineup_profile"":null,""home_pitcher"":null,""home_team"":""Heat"",""individual_models"":{""totals_model"":{""over"":0.3682,""under"":0.6318}},""market_type"":""total"",""model_prob"":0.6318,""model_probs"":{""over"":0.3682,""under"":0.6318},""pick"":""under"",""run_id"":""daily-20260404T124051486852Z"",""run_type"":""daily"",""snapshot_path"":""tracking/snapshots/2026-04-04/nba/daily-20260404T124051486852Z.json"",""snapshot_timestamp"":""2026-04-04T12:40:51Z"",""start_time"":""2026-04-04T19:00Z"",""total_line"":247.5,""total_stddev"":19.53,""weather"":null}","{""pick_type"":""total_lock"",""publication_guard"":{},""selection_config"":{""confidence_floor"":54,""edge_floor"":0.02,""max_picks"":2,""min_expected_value"":0.0,""probability_floor"":0.53}}"
2026-04-05T02:58:45Z,daily-20260404T124051486852Z,daily,2026-04-04T12:40:51Z,tracking/snapshots/2026-04-04/nba/daily-20260404T124051486852Z.json,nba,total_lock,total,Nuggets,Spurs,2026-04-04,2026-04-04T19:00Z,under,242.5,230.997,19.53,0.563,0.4948,0.5128,0.0682,0.0978,-105,1.95,74.1,0.103,0.0257,,,0.0364,,,,,,0,0.0,0.02,0.53,54,,2,"{""execution_prices"":{""over"":1.91,""under"":1.95},""line"":242.5}","{""over"":0.2779,""under"":0.7221}","{""totals_model"":{""over"":0.2779,""under"":0.7221}}","{""american_odds"":-105,""away_bullpen_tax"":null,""away_lineup_profile"":null,""away_pitcher"":null,""away_team"":""Spurs"",""completed"":false,""confidence_score"":74.1,""date"":""2026-04-04"",""edges"":{""over"":{""american_odds"":-110,""confidence_score"":16.9,""decimal_odds"":1.91,""edge"":-0.0682,""expected_value"":-0.1653,""fractional_kelly"":0.0,""hold"":0.0364,""implied_prob"":0.5052,""is_value"":false,""kelly_fraction"":0.0,""market_implied_prob"":0.5236,""model_prob"":0.437,""raw_model_prob"":0.2779,""unrealistic_flag"":true},""under"":{""american_odds"":-105,""confidence_score"":74.1,""decimal_odds"":1.95,""edge"":0.0682,""expected_value"":0.0978,""fractional_kelly"":0.0257,""hold"":0.0364,""implied_prob"":0.4948,""is_value"":true,""kelly_fraction"":0.103,""market_implied_prob"":0.5128,""model_prob"":0.563,""raw_model_prob"":0.7221,""unrealistic_flag"":true}},""expected_total"":230.997,""home_bullpen_tax"":null,""home_lineup_profile"":null,""home_pitcher"":null,""home_team"":""Nuggets"",""individual_models"":{""totals_model"":{""over"":0.2779,""under"":0.7221}},""market_type"":""total"",""model_prob"":0.7221,""model_probs"":{""over"":0.2779,""under"":0.7221},""pick"":""under"",""run_id"":""daily-20260404T124051486852Z"",""run_type"":""daily"",""snapshot_path"":""tracking/snapshots/2026-04-04/nba/daily-20260404T124051486852Z.json"",""snapshot_timestamp"":""2026-04-04T12:40:51Z"",""start_time"":""2026-04-04T19:00Z"",""total_line"":242.5,""total_stddev"":19.53,""weather"":null}","{""pick_type"":""total_lock"",""publication_guard"":{},""selection_config"":{""confidence_floor"":54,""edge_floor"":0.02,""max_picks"":2,""min_expected_value"":0.0,""probability_floor"":0.53}}"
2026-04-05T02:58:45Z,daily-20260404T124051486852Z,daily,2026-04-04T12:40:51Z,tracking/snapshots/2026-04-04/ncaam/daily-20260404T124051486852Z.json,ncaam,slop_lock,moneyline,Arizona,Michigan,2026-04-04,2026-04-05T00:49Z,home,,,,0.5222,0.4716,0.4878,0.0506,0.0706,105,2.05,50.9,0.0672,0.0168,,,0.0343,,,,,,0,0.0,0.02,0.5,52,8,5,,"{""away"":0.444,""home"":0.556}","{""efficiency"":{""away"":0.4893,""home"":0.5107},""elo"":{""away"":0.4634,""home"":0.5366},""four_factors"":{""away"":0.3653,""home"":0.6347},""recent_boxscore"":{""away"":0.4007,""home"":0.5993},""results_features"":{""away"":0.285,""home"":0.715}}","{""american_odds"":105,""away_availability_profile"":null,""away_bullpen_tax"":null,""away_goalie"":null,""away_goalie_status"":null,""away_injury_profile"":null,""away_lineup_profile"":null,""away_pitcher"":null,""away_pitcher_hand"":null,""away_team"":""Michigan"",""best_odds"":{""away"":-120,""home"":105},""completed"":false,""confidence_score"":50.9,""confidence_stars"":2,""date"":""2026-04-04"",""edge"":0.0506,""edges"":{""away"":{""american_odds"":-120,""confidence_score"":13.7,""decimal_odds"":1.83,""edge"":-0.0506,""expected_value"":-0.1257,""fractional_kelly"":0.0,""hold"":0.0343,""implied_prob"":0.5284,""is_value"":false,""kelly_fraction"":0.0,""market_implied_prob"":0.5464,""model_prob"":0.4778,""raw_model_prob"":0.444,""unrealistic_flag"":false},""home"":{""american_odds"":105,""confidence_score"":50.9,""decimal_odds"":2.05,""edge"":0.0506,""expected_value"":0.0706,""fractional_kelly"":0.0168,""hold"":0.0343,""implied_prob"":0.4716,""is_value"":false,""kelly_fraction"":0.0672,""market_implied_prob"":0.4878,""model_prob"":0.5222,""raw_model_prob"":0.556,""unrealistic_flag"":false}},""expected_value"":0.0706,""fractional_kelly"":0.0168,""home_availability_profile"":null,""home_bullpen_tax"":null,""home_goalie"":null,""home_goalie_status"":null,""home_injury_profile"":null,""home_lineup_profile"":null,""home_pitcher"":null,""home_pitcher_hand"":null,""home_team"":""Arizona"",""individual_models"":{""efficiency"":{""away"":0.4893,""home"":0.5107},""elo"":{""away"":0.4634,""home"":0.5366},""four_factors"":{""away"":0.3653,""home"":0.6347},""recent_boxscore"":{""away"":0.4007,""home"":0.5993},""results_features"":{""away"":0.285,""home"":0.715}},""kelly_fraction"":0.0672,""matchday"":null,""model_prob"":0.556,""model_probs"":{""away"":0.444,""home"":0.556},""neutral"":true,""pick"":""home"",""run_id"":""daily-20260404T124051486852Z"",""run_type"":""daily"",""snapshot_path"":""tracking/snapshots/2026-04-04/ncaam/daily-20260404T124051486852Z.json"",""snapshot_timestamp"":""2026-04-04T12:40:51Z"",""start_time"":""2026-04-05T00:49Z"",""weather"":null}","{""pick_type"":""slop_lock"",""publication_guard"":{},""selection_config"":{""additional_confidence_floor"":52,""confidence_dropoff"":8,""edge_floor"":0.02,""max_picks"":5,""min_expected_value"":0.0,""probability_floor"":0.5}}"
2026-04-05T02:58:45Z,daily-20260404T124051486852Z,daily,2026-04-04T12:40:51Z,tracking/snapshots/2026-04-04/nhl/daily-20260404T124051486852Z.json,nhl,slop_lock,moneyline,Blue Jackets,Jets,2026-04-04,2026-04-04T23:00Z,home,,,,0.6802,0.5678,0.5814,0.1123,0.1699,-139,1.72,88.0,0.236,0.0472,,,0.0239,,,,,,0,0.0,0.015,0.5,50,7,4,"{""execution_prices"":{""away"":2.26,""home"":1.72}}","{""away"":0.2449,""home"":0.7551}","{""elo"":{""away"":0.3823,""home"":0.6177},""nhl_matchup"":{""away"":0.3627,""home"":0.6373},""results_features"":{""away"":0.4652,""home"":0.5348}}","{""american_odds"":-139,""away_availability_profile"":null,""away_bullpen_tax"":null,""away_goalie"":""Connor Hellebuyck"",""away_goalie_status"":""expected"",""away_injury_profile"":{""injury_burden"":3.35,""key_absence_score"":0.0,""leader_absence_burden"":0.0,""leader_uncertainty_burden"":0.0,""uncertainty_burden"":0.35},""away_lineup_profile"":null,""away_pitcher"":null,""away_pitcher_hand"":null,""away_team"":""Jets"",""best_odds"":{""away"":126,""home"":-139},""completed"":false,""confidence_score"":88.0,""confidence_stars"":5,""date"":""2026-04-04"",""edge"":0.1123,""edges"":{""away"":{""american_odds"":126,""confidence_score"":11.8,""decimal_odds"":2.26,""edge"":-0.1123,""expected_value"":-0.2772,""fractional_kelly"":0.0,""hold"":0.0239,""implied_prob"":0.4322,""is_value"":false,""kelly_fraction"":0.0,""market_implied_prob"":0.4425,""model_prob"":0.3198,""raw_model_prob"":0.2449,""unrealistic_flag"":false},""home"":{""american_odds"":-139,""confidence_score"":88.0,""decimal_odds"":1.72,""edge"":0.1123,""expected_value"":0.1699,""fractional_kelly"":0.0472,""hold"":0.0239,""implied_prob"":0.5678,""is_value"":true,""kelly_fraction"":0.236,""market_implied_prob"":0.5814,""model_prob"":0.6802,""raw_model_prob"":0.7551,""unrealistic_flag"":false}},""expected_value"":0.1699,""fractional_kelly"":0.0472,""home_availability_profile"":null,""home_bullpen_tax"":null,""home_goalie"":""Jet Greaves"",""home_goalie_status"":""expected"",""home_injury_profile"":{""injury_burden"":0.35,""key_absence_score"":0.0,""leader_absence_burden"":0.0,""leader_uncertainty_burden"":0.0,""uncertainty_burden"":0.35},""home_lineup_profile"":null,""home_pitcher"":null,""home_pitcher_hand"":null,""home_team"":""Blue Jackets"",""individual_models"":{""elo"":{""away"":0.3823,""home"":0.6177},""nhl_matchup"":{""away"":0.3627,""home"":0.6373},""results_features"":{""away"":0.4652,""home"":0.5348}},""kelly_fraction"":0.236,""matchday"":null,""model_prob"":0.7551,""model_probs"":{""away"":0.2449,""home"":0.7551},""neutral"":false,""pick"":""home"",""run_id"":""daily-20260404T124051486852Z"",""run_type"":""daily"",""snapshot_path"":""tracking/snapshots/2026-04-04/nhl/daily-20260404T124051486852Z.json"",""snapshot_timestamp"":""2026-04-04T12:40:51Z"",""start_time"":""2026-04-04T23:00Z"",""weather"":null}","{""pick_type"":""slop_lock"",""publication_guard"":{},""selection_config"":{""additional_confidence_floor"":50,""confidence_dropoff"":7,""edge_floor"":0.015,""max_picks"":4,""min_expected_value"":0.0,""probability_floor"":0.5}}"
2026-04-05T02:58:45Z,daily-20260404T124051486852Z,daily,2026-04-04T12:40:51Z,tracking/snapshots/2026-04-04/nhl/daily-20260404T124051486852Z.json,nhl,slop_lock,moneyline,Kraken,Blackhawks,2026-04-04,2026-04-05T02:00Z,home,,,,0.7113,0.6112,0.6289,0.1,0.131,-169,1.59,87.2,0.222,0.0444,,,0.0289,,,,,,0,0.0,0.015,0.5,50,7,4,,"{""away"":0.222,""home"":0.778}","{""elo"":{""away"":0.3714,""home"":0.6286},""nhl_matchup"":{""away"":0.2916,""home"":0.7084},""results_features"":{""away"":0.4421,""home"":0.5579}}","{""american_odds"":-169,""away_availability_profile"":null,""away_bullpen_tax"":null,""away_goalie"":""Spencer Knight"",""away_goalie_status"":""expected"",""away_injury_profile"":{""injury_burden"":4.35,""key_absence_score"":0.0,""leader_absence_burden"":0.0,""leader_uncertainty_burden"":0.0,""uncertainty_burden"":0.35},""away_lineup_profile"":null,""away_pitcher"":null,""away_pitcher_hand"":null,""away_team"":""Blackhawks"",""best_odds"":{""away"":150,""home"":-169},""completed"":false,""confidence_score"":87.2,""confidence_stars"":5,""date"":""2026-04-04"",""edge"":0.1,""edges"":{""away"":{""american_odds"":150,""confidence_score"":9.1,""decimal_odds"":2.5,""edge"":-0.1,""expected_value"":-0.2782,""fractional_kelly"":0.0,""hold"":0.0289,""implied_prob"":0.3888,""is_value"":false,""kelly_fraction"":0.0,""market_implied_prob"":0.4,""model_prob"":0.2887,""raw_model_prob"":0.222,""unrealistic_flag"":false},""home"":{""american_odds"":-169,""confidence_score"":87.2,""decimal_odds"":1.59,""edge"":0.1,""expected_value"":0.131,""fractional_kelly"":0.0444,""hold"":0.0289,""implied_prob"":0.6112,""is_value"":true,""kelly_fraction"":0.222,""market_implied_prob"":0.6289,""model_prob"":0.7113,""raw_model_prob"":0.778,""unrealistic_flag"":false}},""expected_value"":0.131,""fractional_kelly"":0.0444,""home_availability_profile"":null,""home_bullpen_tax"":null,""home_goalie"":""Philipp Grubauer"",""home_goalie_status"":""expected"",""home_injury_profile"":{""injury_burden"":2.35,""key_absence_score"":0.0,""leader_absence_burden"":0.0,""leader_uncertainty_burden"":0.0,""uncertainty_burden"":0.35},""home_lineup_profile"":null,""home_pitcher"":null,""home_pitcher_hand"":null,""home_team"":""Kraken"",""individual_models"":{""elo"":{""away"":0.3714,""home"":0.6286},""nhl_matchup"":{""away"":0.2916,""home"":0.7084},""results_features"":{""away"":0.4421,""home"":0.5579}},""kelly_fraction"":0.222,""matchday"":null,""model_prob"":0.778,""model_probs"":{""away"":0.222,""home"":0.778},""neutral"":false,""pick"":""home"",""run_id"":""daily-20260404T124051486852Z"",""run_type"":""daily"",""snapshot_path"":""tracking/snapshots/2026-04-04/nhl/daily-20260404T124051486852Z.json"",""snapshot_timestamp"":""2026-04-04T12:40:51Z"",""start_time"":""2026-04-05T02:00Z"",""weather"":null}","{""pick_type"":""slop_lock"",""publication_guard"":{},""selection_config"":{""additional_confidence_floor"":50,""confidence_dropoff"":7,""edge_floor"":0.015,""max_picks"":4,""min_expected_value"":0.0,""probability_floor"":0.5}}"
2026-04-05T02:58:45Z,daily-20260404T124051486852Z,daily,2026-04-04T12:40:51Z,tracking/snapshots/2026-04-04/nhl/daily-20260404T124051486852Z.json,nhl,slop_lock,moneyline,Ducks,Flames,2026-04-04,2026-04-05T02:00Z,home,,,,0.661,0.5881,0.6024,0.0729,0.0973,-152,1.66,82.7,0.1474,0.0295,,,0.0244,,,,,,0,0.0,0.015,0.5,50,7,4,,"{""away"":0.2904,""home"":0.7096}","{""elo"":{""away"":0.3613,""home"":0.6387},""nhl_matchup"":{""away"":0.369,""home"":0.631},""results_features"":{""away"":0.4798,""home"":0.5202}}","{""american_odds"":-152,""away_availability_profile"":null,""away_bullpen_tax"":null,""away_goalie"":""Devin Cooley"",""away_goalie_status"":""expected"",""away_injury_profile"":{""injury_burden"":5.0,""key_absence_score"":0.0,""leader_absence_burden"":0.0,""leader_uncertainty_burden"":0.0,""uncertainty_burden"":0.0},""away_lineup_profile"":null,""away_pitcher"":null,""away_pitcher_hand"":null,""away_team"":""Flames"",""best_odds"":{""away"":137,""home"":-152},""completed"":false,""confidence_score"":82.7,""confidence_stars"":3,""date"":""2026-04-04"",""edge"":0.0729,""edges"":{""away"":{""american_odds"":137,""confidence_score"":10.3,""decimal_odds"":2.37,""edge"":-0.0729,""expected_value"":-0.1966,""fractional_kelly"":0.0,""hold"":0.0244,""implied_prob"":0.4119,""is_value"":false,""kelly_fraction"":0.0,""market_implied_prob"":0.4219,""model_prob"":0.339,""raw_model_prob"":0.2904,""unrealistic_flag"":false},""home"":{""american_odds"":-152,""confidence_score"":82.7,""decimal_odds"":1.66,""edge"":0.0729,""expected_value"":0.0973,""fractional_kelly"":0.0295,""hold"":0.0244,""implied_prob"":0.5881,""is_value"":true,""kelly_fraction"":0.1474,""market_implied_prob"":0.6024,""model_prob"":0.661,""raw_model_prob"":0.7096,""unrealistic_flag"":false}},""expected_value"":0.0973,""fractional_kelly"":0.0295,""home_availability_profile"":null,""home_bullpen_tax"":null,""home_goalie"":""Ville Husso"",""home_goalie_status"":""expected"",""home_injury_profile"":{""injury_burden"":3.05,""key_absence_score"":0.35,""leader_absence_burden"":0.7,""leader_uncertainty_burden"":0.7,""uncertainty_burden"":1.05},""home_lineup_profile"":null,""home_pitcher"":null,""home_pitcher_hand"":null,""home_team"":""Ducks"",""individual_models"":{""elo"":{""away"":0.3613,""home"":0.6387},""nhl_matchup"":{""away"":0.369,""home"":0.631},""results_features"":{""away"":0.4798,""home"":0.5202}},""kelly_fraction"":0.1474,""matchday"":null,""model_prob"":0.7096,""model_probs"":{""away"":0.2904,""home"":0.7096},""neutral"":false,""pick"":""home"",""run_id"":""daily-20260404T124051486852Z"",""run_type"":""daily"",""snapshot_path"":""tracking/snapshots/2026-04-04/nhl/daily-20260404T124051486852Z.json"",""snapshot_timestamp"":""2026-04-04T12:40:51Z"",""start_time"":""2026-04-05T02:00Z"",""weather"":null}","{""pick_type"":""slop_lock"",""publication_guard"":{},""selection_config"":{""additional_confidence_floor"":50,""confidence_dropoff"":7,""edge_floor"":0.015,""max_picks"":4,""min_expected_value"":0.0,""probability_floor"":0.5}}"
2026-04-05T02:58:45Z,daily-20260404T124051486852Z,daily,2026-04-04T12:40:51Z,tracking/snapshots/2026-04-04/nhl/daily-20260404T124051486852Z.json,nhl,slop_lock,moneyline,Hurricanes,Islanders,2026-04-04,2026-04-04T23:00Z,home,,,,0.7601,0.6844,0.7042,0.0757,0.0794,-238,1.42,80.6,0.189,0.0378,,,0.0289,,,,,,0,0.0,0.015,0.5,50,7,4,"{""execution_prices"":{""away"":3.08,""home"":1.42}}","{""away"":0.1894,""home"":0.8106}","{""elo"":{""away"":0.2589,""home"":0.7411},""nhl_matchup"":{""away"":0.2655,""home"":0.7345},""results_features"":{""away"":0.4172,""home"":0.5828}}","{""american_odds"":-238,""away_availability_profile"":null,""away_bullpen_tax"":null,""away_goalie"":""David Rittich"",""away_goalie_status"":""expected"",""away_injury_profile"":{""injury_burden"":5.0,""key_absence_score"":0.0,""leader_absence_burden"":0.0,""leader_uncertainty_burden"":0.0,""uncertainty_burden"":0.0},""away_lineup_profile"":null,""away_pitcher"":null,""away_pitcher_hand"":null,""away_team"":""Islanders"",""best_odds"":{""away"":208,""home"":-238},""completed"":false,""confidence_score"":80.6,""confidence_stars"":4,""date"":""2026-04-04"",""edge"":0.0757,""edges"":{""away"":{""american_odds"":208,""confidence_score"":7.3,""decimal_odds"":3.08,""edge"":-0.0757,""expected_value"":-0.2612,""fractional_kelly"":0.0,""hold"":0.0289,""implied_prob"":0.3156,""is_value"":false,""kelly_fraction"":0.0,""market_implied_prob"":0.3247,""model_prob"":0.2399,""raw_model_prob"":0.1894,""unrealistic_flag"":false},""home"":{""american_odds"":-238,""confidence_score"":80.6,""decimal_odds"":1.42,""edge"":0.0757,""expected_value"":0.0794,""fractional_kelly"":0.0378,""hold"":0.0289,""implied_prob"":0.6844,""is_value"":true,""kelly_fraction"":0.189,""market_implied_prob"":0.7042,""model_prob"":0.7601,""raw_model_prob"":0.8106,""unrealistic_flag"":false}},""expected_value"":0.0794,""fractional_kelly"":0.0378,""home_availability_profile"":null,""home_bullpen_tax"":null,""home_goalie"":""Brandon Bussi"",""home_goalie_status"":""expected"",""home_injury_profile"":{""injury_burden"":1.0,""key_absence_score"":0.0,""leader_absence_burden"":0.0,""leader_uncertainty_burden"":0.0,""uncertainty_burden"":0.0},""home_lineup_profile"":null,""home_pitcher"":null,""home_pitcher_hand"":null,""home_team"":""Hurricanes"",""individual_models"":{""elo"":{""away"":0.2589,""home"":0.7411},""nhl_matchup"":{""away"":0.2655,""home"":0.7345},""results_features"":{""away"":0.4172,""home"":0.5828}},""kelly_fraction"":0.189,""matchday"":null,""model_prob"":0.8106,""model_probs"":{""away"":0.1894,""home"":0.8106},""neutral"":false,""pick"":""home"",""run_id"":""daily-20260404T124051486852Z"",""run_type"":""daily"",""snapshot_path"":""tracking/snapshots/2026-04-04/nhl/daily-20260404T124051486852Z.json"",""snapshot_timestamp"":""2026-04-04T12:40:51Z"",""start_time"":""2026-04-04T23:00Z"",""weather"":null}","{""pick_type"":""slop_lock"",""publication_guard"":{},""selection_config"":{""additional_confidence_floor"":50,""confidence_dropoff"":7,""edge_floor"":0.015,""max_picks"":4,""min_expected_value"":0.0,""probability_floor"":0.5}}"
2026-04-05T07:14:54Z,manual-20260405T071304649585Z,manual,2026-04-05T07:13:04Z,tracking/snapshots/2026-04-05/nba/manual-20260405T071304649585Z.json,nba,slop_lock,moneyline,Thunder,Jazz,2026-04-05,2026-04-05T23:00Z,home,,,,0.9561,0.0,0.0,0.0,0.0,,,35.0,0.0,0.0,none,0,,suppressed,hold moneylines until settled picks reach 17/20,True,17,6,157,0.0,0.02,0.5,52,8,5,,"{""away"":0.0439,""home"":0.9561}","{""efficiency"":{""away"":0.1142,""home"":0.8858},""elo"":{""away"":0.0078,""home"":0.9922},""four_factors"":{""away"":0.4202,""home"":0.5798},""nba_matchup"":{""away"":0.0796,""home"":0.9204},""recent_boxscore"":{""away"":0.0948,""home"":0.9052},""results_features"":{""away"":0.0922,""home"":0.9078}}","{""american_odds"":null,""away_availability_profile"":{""active_players"":18,""available_core_players"":12,""doubtful_players"":0,""event_injury_burden"":5.0,""event_key_absence_score"":0.0,""event_leader_absence_burden"":0.0,""event_leader_uncertainty_burden"":0.0,""event_uncertainty_burden"":0.0,""injured_players"":6,""injury_burden"":6.0,""key_absence_score"":0.0,""leader_absence_burden"":0.0,""leader_uncertainty_burden"":0.0,""questionable_players"":0,""uncertainty_burden"":0.0},""away_bullpen_tax"":null,""away_goalie"":null,""away_goalie_status"":null,""away_injury_profile"":null,""away_lineup_profile"":null,""away_pitcher"":null,""away_pitcher_hand"":null,""away_team"":""Jazz"",""best_odds"":{},""completed"":false,""confidence_score"":35.0,""confidence_stars"":3,""date"":""2026-04-05"",""edge"":0.0,""edges"":{""away"":{""american_odds"":null,""confidence_score"":0.0,""decimal_odds"":null,""edge"":0.0,""expected_value"":0.0,""fractional_kelly"":0.0,""hold"":null,""implied_prob"":null,""is_value"":false,""kelly_fraction"":0.0,""market_books"":0,""market_implied_prob"":null,""market_source"":""none"",""model_prob"":0.0439,""raw_model_prob"":0.0439,""unrealistic_flag"":false},""home"":{""american_odds"":null,""confidence_score"":35.0,""decimal_odds"":null,""edge"":0.0,""expected_value"":0.0,""fractional_kelly"":0.0,""hold"":null,""implied_prob"":null,""is_value"":false,""kelly_fraction"":0.0,""market_books"":0,""market_implied_prob"":null,""market_source"":""none"",""model_prob"":0.9561,""raw_model_prob"":0.9561,""unrealistic_flag"":false}},""expected_value"":0.0,""fractional_kelly"":0.0,""home_availability_profile"":{""active_players"":18,""available_core_players"":16,""doubtful_players"":0,""event_injury_burden"":1.0,""event_key_absence_score"":0.0,""event_leader_absence_burden"":0.0,""event_leader_uncertainty_burden"":0.0,""event_uncertainty_burden"":0.0,""injured_players"":2,""injury_burden"":1.35,""key_absence_score"":0.0,""leader_absence_burden"":0.0,""leader_uncertainty_burden"":0.0,""questionable_players"":0,""uncertainty_burden"":0.0},""home_bullpen_tax"":null,""home_goalie"":null,""home_goalie_status"":null,""home_injury_profile"":null,""home_lineup_profile"":null,""home_pitcher"":null,""home_pitcher_hand"":null,""home_team"":""Thunder"",""individual_models"":{""efficiency"":{""away"":0.1142,""home"":0.8858},""elo"":{""away"":0.0078,""home"":0.9922},""four_factors"":{""away"":0.4202,""home"":0.5798},""nba_matchup"":{""away"":0.0796,""home"":0.9204},""recent_boxscore"":{""away"":0.0948,""home"":0.9052},""results_features"":{""away"":0.0922,""home"":0.9078}},""kelly_fraction"":0.0,""market_snapshot"":null,""matchday"":null,""model_prob"":0.9561,""model_probs"":{""away"":0.0439,""home"":0.9561},""neutral"":false,""pick"":""home"",""qualitative_analysis"":{""away_impact"":-5.0,""away_team"":""Jazz"",""home_impact"":-0.5,""home_team"":""Thunder"",""individual_factors"":[{""confidence"":0.8,""description"":""Thomas Sorber (Out) - likely a deep bench player, minimal impact."",""direction"":""negative"",""magnitude"":0.5,""team"":""Thunder""},{""confidence"":1.0,""description"":""Lauri Markkanen (Out) - All-Star caliber player and primary scorer, a major loss."",""direction"":""negative"",""magnitude"":4.0,""team"":""Jazz""},{""confidence"":1.0,""description"":""Keyonte George (Out) - key guard and significant rotation player, a substantial loss."",""direction"":""negative"",""magnitude"":2.5,""team"":""Jazz""},{""confidence"":1.0,""description"":""Jusuf Nurkic (Out) - starting center providing interior presence, a significant loss."",""direction"":""negative"",""magnitude"":2.5,""team"":""Jazz""},{""confidence"":0.8,""description"":""Elijah Harkless (Out) and Isaiah Collier (Out) - likely bench players, contributing to depth issues."",""direction"":""negative"",""magnitude"":1.0,""team"":""Jazz""}],""net_qualitative_edge"":""home"",""sport"":""nba"",""summary"":""The Jazz are severely shorthanded with multiple key starters, including Lauri Markkanen, Keyonte George, and Jusuf Nurkic, sidelined, giving the Thunder an extreme qualitative advantage.""},""qualitative_summary"":""Qualitative (H:-0.5 A:-5.0): agreed. Thomas Sorber (Out) - likely a deep bench player, minimal impact.; Lauri Markkanen (Out) - All-Star caliber player and primary scorer, a major loss."",""run_id"":""manual-20260405T071304649585Z"",""run_type"":""manual"",""snapshot_path"":""tracking/snapshots/2026-04-05/nba/manual-20260405T071304649585Z.json"",""snapshot_timestamp"":""2026-04-05T07:13:04Z"",""start_time"":""2026-04-05T23:00Z"",""weather"":null}","{""pick_type"":""slop_lock"",""publication_guard"":{""allow_moneyline"":false,""allow_totals"":false,""enforced"":true,""evaluated_picks"":17,""evaluated_totals_picks"":6,""min_evaluated_picks"":20,""min_evaluated_totals_picks"":10,""reason"":""hold moneylines until settled picks reach 17/20"",""status"":""suppressed""},""selection_config"":{""additional_confidence_floor"":52,""confidence_dropoff"":8,""edge_floor"":0.02,""max_picks"":5,""min_expected_value"":0.0,""probability_floor"":0.5}}"
2026-04-05T07:14:54Z,manual-20260405T071304649585Z,manual,2026-04-05T07:13:04Z,tracking/snapshots/2026-04-05/nba/manual-20260405T071304649585Z.json,nba,slop_lock,moneyline,Cavaliers,Pacers,2026-04-05,2026-04-05T22:00Z,home,,,,0.836,0.0,0.0,0.0,0.0,,,38.7,0.0,0.0,none,0,,suppressed,hold moneylines until settled picks reach 17/20,True,17,6,157,0.0,0.02,0.5,52,8,5,,"{""away"":0.164,""home"":0.836}","{""efficiency"":{""away"":0.2092,""home"":0.7908},""elo"":{""away"":0.0703,""home"":0.9297},""four_factors"":{""away"":0.419,""home"":0.581},""nba_matchup"":{""away"":0.2506,""home"":0.7494},""recent_boxscore"":{""away"":0.2708,""home"":0.7292},""results_features"":{""away"":0.2608,""home"":0.7392}}","{""american_odds"":null,""away_availability_profile"":{""active_players"":18,""available_core_players"":9,""doubtful_players"":0,""event_injury_burden"":3.7,""event_key_absence_score"":0.35,""event_leader_absence_burden"":0.315,""event_leader_uncertainty_burden"":0.315,""event_uncertainty_burden"":0.7,""injured_players"":9,""injury_burden"":5.1,""key_absence_score"":0.0,""leader_absence_burden"":0.0,""leader_uncertainty_burden"":0.0,""questionable_players"":0,""uncertainty_burden"":0.0},""away_bullpen_tax"":null,""away_goalie"":null,""away_goalie_status"":null,""away_injury_profile"":null,""away_lineup_profile"":null,""away_pitcher"":null,""away_pitcher_hand"":null,""away_team"":""Pacers"",""best_odds"":{},""completed"":false,""confidence_score"":38.7,""confidence_stars"":3,""date"":""2026-04-05"",""edge"":0.0,""edges"":{""away"":{""american_odds"":null,""confidence_score"":2.7,""decimal_odds"":null,""edge"":0.0,""expected_value"":0.0,""fractional_kelly"":0.0,""hold"":null,""implied_prob"":null,""is_value"":false,""kelly_fraction"":0.0,""market_books"":0,""market_implied_prob"":null,""market_source"":""none"",""model_prob"":0.164,""raw_model_prob"":0.164,""unrealistic_flag"":false},""home"":{""american_odds"":null,""confidence_score"":38.7,""decimal_odds"":null,""edge"":0.0,""expected_value"":0.0,""fractional_kelly"":0.0,""hold"":null,""implied_prob"":null,""is_value"":false,""kelly_fraction"":0.0,""market_books"":0,""market_implied_prob"":null,""market_source"":""none"",""model_prob"":0.836,""raw_model_prob"":0.836,""unrealistic_flag"":false}},""expected_value"":0.0,""fractional_kelly"":0.0,""home_availability_profile"":{""active_players"":18,""available_core_players"":13,""doubtful_players"":0,""event_injury_burden"":5.0,""event_key_absence_score"":0.0,""event_leader_absence_burden"":0.0,""event_leader_uncertainty_burden"":0.0,""event_uncertainty_burden"":0.0,""injured_players"":5,""injury_burden"":5.0,""key_absence_score"":0.0,""leader_absence_burden"":0.0,""leader_uncertainty_burden"":0.0,""questionable_players"":0,""uncertainty_burden"":0.0},""home_bullpen_tax"":null,""home_goalie"":null,""home_goalie_status"":null,""home_injury_profile"":null,""home_lineup_profile"":null,""home_pitcher"":null,""home_pitcher_hand"":null,""home_team"":""Cavaliers"",""individual_models"":{""efficiency"":{""away"":0.2092,""home"":0.7908},""elo"":{""away"":0.0703,""home"":0.9297},""four_factors"":{""away"":0.419,""home"":0.581},""nba_matchup"":{""away"":0.2506,""home"":0.7494},""recent_boxscore"":{""away"":0.2708,""home"":0.7292},""results_features"":{""away"":0.2608,""home"":0.7392}},""kelly_fraction"":0.0,""market_snapshot"":null,""matchday"":null,""model_prob"":0.836,""model_probs"":{""away"":0.164,""home"":0.836},""neutral"":false,""pick"":""home"",""qualitative_analysis"":{""away_impact"":-4.5,""away_team"":""Pacers"",""home_impact"":-5.0,""home_team"":""Cavaliers"",""individual_factors"":[{""confidence"":1.0,""description"":""Jarrett Allen (Out): Key starting center, defensive anchor, and rebounder."",""direction"":""negative"",""magnitude"":3.0,""team"":""Cavaliers""},{""confidence"":1.0,""description"":""Evan Mobley (Out): Key starting power forward, defensive anchor, and offensive contributor."",""direction"":""negative"",""magnitude"":3.0,""team"":""Cavaliers""},{""confidence"":1.0,""description"":""Dean Wade (Out): Important rotation forward, provides spacing and defense."",""direction"":""negative"",""magnitude"":1.5,""team"":""Cavaliers""},{""confidence"":1.0,""description"":""Sam Merrill (Out): Bench shooter."",""direction"":""negative"",""magnitude"":0.5,""team"":""Cavaliers""},{""confidence"":1.0,""description"":""Jaylon Tyson (Out): Bench player."",""direction"":""negative"",""magnitude"":0.5,""team"":""Cavaliers""},{""confidence"":1.0,""description"":""Pascal Siakam (Out): Key starting forward, primary scorer and playmaker."",""direction"":""negative"",""magnitude"":3.0,""team"":""Pacers""},{""confidence"":1.0,""description"":""Aaron Nesmith (Out): Key starting wing, strong defender and 3-point shooter."",""direction"":""negative"",""magnitude"":2.5,""team"":""Pacers""},{""confidence"":0.8,""description"":""Obi Toppin (Day-To-Day): Rotation forward, provides athleticism and scoring."",""direction"":""negative"",""magnitude"":1.5,""team"":""Pacers""},{""confidence"":0.8,""description"":""Ben Sheppard (Day-To-Day): Bench wing."",""direction"":""negative"",""magnitude"":0.5,""team"":""Pacers""},{""confidence"":1.0,""description"":""Jarace Walker (Out): Bench forward."",""direction"":""negative"",""magnitude"":0.5,""team"":""Pacers""}],""net_qualitative_edge"":""away"",""sport"":""nba"",""summary"":""Both teams are severely impacted by multiple key injuries to starters and rotation players, with the Cavaliers slightly more affected by the absence of two starting bigs.""},""qualitative_summary"":""Qualitative (H:-5.0 A:-4.5): no effect. Jarrett Allen (Out): Key starting center, defensive anchor, and rebounder.; Evan Mobley (Out): Key starting power forward, defensive anchor, and offensive contributor."",""run_id"":""manual-20260405T071304649585Z"",""run_type"":""manual"",""snapshot_path"":""tracking/snapshots/2026-04-05/nba/manual-20260405T071304649585Z.json"",""snapshot_timestamp"":""2026-04-05T07:13:04Z"",""start_time"":""2026-04-05T22:00Z"",""weather"":null}","{""pick_type"":""slop_lock"",""publication_guard"":{""allow_moneyline"":false,""allow_totals"":false,""enforced"":true,""evaluated_picks"":17,""evaluated_totals_picks"":6,""min_evaluated_picks"":20,""min_evaluated_totals_picks"":10,""reason"":""hold moneylines until settled picks reach 17/20"",""status"":""suppressed""},""selection_config"":{""additional_confidence_floor"":52,""confidence_dropoff"":8,""edge_floor"":0.02,""max_picks"":5,""min_expected_value"":0.0,""probability_floor"":0.5}}"
2026-04-05T07:14:54Z,manual-20260405T071304649585Z,manual,2026-04-05T07:13:04Z,tracking/snapshots/2026-04-05/nba/manual-20260405T071304649585Z.json,nba,slop_lock,moneyline,Kings,Clippers,2026-04-05,2026-04-06T01:00Z,away,,,,0.8329,0.0,0.0,0.0,0.0,,,38.3,0.0,0.0,none,0,,suppressed,hold moneylines until settled picks reach 17/20,True,17,6,157,0.0,0.02,0.5,52,8,5,,"{""away"":0.8329,""home"":0.1671}","{""efficiency"":{""away"":0.6656,""home"":0.3344},""elo"":{""away"":0.8014,""home"":0.1986},""four_factors"":{""away"":0.4752,""home"":0.5248},""nba_matchup"":{""away"":0.7573,""home"":0.2427},""recent_boxscore"":{""away"":0.7297,""home"":0.2703},""results_features"":{""away"":0.6988,""home"":0.3012}}","{""american_odds"":null,""away_availability_profile"":{""active_players"":18,""available_core_players"":15,""doubtful_players"":0,""event_injury_burden"":3.0,""event_key_absence_score"":0.0,""event_leader_absence_burden"":0.0,""event_leader_uncertainty_burden"":0.0,""event_uncertainty_burden"":0.0,""injured_players"":3,""injury_burden"":2.35,""key_absence_score"":0.0,""leader_absence_burden"":0.0,""leader_uncertainty_burden"":0.0,""questionable_players"":0,""uncertainty_burden"":0.0},""away_bullpen_tax"":null,""away_goalie"":null,""away_goalie_status"":null,""away_injury_profile"":null,""away_lineup_profile"":null,""away_pitcher"":null,""away_pitcher_hand"":null,""away_team"":""Clippers"",""best_odds"":{},""completed"":false,""confidence_score"":38.3,""confidence_stars"":3,""date"":""2026-04-05"",""edge"":0.0,""edges"":{""away"":{""american_odds"":null,""confidence_score"":38.3,""decimal_odds"":null,""edge"":0.0,""expected_value"":0.0,""fractional_kelly"":0.0,""hold"":null,""implied_prob"":null,""is_value"":false,""kelly_fraction"":0.0,""market_books"":0,""market_implied_prob"":null,""market_source"":""none"",""model_prob"":0.8329,""raw_model_prob"":0.8329,""unrealistic_flag"":false},""home"":{""american_odds"":null,""confidence_score"":2.4,""decimal_odds"":null,""edge"":0.0,""expected_value"":0.0,""fractional_kelly"":0.0,""hold"":null,""implied_prob"":null,""is_value"":false,""kelly_fraction"":0.0,""market_books"":0,""market_implied_prob"":null,""market_source"":""none"",""model_prob"":0.1671,""raw_model_prob"":0.1671,""unrealistic_flag"":false}},""expected_value"":0.0,""fractional_kelly"":0.0,""home_availability_profile"":{""active_players"":19,""available_core_players"":12,""doubtful_players"":0,""event_injury_burden"":5.0,""event_key_absence_score"":0.0,""event_leader_absence_burden"":0.0,""event_leader_uncertainty_burden"":0.0,""event_uncertainty_burden"":0.0,""injured_players"":7,""injury_burden"":6.35,""key_absence_score"":0.0,""leader_absence_burden"":0.0,""leader_uncertainty_burden"":0.0,""questionable_players"":0,""uncertainty_burden"":0.0},""home_bullpen_tax"":null,""home_goalie"":null,""home_goalie_status"":null,""home_injury_profile"":null,""home_lineup_profile"":null,""home_pitcher"":null,""home_pitcher_hand"":null,""home_team"":""Kings"",""individual_models"":{""efficiency"":{""away"":0.6656,""home"":0.3344},""elo"":{""away"":0.8014,""home"":0.1986},""four_factors"":{""away"":0.4752,""home"":0.5248},""nba_matchup"":{""away"":0.7573,""home"":0.2427},""recent_boxscore"":{""away"":0.7297,""home"":0.2703},""results_features"":{""away"":0.6988,""home"":0.3012}},""kelly_fraction"":0.0,""market_snapshot"":null,""matchday"":null,""model_prob"":0.8329,""model_probs"":{""away"":0.8329,""home"":0.1671},""neutral"":false,""pick"":""away"",""qualitative_analysis"":{""away_impact"":-3.0,""away_team"":""Clippers"",""home_impact"":-4.0,""home_team"":""Kings"",""individual_factors"":[{""confidence"":0.9,""description"":""Keegan Murray (Out): Key starter, significant loss."",""direction"":""negative"",""magnitude"":2.5,""team"":""Kings""},{""confidence"":0.9,""description"":""Russell Westbrook (Out): Key bench playmaker, significant loss."",""direction"":""negative"",""magnitude"":2.0,""team"":""Kings""},{""confidence"":0.9,""description"":""De'Andre Hunter (Out): Key rotation player/starter, significant loss."",""direction"":""negative"",""magnitude"":2.5,""team"":""Kings""},{""confidence"":0.9,""description"":""Drew Eubanks (Out): Bench big, moderate loss."",""direction"":""negative"",""magnitude"":1.0,""team"":""Kings""},{""confidence"":0.9,""description"":""Isaiah Stevens (Out): Deep bench player, minor impact."",""direction"":""negative"",""magnitude"":0.5,""team"":""Kings""},{""confidence"":0.9,""description"":""Bradley Beal (Out): Key starter and scorer, significant loss."",""direction"":""negative"",""magnitude"":3.0,""team"":""Clippers""},{""confidence"":0.9,""description"":""Isaiah Jackson (Out): Bench big, moderate loss."",""direction"":""negative"",""magnitude"":1.0,""team"":""Clippers""},{""confidence"":0.9,""description"":""Yanic Konan Niederhauser (Out): Deep bench player, minor impact."",""direction"":""negative"",""magnitude"":0.5,""team"":""Clippers""}],""net_qualitative_edge"":""away"",""sport"":""nba"",""summary"":""The Kings are significantly more impacted by injuries, missing multiple key starters and rotation players, giving the Clippers a qualitative edge despite their own significant absences.""},""qualitative_summary"":""Qualitative (H:-4.0 A:-3.0): agreed. Keegan Murray (Out): Key starter, significant loss.; Russell Westbrook (Out): Key bench playmaker, significant loss."",""run_id"":""manual-20260405T071304649585Z"",""run_type"":""manual"",""snapshot_path"":""tracking/snapshots/2026-04-05/nba/manual-20260405T071304649585Z.json"",""snapshot_timestamp"":""2026-04-05T07:13:04Z"",""start_time"":""2026-04-06T01:00Z"",""weather"":null}","{""pick_type"":""slop_lock"",""publication_guard"":{""allow_moneyline"":false,""allow_totals"":false,""enforced"":true,""evaluated_picks"":17,""evaluated_totals_picks"":6,""min_evaluated_picks"":20,""min_evaluated_totals_picks"":10,""reason"":""hold moneylines until settled picks reach 17/20"",""status"":""suppressed""},""selection_config"":{""additional_confidence_floor"":52,""confidence_dropoff"":8,""edge_floor"":0.02,""max_picks"":5,""min_expected_value"":0.0,""probability_floor"":0.5}}"
2026-04-05T07:23:59Z,manual-20260405T072154186648Z,manual,2026-04-05T07:21:54Z,tracking/snapshots/2026-04-05/nba/manual-20260405T072154186648Z.json,nba,slop_lock,moneyline,Warriors,Rockets,2026-04-05,2026-04-06T02:00Z,away,,,,0.7161,0.5965,0.6211,0.1196,0.1601,-161,1.62,82.1,0.2582,0.0646,median_complete_book_no_vig,9,0.041,suppressed,hold moneylines until settled picks reach 17/20,True,17,6,157,0.0,0.02,0.5,52,8,5,"{""benchmark"":{""books_tracked"":9,""fair_probs"":{""away"":0.5965,""home"":0.4035},""hold"":0.041,""raw_probs"":{""away"":0.6211,""home"":0.4202},""source"":""median_complete_book_no_vig""},""books"":[{""book"":""FanDuel"",""fair_probs"":{""away"":0.5965,""home"":0.4035},""hold"":0.0413,""last_update"":""2026-04-05T07:21:40Z"",""outcomes"":{""away"":1.61,""home"":2.38},""raw_probs"":{""away"":0.6211,""home"":0.4202}},{""book"":""DraftKings"",""fair_probs"":{""away"":0.593,""home"":0.407},""hold"":0.041,""last_update"":""2026-04-05T07:21:42Z"",""outcomes"":{""away"":1.62,""home"":2.36},""raw_probs"":{""away"":0.6173,""home"":0.4237}},{""book"":""BetOnline.ag"",""fair_probs"":{""away"":0.597,""home"":0.403},""hold"":0.034,""last_update"":""2026-04-05T07:21:30Z"",""outcomes"":{""away"":1.62,""home"":2.4},""raw_probs"":{""away"":0.6173,""home"":0.4167}},{""book"":""LowVig.ag"",""fair_probs"":{""away"":0.598,""home"":0.402},""hold"":0.0322,""last_update"":""2026-04-05T07:21:05Z"",""outcomes"":{""away"":1.62,""home"":2.41},""raw_probs"":{""away"":0.6173,""home"":0.4149}},{""book"":""BetMGM"",""fair_probs"":{""away"":0.5934,""home"":0.4066},""hold"":0.0466,""last_update"":""2026-04-05T07:22:03Z"",""outcomes"":{""away"":1.61,""home"":2.35},""raw_probs"":{""away"":0.6211,""home"":0.4255}},{""book"":""BetRivers"",""fair_probs"":{""away"":0.6154,""home"":0.3846},""hold"":0.0484,""last_update"":""2026-04-05T07:21:40Z"",""outcomes"":{""away"":1.55,""home"":2.48},""raw_probs"":{""away"":0.6452,""home"":0.4032}},{""book"":""Bovada"",""fair_probs"":{""away"":0.5985,""home"":0.4015},""hold"":0.0378,""last_update"":""2026-04-05T07:20:00Z"",""outcomes"":{""away"":1.61,""home"":2.4},""raw_probs"":{""away"":0.6211,""home"":0.4167}},{""book"":""MyBookie.ag"",""fair_probs"":{""away"":0.5949,""home"":0.4051},""hold"":0.0505,""last_update"":""2026-04-05T07:21:52Z"",""outcomes"":{""away"":1.6,""home"":2.35},""raw_probs"":{""away"":0.625,""home"":0.4255}},{""book"":""BetUS"",""fair_probs"":{""away"":0.595,""home"":0.405},""hold"":0.0375,""last_update"":""2026-04-05T07:21:28Z"",""outcomes"":{""away"":1.62,""home"":2.38},""raw_probs"":{""away"":0.6173,""home"":0.4202}}],""execution_prices"":{""away"":1.62,""home"":2.48}}","{""away"":0.7958,""home"":0.2042}","{""efficiency"":{""away"":0.5289,""home"":0.4711},""elo"":{""away"":0.7347,""home"":0.2653},""four_factors"":{""away"":0.4845,""home"":0.5155},""nba_matchup"":{""away"":0.6645,""home"":0.3355},""recent_boxscore"":{""away"":0.6679,""home"":0.3321},""results_features"":{""away"":0.6401,""home"":0.3599}}","{""american_odds"":-161,""away_availability_profile"":{""active_players"":17,""available_core_players"":15,""doubtful_players"":0,""event_injury_burden"":2.0,""event_key_absence_score"":0.0,""event_leader_absence_burden"":0.0,""event_leader_uncertainty_burden"":0.0,""event_uncertainty_burden"":0.0,""injured_players"":2,""injury_burden"":2.0,""key_absence_score"":0.0,""leader_absence_burden"":0.0,""leader_uncertainty_burden"":0.0,""questionable_players"":0,""uncertainty_burden"":0.0},""away_bullpen_tax"":null,""away_goalie"":null,""away_goalie_status"":null,""away_injury_profile"":null,""away_lineup_profile"":null,""away_pitcher"":null,""away_pitcher_hand"":null,""away_team"":""Rockets"",""best_odds"":{""away"":-161,""home"":148},""completed"":false,""confidence_score"":82.1,""confidence_stars"":5,""date"":""2026-04-05"",""edge"":0.1196,""edges"":{""away"":{""american_odds"":-161,""confidence_score"":82.1,""decimal_odds"":1.62,""edge"":0.1196,""expected_value"":0.1601,""fractional_kelly"":0.0646,""hold"":0.041,""implied_prob"":0.5965,""is_value"":true,""kelly_fraction"":0.2582,""market_books"":9,""market_implied_prob"":0.6211,""market_source"":""median_complete_book_no_vig"",""model_prob"":0.7161,""raw_model_prob"":0.7958,""unrealistic_flag"":false},""home"":{""american_odds"":148,""confidence_score"":5.3,""decimal_odds"":2.48,""edge"":-0.1196,""expected_value"":-0.2959,""fractional_kelly"":0.0,""hold"":0.041,""implied_prob"":0.4035,""is_value"":false,""kelly_fraction"":0.0,""market_books"":9,""market_implied_prob"":0.4202,""market_source"":""median_complete_book_no_vig"",""model_prob"":0.2839,""raw_model_prob"":0.2042,""unrealistic_flag"":false}},""expected_value"":0.1601,""fractional_kelly"":0.0646,""home_availability_profile"":{""active_players"":18,""available_core_players"":11,""doubtful_players"":0,""event_injury_burden"":3.7,""event_key_absence_score"":0.0,""event_leader_absence_burden"":0.0,""event_leader_uncertainty_burden"":0.0,""event_uncertainty_burden"":0.7,""injured_players"":7,""injury_burden"":6.35,""key_absence_score"":0.0,""leader_absence_burden"":0.0,""leader_uncertainty_burden"":0.0,""questionable_players"":0,""uncertainty_burden"":0.0},""home_bullpen_tax"":null,""home_goalie"":null,""home_goalie_status"":null,""home_injury_profile"":null,""home_lineup_profile"":null,""home_pitcher"":null,""home_pitcher_hand"":null,""home_team"":""Warriors"",""individual_models"":{""efficiency"":{""away"":0.5289,""home"":0.4711},""elo"":{""away"":0.7347,""home"":0.2653},""four_factors"":{""away"":0.4845,""home"":0.5155},""nba_matchup"":{""away"":0.6645,""home"":0.3355},""recent_boxscore"":{""away"":0.6679,""home"":0.3321},""results_features"":{""away"":0.6401,""home"":0.3599}},""kelly_fraction"":0.2582,""market_snapshot"":{""benchmark"":{""books_tracked"":9,""fair_probs"":{""away"":0.5965,""home"":0.4035},""hold"":0.041,""raw_probs"":{""away"":0.6211,""home"":0.4202},""source"":""median_complete_book_no_vig""},""books"":[{""book"":""FanDuel"",""fair_probs"":{""away"":0.5965,""home"":0.4035},""hold"":0.0413,""last_update"":""2026-04-05T07:21:40Z"",""outcomes"":{""away"":1.61,""home"":2.38},""raw_probs"":{""away"":0.6211,""home"":0.4202}},{""book"":""DraftKings"",""fair_probs"":{""away"":0.593,""home"":0.407},""hold"":0.041,""last_update"":""2026-04-05T07:21:42Z"",""outcomes"":{""away"":1.62,""home"":2.36},""raw_probs"":{""away"":0.6173,""home"":0.4237}},{""book"":""BetOnline.ag"",""fair_probs"":{""away"":0.597,""home"":0.403},""hold"":0.034,""last_update"":""2026-04-05T07:21:30Z"",""outcomes"":{""away"":1.62,""home"":2.4},""raw_probs"":{""away"":0.6173,""home"":0.4167}},{""book"":""LowVig.ag"",""fair_probs"":{""away"":0.598,""home"":0.402},""hold"":0.0322,""last_update"":""2026-04-05T07:21:05Z"",""outcomes"":{""away"":1.62,""home"":2.41},""raw_probs"":{""away"":0.6173,""home"":0.4149}},{""book"":""BetMGM"",""fair_probs"":{""away"":0.5934,""home"":0.4066},""hold"":0.0466,""last_update"":""2026-04-05T07:22:03Z"",""outcomes"":{""away"":1.61,""home"":2.35},""raw_probs"":{""away"":0.6211,""home"":0.4255}},{""book"":""BetRivers"",""fair_probs"":{""away"":0.6154,""home"":0.3846},""hold"":0.0484,""last_update"":""2026-04-05T07:21:40Z"",""outcomes"":{""away"":1.55,""home"":2.48},""raw_probs"":{""away"":0.6452,""home"":0.4032}},{""book"":""Bovada"",""fair_probs"":{""away"":0.5985,""home"":0.4015},""hold"":0.0378,""last_update"":""2026-04-05T07:20:00Z"",""outcomes"":{""away"":1.61,""home"":2.4},""raw_probs"":{""away"":0.6211,""home"":0.4167}},{""book"":""MyBookie.ag"",""fair_probs"":{""away"":0.5949,""home"":0.4051},""hold"":0.0505,""last_update"":""2026-04-05T07:21:52Z"",""outcomes"":{""away"":1.6,""home"":2.35},""raw_probs"":{""away"":0.625,""home"":0.4255}},{""book"":""BetUS"",""fair_probs"":{""away"":0.595,""home"":0.405},""hold"":0.0375,""last_update"":""2026-04-05T07:21:28Z"",""outcomes"":{""away"":1.62,""home"":2.38},""raw_probs"":{""away"":0.6173,""home"":0.4202}}],""execution_prices"":{""away"":1.62,""home"":2.48}},""matchday"":null,""model_prob"":0.7958,""model_probs"":{""away"":0.7958,""home"":0.2042},""neutral"":false,""pick"":""away"",""qualitative_analysis"":{""away_impact"":-5.0,""away_team"":""Rockets"",""home_impact"":-5.0,""home_team"":""Warriors"",""individual_factors"":[{""confidence"":1.0,""description"":""Stephen Curry (Out) - Absence of a superstar player, significantly impacting scoring and playmaking."",""direction"":""negative"",""magnitude"":4.5,""team"":""Warriors""},{""confidence"":1.0,""description"":""Al Horford (Out) - Absence of a solid veteran, impacting frontcourt depth and leadership."",""direction"":""negative"",""magnitude"":2.0,""team"":""Warriors""},{""confidence"":0.5,""description"":""Seth Curry (Day-To-Day) - Potential absence of a minor rotation player."",""direction"":""negative"",""magnitude"":0.5,""team"":""Warriors""},{""confidence"":1.0,""description"":""Fred VanVleet (Out) - Absence of the starting point guard, impacting playmaking and scoring."",""direction"":""negative"",""magnitude"":3.0,""team"":""Rockets""},{""confidence"":1.0,""description"":""Steven Adams (Out) - Absence of the starting center, impacting rebounding and interior defense."",""direction"":""negative"",""magnitude"":2.0,""team"":""Rockets""}],""net_qualitative_edge"":""none"",""sport"":""nba"",""summary"":""Both teams are severely impacted by significant injuries, with the Warriors missing superstar Stephen Curry and a key veteran, while the Rockets are without their starting point guard and center.""},""qualitative_summary"":""Qualitative (H:-5.0 A:-5.0): no effect. Stephen Curry (Out) - Absence of a superstar player, significantly impacting scoring and playmaking.; Al Horford (Out) - Absence of a solid veteran, impacting frontcourt depth and leadership."",""run_id"":""manual-20260405T072154186648Z"",""run_type"":""manual"",""snapshot_path"":""tracking/snapshots/2026-04-05/nba/manual-20260405T072154186648Z.json"",""snapshot_timestamp"":""2026-04-05T07:21:54Z"",""start_time"":""2026-04-06T02:00Z"",""weather"":null}","{""pick_type"":""slop_lock"",""publication_guard"":{""allow_moneyline"":false,""allow_totals"":false,""enforced"":true,""evaluated_picks"":17,""evaluated_totals_picks"":6,""min_evaluated_picks"":20,""min_evaluated_totals_picks"":10,""reason"":""hold moneylines until settled picks reach 17/20"",""status"":""suppressed""},""selection_config"":{""additional_confidence_floor"":52,""confidence_dropoff"":8,""edge_floor"":0.02,""max_picks"":5,""min_expected_value"":0.0,""probability_floor"":0.5}}"
2026-04-05T07:23:59Z,manual-20260405T072154186648Z,manual,2026-04-05T07:21:54Z,tracking/snapshots/2026-04-05/nba/manual-20260405T072154186648Z.json,nba,slop_lock,moneyline,Timberwolves,Hornets,2026-04-05,2026-04-05T23:00Z,away,,,,0.6299,0.5325,0.5556,0.0974,0.1779,-115,1.87,75.0,0.2045,0.0511,median_complete_book_no_vig,9,0.0434,suppressed,hold moneylines until settled picks reach 17/20,True,17,6,157,0.0,0.02,0.5,52,8,5,"{""benchmark"":{""books_tracked"":9,""fair_probs"":{""away"":0.5325,""home"":0.4675},""hold"":0.0434,""raw_probs"":{""away"":0.5556,""home"":0.4878},""source"":""median_complete_book_no_vig""},""books"":[{""book"":""FanDuel"",""fair_probs"":{""away"":0.5501,""home"":0.4499},""hold"":0.0387,""last_update"":""2026-04-05T07:21:40Z"",""outcomes"":{""away"":1.75,""home"":2.14},""raw_probs"":{""away"":0.5714,""home"":0.4673}},{""book"":""DraftKings"",""fair_probs"":{""away"":0.526,""home"":0.474},""hold"":0.0445,""last_update"":""2026-04-05T07:21:42Z"",""outcomes"":{""away"":1.82,""home"":2.02},""raw_probs"":{""away"":0.5495,""home"":0.495}},{""book"":""LowVig.ag"",""fair_probs"":{""away"":0.5335,""home"":0.4665},""hold"":0.0356,""last_update"":""2026-04-05T07:21:05Z"",""outcomes"":{""away"":1.81,""home"":2.07},""raw_probs"":{""away"":0.5525,""home"":0.4831}},{""book"":""BetOnline.ag"",""fair_probs"":{""away"":0.5325,""home"":0.4675},""hold"":0.0434,""last_update"":""2026-04-05T07:21:30Z"",""outcomes"":{""away"":1.8,""home"":2.05},""raw_probs"":{""away"":0.5556,""home"":0.4878}},{""book"":""BetRivers"",""fair_probs"":{""away"":0.5079,""home"":0.4921},""hold"":0.0529,""last_update"":""2026-04-05T07:21:40Z"",""outcomes"":{""away"":1.87,""home"":1.93},""raw_probs"":{""away"":0.5348,""home"":0.5181}},{""book"":""BetMGM"",""fair_probs"":{""away"":0.5325,""home"":0.4675},""hold"":0.0434,""last_update"":""2026-04-05T07:22:03Z"",""outcomes"":{""away"":1.8,""home"":2.05},""raw_probs"":{""away"":0.5556,""home"":0.4878}},{""book"":""Bovada"",""fair_probs"":{""away"":0.5325,""home"":0.4675},""hold"":0.0434,""last_update"":""2026-04-05T07:20:00Z"",""outcomes"":{""away"":1.8,""home"":2.05},""raw_probs"":{""away"":0.5556,""home"":0.4878}},{""book"":""MyBookie.ag"",""fair_probs"":{""away"":0.5288,""home"":0.4712},""hold"":0.0506,""last_update"":""2026-04-05T07:21:52Z"",""outcomes"":{""away"":1.8,""home"":2.02},""raw_probs"":{""away"":0.5556,""home"":0.495}},{""book"":""BetUS"",""fair_probs"":{""away"":0.5325,""home"":0.4675},""hold"":0.0434,""last_update"":""2026-04-05T07:21:28Z"",""outcomes"":{""away"":1.8,""home"":2.05},""raw_probs"":{""away"":0.5556,""home"":0.4878}}],""execution_prices"":{""away"":1.87,""home"":2.14}}","{""away"":0.6948,""home"":0.3052}","{""efficiency"":{""away"":0.4565,""home"":0.5435},""elo"":{""away"":0.6716,""home"":0.3284},""four_factors"":{""away"":0.4607,""home"":0.5393},""nba_matchup"":{""away"":0.4836,""home"":0.5164},""recent_boxscore"":{""away"":0.5309,""home"":0.4691},""results_features"":{""away"":0.5222,""home"":0.4778}}","{""american_odds"":-115,""away_availability_profile"":{""active_players"":18,""available_core_players"":17,""doubtful_players"":0,""event_injury_burden"":1.35,""event_key_absence_score"":0.35,""event_leader_absence_burden"":0.227,""event_leader_uncertainty_burden"":0.227,""event_uncertainty_burden"":0.35,""injured_players"":1,""injury_burden"":1.0,""key_absence_score"":0.0,""leader_absence_burden"":0.0,""leader_uncertainty_burden"":0.0,""questionable_players"":0,""uncertainty_burden"":0.0},""away_bullpen_tax"":null,""away_goalie"":null,""away_goalie_status"":null,""away_injury_profile"":null,""away_lineup_profile"":null,""away_pitcher"":null,""away_pitcher_hand"":null,""away_team"":""Hornets"",""best_odds"":{""away"":-115,""home"":114},""completed"":false,""confidence_score"":75.0,""confidence_stars"":3,""date"":""2026-04-05"",""edge"":0.0974,""edges"":{""away"":{""american_odds"":-115,""confidence_score"":75.0,""decimal_odds"":1.87,""edge"":0.0974,""expected_value"":0.1779,""fractional_kelly"":0.0511,""hold"":0.0434,""implied_prob"":0.5325,""is_value"":true,""kelly_fraction"":0.2045,""market_books"":9,""market_implied_prob"":0.5556,""market_source"":""median_complete_book_no_vig"",""model_prob"":0.6299,""raw_model_prob"":0.6948,""unrealistic_flag"":false},""home"":{""american_odds"":114,""confidence_score"":7.3,""decimal_odds"":2.14,""edge"":-0.0974,""expected_value"":-0.2079,""fractional_kelly"":0.0,""hold"":0.0434,""implied_prob"":0.4675,""is_value"":false,""kelly_fraction"":0.0,""market_books"":9,""market_implied_prob"":0.4878,""market_source"":""median_complete_book_no_vig"",""model_prob"":0.3701,""raw_model_prob"":0.3052,""unrealistic_flag"":false}},""expected_value"":0.1779,""fractional_kelly"":0.0511,""home_availability_profile"":{""active_players"":18,""available_core_players"":14,""doubtful_players"":0,""event_injury_burden"":1.35,""event_key_absence_score"":0.35,""event_leader_absence_burden"":0.525,""event_leader_uncertainty_burden"":0.525,""event_uncertainty_burden"":0.35,""injured_players"":4,""injury_burden"":2.7,""key_absence_score"":1.0,""leader_absence_burden"":1.5,""leader_uncertainty_burden"":0.0,""questionable_players"":2,""uncertainty_burden"":0.7},""home_bullpen_tax"":null,""home_goalie"":null,""home_goalie_status"":null,""home_injury_profile"":null,""home_lineup_profile"":null,""home_pitcher"":null,""home_pitcher_hand"":null,""home_team"":""Timberwolves"",""individual_models"":{""efficiency"":{""away"":0.4565,""home"":0.5435},""elo"":{""away"":0.6716,""home"":0.3284},""four_factors"":{""away"":0.4607,""home"":0.5393},""nba_matchup"":{""away"":0.4836,""home"":0.5164},""recent_boxscore"":{""away"":0.5309,""home"":0.4691},""results_features"":{""away"":0.5222,""home"":0.4778}},""kelly_fraction"":0.2045,""market_snapshot"":{""benchmark"":{""books_tracked"":9,""fair_probs"":{""away"":0.5325,""home"":0.4675},""hold"":0.0434,""raw_probs"":{""away"":0.5556,""home"":0.4878},""source"":""median_complete_book_no_vig""},""books"":[{""book"":""FanDuel"",""fair_probs"":{""away"":0.5501,""home"":0.4499},""hold"":0.0387,""last_update"":""2026-04-05T07:21:40Z"",""outcomes"":{""away"":1.75,""home"":2.14},""raw_probs"":{""away"":0.5714,""home"":0.4673}},{""book"":""DraftKings"",""fair_probs"":{""away"":0.526,""home"":0.474},""hold"":0.0445,""last_update"":""2026-04-05T07:21:42Z"",""outcomes"":{""away"":1.82,""home"":2.02},""raw_probs"":{""away"":0.5495,""home"":0.495}},{""book"":""LowVig.ag"",""fair_probs"":{""away"":0.5335,""home"":0.4665},""hold"":0.0356,""last_update"":""2026-04-05T07:21:05Z"",""outcomes"":{""away"":1.81,""home"":2.07},""raw_probs"":{""away"":0.5525,""home"":0.4831}},{""book"":""BetOnline.ag"",""fair_probs"":{""away"":0.5325,""home"":0.4675},""hold"":0.0434,""last_update"":""2026-04-05T07:21:30Z"",""outcomes"":{""away"":1.8,""home"":2.05},""raw_probs"":{""away"":0.5556,""home"":0.4878}},{""book"":""BetRivers"",""fair_probs"":{""away"":0.5079,""home"":0.4921},""hold"":0.0529,""last_update"":""2026-04-05T07:21:40Z"",""outcomes"":{""away"":1.87,""home"":1.93},""raw_probs"":{""away"":0.5348,""home"":0.5181}},{""book"":""BetMGM"",""fair_probs"":{""away"":0.5325,""home"":0.4675},""hold"":0.0434,""last_update"":""2026-04-05T07:22:03Z"",""outcomes"":{""away"":1.8,""home"":2.05},""raw_probs"":{""away"":0.5556,""home"":0.4878}},{""book"":""Bovada"",""fair_probs"":{""away"":0.5325,""home"":0.4675},""hold"":0.0434,""last_update"":""2026-04-05T07:20:00Z"",""outcomes"":{""away"":1.8,""home"":2.05},""raw_probs"":{""away"":0.5556,""home"":0.4878}},{""book"":""MyBookie.ag"",""fair_probs"":{""away"":0.5288,""home"":0.4712},""hold"":0.0506,""last_update"":""2026-04-05T07:21:52Z"",""outcomes"":{""away"":1.8,""home"":2.02},""raw_probs"":{""away"":0.5556,""home"":0.495}},{""book"":""BetUS"",""fair_probs"":{""away"":0.5325,""home"":0.4675},""hold"":0.0434,""last_update"":""2026-04-05T07:21:28Z"",""outcomes"":{""away"":1.8,""home"":2.05},""raw_probs"":{""away"":0.5556,""home"":0.4878}}],""execution_prices"":{""away"":1.87,""home"":2.14}},""matchday"":null,""model_prob"":0.6948,""model_probs"":{""away"":0.6948,""home"":0.3052},""neutral"":false,""pick"":""away"",""qualitative_analysis"":{""away_impact"":0.0,""away_team"":""Hornets"",""home_impact"":-4.5,""home_team"":""Timberwolves"",""individual_factors"":[{""confidence"":0.8,""description"":""Uncertainty regarding the availability of All-Star Anthony Edwards (Day-To-Day) poses a significant potential negative impact."",""direction"":""negative"",""magnitude"":2.5,""team"":""Timberwolves""},{""confidence"":1.0,""description"":""Absence of starting forward Jaden McDaniels, a key defensive player."",""direction"":""negative"",""magnitude"":2.0,""team"":""Timberwolves""},{""confidence"":1.0,""description"":""Absence of deep bench player PJ Hall."",""direction"":""negative"",""magnitude"":0.0,""team"":""Hornets""},{""confidence"":0.8,""description"":""Uncertainty regarding the availability of deep bench player Moussa Diabate."",""direction"":""negative"",""magnitude"":0.0,""team"":""Hornets""}],""net_qualitative_edge"":""away"",""sport"":""nba"",""summary"":""The Timberwolves face significant qualitative challenges with the day-to-day status of All-Star Anthony Edwards and the confirmed absence of key starter Jaden McDaniels, while the Hornets have no notable qualitative disadvantages.""},""qualitative_summary"":""Qualitative (H:-4.5 A:0.0): agreed. Uncertainty regarding the availability of All-Star Anthony Edwards (Day-To-Day) poses a significant potential negative impact.; Absence of starting forward Jaden McDaniels, a key defensive player."",""run_id"":""manual-20260405T072154186648Z"",""run_type"":""manual"",""snapshot_path"":""tracking/snapshots/2026-04-05/nba/manual-20260405T072154186648Z.json"",""snapshot_timestamp"":""2026-04-05T07:21:54Z"",""start_time"":""2026-04-05T23:00Z"",""weather"":null}","{""pick_type"":""slop_lock"",""publication_guard"":{""allow_moneyline"":false,""allow_totals"":false,""enforced"":true,""evaluated_picks"":17,""evaluated_totals_picks"":6,""min_evaluated_picks"":20,""min_evaluated_totals_picks"":10,""reason"":""hold moneylines until settled picks reach 17/20"",""status"":""suppressed""},""selection_config"":{""additional_confidence_floor"":52,""confidence_dropoff"":8,""edge_floor"":0.02,""max_picks"":5,""min_expected_value"":0.0,""probability_floor"":0.5}}"
2026-04-05T07:27:51Z,manual-20260405T072643570976Z,manual,2026-04-05T07:26:43Z,tracking/snapshots/2026-04-05/nhl/manual-20260405T072643570976Z.json,nhl,slop_lock,moneyline,Penguins,Panthers,2026-04-05,2026-04-05T19:00Z,home,,,,0.6384,0.6772,0.7042,-0.0388,-0.0871,-233,1.43,40.2,0.0,0.0,median_complete_book_no_vig,9,0.0383,suppressed,hold moneylines until settled picks reach 4/20,True,4,0,6,0.0,0.015,0.5,50,7,4,"{""benchmark"":{""books_tracked"":9,""fair_probs"":{""away"":0.3228,""home"":0.6772},""hold"":0.0383,""raw_probs"":{""away"":0.3333,""home"":0.7042},""source"":""median_complete_book_no_vig""},""books"":[{""book"":""DraftKings"",""fair_probs"":{""away"":0.3249,""home"":0.6751},""hold"":0.0432,""last_update"":""2026-04-05T07:26:12Z"",""outcomes"":{""away"":2.95,""home"":1.42},""raw_probs"":{""away"":0.339,""home"":0.7042}},{""book"":""BetMGM"",""fair_probs"":{""away"":0.3265,""home"":0.6735},""hold"":0.0383,""last_update"":""2026-04-05T07:26:46Z"",""outcomes"":{""away"":2.95,""home"":1.43},""raw_probs"":{""away"":0.339,""home"":0.6993}},{""book"":""FanDuel"",""fair_probs"":{""away"":0.3131,""home"":0.6869},""hold"":0.0473,""last_update"":""2026-04-05T07:26:34Z"",""outcomes"":{""away"":3.05,""home"":1.39},""raw_probs"":{""away"":0.3279,""home"":0.7194}},{""book"":""MyBookie.ag"",""fair_probs"":{""away"":0.3287,""home"":0.6713},""hold"":0.0491,""last_update"":""2026-04-05T07:25:25Z"",""outcomes"":{""away"":2.9,""home"":1.42},""raw_probs"":{""away"":0.3448,""home"":0.7042}},{""book"":""BetRivers"",""fair_probs"":{""away"":0.3182,""home"":0.6818},""hold"":0.0476,""last_update"":""2026-04-05T07:26:45Z"",""outcomes"":{""away"":3.0,""home"":1.4},""raw_probs"":{""away"":0.3333,""home"":0.7143}},{""book"":""Bovada"",""fair_probs"":{""away"":0.3213,""home"":0.6787},""hold"":0.0376,""last_update"":""2026-04-05T07:24:18Z"",""outcomes"":{""away"":3.0,""home"":1.42},""raw_probs"":{""away"":0.3333,""home"":0.7042}},{""book"":""LowVig.ag"",""fair_probs"":{""away"":0.3228,""home"":0.6772},""hold"":0.0326,""last_update"":""2026-04-05T07:26:45Z"",""outcomes"":{""away"":3.0,""home"":1.43},""raw_probs"":{""away"":0.3333,""home"":0.6993}},{""book"":""BetOnline.ag"",""fair_probs"":{""away"":0.3228,""home"":0.6772},""hold"":0.0326,""last_update"":""2026-04-05T07:26:45Z"",""outcomes"":{""away"":3.0,""home"":1.43},""raw_probs"":{""away"":0.3333,""home"":0.6993}},{""book"":""BetUS"",""fair_probs"":{""away"":0.3265,""home"":0.6735},""hold"":0.0383,""last_update"":""2026-04-05T07:24:48Z"",""outcomes"":{""away"":2.95,""home"":1.43},""raw_probs"":{""away"":0.339,""home"":0.6993}}],""execution_prices"":{""away"":3.05,""home"":1.43}}","{""away"":0.3875,""home"":0.6125}","{""elo"":{""away"":0.324,""home"":0.676},""nhl_matchup"":{""away"":0.4036,""home"":0.5964},""results_features"":{""away"":0.4544,""home"":0.5456}}","{""american_odds"":-233,""away_availability_profile"":null,""away_bullpen_tax"":null,""away_goalie"":""Daniil Tarasov"",""away_goalie_status"":""expected"",""away_injury_profile"":{""injury_burden"":5.0,""key_absence_score"":0.0,""leader_absence_burden"":0.0,""leader_uncertainty_burden"":0.0,""uncertainty_burden"":0.0},""away_lineup_profile"":null,""away_pitcher"":null,""away_pitcher_hand"":null,""away_team"":""Panthers"",""best_odds"":{""away"":205,""home"":-233},""completed"":false,""confidence_score"":40.2,""confidence_stars"":2,""date"":""2026-04-05"",""edge"":-0.0388,""edges"":{""away"":{""american_odds"":205,""confidence_score"":35.1,""decimal_odds"":3.05,""edge"":0.0388,""expected_value"":0.1029,""fractional_kelly"":0.01,""hold"":0.0383,""implied_prob"":0.3228,""is_value"":false,""kelly_fraction"":0.0502,""market_books"":9,""market_implied_prob"":0.3333,""market_source"":""median_complete_book_no_vig"",""model_prob"":0.3616,""raw_model_prob"":0.3875,""unrealistic_flag"":false},""home"":{""american_odds"":-233,""confidence_score"":40.2,""decimal_odds"":1.43,""edge"":-0.0388,""expected_value"":-0.0871,""fractional_kelly"":0.0,""hold"":0.0383,""implied_prob"":0.6772,""is_value"":false,""kelly_fraction"":0.0,""market_books"":9,""market_implied_prob"":0.7042,""market_source"":""median_complete_book_no_vig"",""model_prob"":0.6384,""raw_model_prob"":0.6125,""unrealistic_flag"":false}},""expected_value"":-0.0871,""fractional_kelly"":0.0,""home_availability_profile"":null,""home_bullpen_tax"":null,""home_goalie"":""Stuart Skinner"",""home_goalie_status"":""expected"",""home_injury_profile"":{""injury_burden"":4.0,""key_absence_score"":0.0,""leader_absence_burden"":0.0,""leader_uncertainty_burden"":0.0,""uncertainty_burden"":0.0},""home_lineup_profile"":null,""home_pitcher"":null,""home_pitcher_hand"":null,""home_team"":""Penguins"",""individual_models"":{""elo"":{""away"":0.324,""home"":0.676},""nhl_matchup"":{""away"":0.4036,""home"":0.5964},""results_features"":{""away"":0.4544,""home"":0.5456}},""kelly_fraction"":0.0,""market_snapshot"":{""benchmark"":{""books_tracked"":9,""fair_probs"":{""away"":0.3228,""home"":0.6772},""hold"":0.0383,""raw_probs"":{""away"":0.3333,""home"":0.7042},""source"":""median_complete_book_no_vig""},""books"":[{""book"":""DraftKings"",""fair_probs"":{""away"":0.3249,""home"":0.6751},""hold"":0.0432,""last_update"":""2026-04-05T07:26:12Z"",""outcomes"":{""away"":2.95,""home"":1.42},""raw_probs"":{""away"":0.339,""home"":0.7042}},{""book"":""BetMGM"",""fair_probs"":{""away"":0.3265,""home"":0.6735},""hold"":0.0383,""last_update"":""2026-04-05T07:26:46Z"",""outcomes"":{""away"":2.95,""home"":1.43},""raw_probs"":{""away"":0.339,""home"":0.6993}},{""book"":""FanDuel"",""fair_probs"":{""away"":0.3131,""home"":0.6869},""hold"":0.0473,""last_update"":""2026-04-05T07:26:34Z"",""outcomes"":{""away"":3.05,""home"":1.39},""raw_probs"":{""away"":0.3279,""home"":0.7194}},{""book"":""MyBookie.ag"",""fair_probs"":{""away"":0.3287,""home"":0.6713},""hold"":0.0491,""last_update"":""2026-04-05T07:25:25Z"",""outcomes"":{""away"":2.9,""home"":1.42},""raw_probs"":{""away"":0.3448,""home"":0.7042}},{""book"":""BetRivers"",""fair_probs"":{""away"":0.3182,""home"":0.6818},""hold"":0.0476,""last_update"":""2026-04-05T07:26:45Z"",""outcomes"":{""away"":3.0,""home"":1.4},""raw_probs"":{""away"":0.3333,""home"":0.7143}},{""book"":""Bovada"",""fair_probs"":{""away"":0.3213,""home"":0.6787},""hold"":0.0376,""last_update"":""2026-04-05T07:24:18Z"",""outcomes"":{""away"":3.0,""home"":1.42},""raw_probs"":{""away"":0.3333,""home"":0.7042}},{""book"":""LowVig.ag"",""fair_probs"":{""away"":0.3228,""home"":0.6772},""hold"":0.0326,""last_update"":""2026-04-05T07:26:45Z"",""outcomes"":{""away"":3.0,""home"":1.43},""raw_probs"":{""away"":0.3333,""home"":0.6993}},{""book"":""BetOnline.ag"",""fair_probs"":{""away"":0.3228,""home"":0.6772},""hold"":0.0326,""last_update"":""2026-04-05T07:26:45Z"",""outcomes"":{""away"":3.0,""home"":1.43},""raw_probs"":{""away"":0.3333,""home"":0.6993}},{""book"":""BetUS"",""fair_probs"":{""away"":0.3265,""home"":0.6735},""hold"":0.0383,""last_update"":""2026-04-05T07:24:48Z"",""outcomes"":{""away"":2.95,""home"":1.43},""raw_probs"":{""away"":0.339,""home"":0.6993}}],""execution_prices"":{""away"":3.05,""home"":1.43}},""matchday"":null,""model_prob"":0.6125,""model_probs"":{""away"":0.3875,""home"":0.6125},""neutral"":false,""pick"":""home"",""qualitative_analysis"":{""away_impact"":-4.5,""away_team"":""Panthers"",""home_impact"":-1.0,""home_team"":""Penguins"",""individual_factors"":[{""confidence"":0.9,""description"":""Missing depth defenseman Caleb Jones and depth forward Blake Lizotte."",""direction"":""negative"",""magnitude"":1.0,""team"":""Penguins""},{""confidence"":0.9,""description"":""Missing top-pairing defenseman Aaron Ekblad."",""direction"":""negative"",""magnitude"":2.5,""team"":""Panthers""},{""confidence"":0.9,""description"":""Missing top-line forward and key scorer Sam Reinhart."",""direction"":""negative"",""magnitude"":3.5,""team"":""Panthers""},{""confidence"":0.9,""description"":""Missing middle-six forward Evan Rodrigues and depth players Dmitry Kulikov and Jonah Gadjovich."",""direction"":""negative"",""magnitude"":1.5,""team"":""Panthers""}],""net_qualitative_edge"":""home"",""sport"":""nhl"",""summary"":""The Panthers are severely hampered by the absence of top-line scorer Sam Reinhart and top-pairing defenseman Aaron Ekblad, along with other key contributors, giving the Penguins a significant qualitative advantage due to minor depth injuries.""},""qualitative_summary"":""Qualitative (H:-1.0 A:-4.5): agreed. Missing depth defenseman Caleb Jones and depth forward Blake Lizotte.; Missing top-pairing defenseman Aaron Ekblad."",""run_id"":""manual-20260405T072643570976Z"",""run_type"":""manual"",""snapshot_path"":""tracking/snapshots/2026-04-05/nhl/manual-20260405T072643570976Z.json"",""snapshot_timestamp"":""2026-04-05T07:26:43Z"",""start_time"":""2026-04-05T19:00Z"",""weather"":null}","{""pick_type"":""slop_lock"",""publication_guard"":{""allow_moneyline"":false,""allow_totals"":false,""enforced"":true,""evaluated_picks"":4,""evaluated_totals_picks"":0,""min_evaluated_picks"":20,""min_evaluated_totals_picks"":0,""reason"":""hold moneylines until settled picks reach 4/20"",""status"":""suppressed""},""selection_config"":{""additional_confidence_floor"":50,""confidence_dropoff"":7,""edge_floor"":0.015,""max_picks"":4,""min_expected_value"":0.0,""probability_floor"":0.5}}"
2026-04-05T07:27:51Z,manual-20260405T072643570976Z,manual,2026-04-05T07:26:43Z,tracking/snapshots/2026-04-05/nhl/manual-20260405T072643570976Z.json,nhl,slop_lock,moneyline,Avalanche,Blues,2026-04-05,2026-04-06T01:30Z,home,,,,0.6288,0.6705,0.6993,-0.0417,-0.0883,-222,1.45,39.6,0.0,0.0,median_complete_book_no_vig,9,0.0393,suppressed,hold moneylines until settled picks reach 4/20,True,4,0,6,0.0,0.015,0.5,50,7,4,"{""benchmark"":{""books_tracked"":9,""fair_probs"":{""away"":0.3295,""home"":0.6705},""hold"":0.0393,""raw_probs"":{""away"":0.339,""home"":0.6993},""source"":""median_complete_book_no_vig""},""books"":[{""book"":""DraftKings"",""fair_probs"":{""away"":0.3303,""home"":0.6697},""hold"":0.0441,""last_update"":""2026-04-05T07:26:12Z"",""outcomes"":{""away"":2.9,""home"":1.43},""raw_probs"":{""away"":0.3448,""home"":0.6993}},{""book"":""BetMGM"",""fair_probs"":{""away"":0.3265,""home"":0.6735},""hold"":0.0383,""last_update"":""2026-04-05T07:26:46Z"",""outcomes"":{""away"":2.95,""home"":1.43},""raw_probs"":{""away"":0.339,""home"":0.6993}},{""book"":""FanDuel"",""fair_probs"":{""away"":0.3212,""home"":0.6788},""hold"":0.0448,""last_update"":""2026-04-05T07:26:34Z"",""outcomes"":{""away"":2.98,""home"":1.41},""raw_probs"":{""away"":0.3356,""home"":0.7092}},{""book"":""BetRivers"",""fair_probs"":{""away"":0.3182,""home"":0.6818},""hold"":0.0476,""last_update"":""2026-04-05T07:26:45Z"",""outcomes"":{""away"":3.0,""home"":1.4},""raw_probs"":{""away"":0.3333,""home"":0.7143}},{""book"":""LowVig.ag"",""fair_probs"":{""away"":0.3295,""home"":0.6705},""hold"":0.0286,""last_update"":""2026-04-05T07:26:45Z"",""outcomes"":{""away"":2.95,""home"":1.45},""raw_probs"":{""away"":0.339,""home"":0.6897}},{""book"":""BetOnline.ag"",""fair_probs"":{""away"":0.3295,""home"":0.6705},""hold"":0.0286,""last_update"":""2026-04-05T07:26:45Z"",""outcomes"":{""away"":2.95,""home"":1.45},""raw_probs"":{""away"":0.339,""home"":0.6897}},{""book"":""Bovada"",""fair_probs"":{""away"":0.3265,""home"":0.6735},""hold"":0.0383,""last_update"":""2026-04-05T07:24:18Z"",""outcomes"":{""away"":2.95,""home"":1.43},""raw_probs"":{""away"":0.339,""home"":0.6993}},{""book"":""MyBookie.ag"",""fair_probs"":{""away"":0.3333,""home"":0.6667},""hold"":0.049,""last_update"":""2026-04-05T07:25:25Z"",""outcomes"":{""away"":2.86,""home"":1.43},""raw_probs"":{""away"":0.3497,""home"":0.6993}},{""book"":""BetUS"",""fair_probs"":{""away"":0.3318,""home"":0.6682},""hold"":0.0393,""last_update"":""2026-04-05T07:24:48Z"",""outcomes"":{""away"":2.9,""home"":1.44},""raw_probs"":{""away"":0.3448,""home"":0.6944}}],""execution_prices"":{""away"":3.0,""home"":1.45}}","{""away"":0.3991,""home"":0.6009}","{""elo"":{""away"":0.34,""home"":0.66},""nhl_matchup"":{""away"":0.3673,""home"":0.6327},""results_features"":{""away"":0.4567,""home"":0.5433}}","{""american_odds"":-222,""away_availability_profile"":null,""away_bullpen_tax"":null,""away_goalie"":""Jordan Binnington"",""away_goalie_status"":""expected"",""away_injury_profile"":{""injury_burden"":0.35,""key_absence_score"":0.0,""leader_absence_burden"":0.0,""leader_uncertainty_burden"":0.0,""uncertainty_burden"":0.35},""away_lineup_profile"":null,""away_pitcher"":null,""away_pitcher_hand"":null,""away_team"":""Blues"",""best_odds"":{""away"":200,""home"":-222},""completed"":false,""confidence_score"":39.6,""confidence_stars"":2,""date"":""2026-04-05"",""edge"":-0.0417,""edges"":{""away"":{""american_odds"":200,""confidence_score"":36.4,""decimal_odds"":3.0,""edge"":0.0417,""expected_value"":0.1137,""fractional_kelly"":0.0114,""hold"":0.0393,""implied_prob"":0.3295,""is_value"":false,""kelly_fraction"":0.0569,""market_books"":9,""market_implied_prob"":0.339,""market_source"":""median_complete_book_no_vig"",""model_prob"":0.3712,""raw_model_prob"":0.3991,""unrealistic_flag"":false},""home"":{""american_odds"":-222,""confidence_score"":39.6,""decimal_odds"":1.45,""edge"":-0.0417,""expected_value"":-0.0883,""fractional_kelly"":0.0,""hold"":0.0393,""implied_prob"":0.6705,""is_value"":false,""kelly_fraction"":0.0,""market_books"":9,""market_implied_prob"":0.6993,""market_source"":""median_complete_book_no_vig"",""model_prob"":0.6288,""raw_model_prob"":0.6009,""unrealistic_flag"":false}},""expected_value"":-0.0883,""fractional_kelly"":0.0,""home_availability_profile"":null,""home_bullpen_tax"":null,""home_goalie"":""Mackenzie Blackwood"",""home_goalie_status"":""expected"",""home_injury_profile"":{""injury_burden"":2.0,""key_absence_score"":0.0,""leader_absence_burden"":0.0,""leader_uncertainty_burden"":0.0,""uncertainty_burden"":0.0},""home_lineup_profile"":null,""home_pitcher"":null,""home_pitcher_hand"":null,""home_team"":""Avalanche"",""individual_models"":{""elo"":{""away"":0.34,""home"":0.66},""nhl_matchup"":{""away"":0.3673,""home"":0.6327},""results_features"":{""away"":0.4567,""home"":0.5433}},""kelly_fraction"":0.0,""market_snapshot"":{""benchmark"":{""books_tracked"":9,""fair_probs"":{""away"":0.3295,""home"":0.6705},""hold"":0.0393,""raw_probs"":{""away"":0.339,""home"":0.6993},""source"":""median_complete_book_no_vig""},""books"":[{""book"":""DraftKings"",""fair_probs"":{""away"":0.3303,""home"":0.6697},""hold"":0.0441,""last_update"":""2026-04-05T07:26:12Z"",""outcomes"":{""away"":2.9,""home"":1.43},""raw_probs"":{""away"":0.3448,""home"":0.6993}},{""book"":""BetMGM"",""fair_probs"":{""away"":0.3265,""home"":0.6735},""hold"":0.0383,""last_update"":""2026-04-05T07:26:46Z"",""outcomes"":{""away"":2.95,""home"":1.43},""raw_probs"":{""away"":0.339,""home"":0.6993}},{""book"":""FanDuel"",""fair_probs"":{""away"":0.3212,""home"":0.6788},""hold"":0.0448,""last_update"":""2026-04-05T07:26:34Z"",""outcomes"":{""away"":2.98,""home"":1.41},""raw_probs"":{""away"":0.3356,""home"":0.7092}},{""book"":""BetRivers"",""fair_probs"":{""away"":0.3182,""home"":0.6818},""hold"":0.0476,""last_update"":""2026-04-05T07:26:45Z"",""outcomes"":{""away"":3.0,""home"":1.4},""raw_probs"":{""away"":0.3333,""home"":0.7143}},{""book"":""LowVig.ag"",""fair_probs"":{""away"":0.3295,""home"":0.6705},""hold"":0.0286,""last_update"":""2026-04-05T07:26:45Z"",""outcomes"":{""away"":2.95,""home"":1.45},""raw_probs"":{""away"":0.339,""home"":0.6897}},{""book"":""BetOnline.ag"",""fair_probs"":{""away"":0.3295,""home"":0.6705},""hold"":0.0286,""last_update"":""2026-04-05T07:26:45Z"",""outcomes"":{""away"":2.95,""home"":1.45},""raw_probs"":{""away"":0.339,""home"":0.6897}},{""book"":""Bovada"",""fair_probs"":{""away"":0.3265,""home"":0.6735},""hold"":0.0383,""last_update"":""2026-04-05T07:24:18Z"",""outcomes"":{""away"":2.95,""home"":1.43},""raw_probs"":{""away"":0.339,""home"":0.6993}},{""book"":""MyBookie.ag"",""fair_probs"":{""away"":0.3333,""home"":0.6667},""hold"":0.049,""last_update"":""2026-04-05T07:25:25Z"",""outcomes"":{""away"":2.86,""home"":1.43},""raw_probs"":{""away"":0.3497,""home"":0.6993}},{""book"":""BetUS"",""fair_probs"":{""away"":0.3318,""home"":0.6682},""hold"":0.0393,""last_update"":""2026-04-05T07:24:48Z"",""outcomes"":{""away"":2.9,""home"":1.44},""raw_probs"":{""away"":0.3448,""home"":0.6944}}],""execution_prices"":{""away"":3.0,""home"":1.45}},""matchday"":null,""model_prob"":0.6009,""model_probs"":{""away"":0.3991,""home"":0.6009},""neutral"":false,""pick"":""home"",""qualitative_analysis"":{""away_impact"":-2.5,""away_team"":""Blues"",""home_impact"":-5.0,""home_team"":""Avalanche"",""individual_factors"":[{""confidence"":1.0,""description"":""Cale Makar (Out): Superstar defenseman, a major loss for both offense and defense."",""direction"":""negative"",""magnitude"":4.0,""team"":""Avalanche""},{""confidence"":1.0,""description"":""Nicolas Roy (Out): Solid bottom-six forward, impacts depth."",""direction"":""negative"",""magnitude"":1.0,""team"":""Avalanche""},{""confidence"":0.7,""description"":""Pavel Buchnevich (Day-To-Day): Key offensive forward, his potential absence would be a moderate blow to scoring depth."",""direction"":""negative"",""magnitude"":2.5,""team"":""Blues""}],""net_qualitative_edge"":""away"",""sport"":""nhl"",""summary"":""The Avalanche are significantly hampered by the confirmed absences of superstar Cale Makar and forward Nicolas Roy, while the Blues face a moderate potential impact with Pavel Buchnevich listed as day-to-day.""},""qualitative_summary"":""Qualitative (H:-5.0 A:-2.5): disagreed. Cale Makar (Out): Superstar defenseman, a major loss for both offense and defense.; Nicolas Roy (Out): Solid bottom-six forward, impacts depth."",""run_id"":""manual-20260405T072643570976Z"",""run_type"":""manual"",""snapshot_path"":""tracking/snapshots/2026-04-05/nhl/manual-20260405T072643570976Z.json"",""snapshot_timestamp"":""2026-04-05T07:26:43Z"",""start_time"":""2026-04-06T01:30Z"",""weather"":null}","{""pick_type"":""slop_lock"",""publication_guard"":{""allow_moneyline"":false,""allow_totals"":false,""enforced"":true,""evaluated_picks"":4,""evaluated_totals_picks"":0,""min_evaluated_picks"":20,""min_evaluated_totals_picks"":0,""reason"":""hold moneylines until settled picks reach 4/20"",""status"":""suppressed""},""selection_config"":{""additional_confidence_floor"":50,""confidence_dropoff"":7,""edge_floor"":0.015,""max_picks"":4,""min_expected_value"":0.0,""probability_floor"":0.5}}"
2026-04-05T07:27:51Z,manual-20260405T072643570976Z,manual,2026-04-05T07:26:43Z,tracking/snapshots/2026-04-05/nhl/manual-20260405T072643570976Z.json,nhl,slop_lock,moneyline,Canadiens,Devils,2026-04-05,2026-04-05T23:00Z,home,,,,0.5919,0.591,0.6173,0.0009,-0.0234,-154,1.65,24.1,0.0,0.0,median_complete_book_no_vig,9,0.0428,suppressed,hold moneylines until settled picks reach 4/20,True,4,0,6,0.0,0.015,0.5,50,7,4,"{""benchmark"":{""books_tracked"":9,""fair_probs"":{""away"":0.409,""home"":0.591},""hold"":0.0428,""raw_probs"":{""away"":0.4255,""home"":0.6173},""source"":""median_complete_book_no_vig""},""books"":[{""book"":""DraftKings"",""fair_probs"":{""away"":0.407,""home"":0.593},""hold"":0.041,""last_update"":""2026-04-05T07:26:12Z"",""outcomes"":{""away"":2.36,""home"":1.62},""raw_probs"":{""away"":0.4237,""home"":0.6173}},{""book"":""BetMGM"",""fair_probs"":{""away"":0.4081,""home"":0.5919},""hold"":0.0428,""last_update"":""2026-04-05T07:26:46Z"",""outcomes"":{""away"":2.35,""home"":1.62},""raw_probs"":{""away"":0.4255,""home"":0.6173}},{""book"":""FanDuel"",""fair_probs"":{""away"":0.4091,""home"":0.5909},""hold"":0.0446,""last_update"":""2026-04-05T07:26:34Z"",""outcomes"":{""away"":2.34,""home"":1.62},""raw_probs"":{""away"":0.4274,""home"":0.6173}},{""book"":""BetRivers"",""fair_probs"":{""away"":0.4112,""home"":0.5888},""hold"":0.0483,""last_update"":""2026-04-05T07:26:45Z"",""outcomes"":{""away"":2.32,""home"":1.62},""raw_probs"":{""away"":0.431,""home"":0.6173}},{""book"":""Bovada"",""fair_probs"":{""away"":0.4081,""home"":0.5919},""hold"":0.0428,""last_update"":""2026-04-05T07:24:18Z"",""outcomes"":{""away"":2.35,""home"":1.62},""raw_probs"":{""away"":0.4255,""home"":0.6173}},{""book"":""BetOnline.ag"",""fair_probs"":{""away"":0.409,""home"":0.591},""hold"":0.0317,""last_update"":""2026-04-05T07:26:45Z"",""outcomes"":{""away"":2.37,""home"":1.64},""raw_probs"":{""away"":0.4219,""home"":0.6098}},{""book"":""LowVig.ag"",""fair_probs"":{""away"":0.409,""home"":0.591},""hold"":0.0317,""last_update"":""2026-04-05T07:26:45Z"",""outcomes"":{""away"":2.37,""home"":1.64},""raw_probs"":{""away"":0.4219,""home"":0.6098}},{""book"":""MyBookie.ag"",""fair_probs"":{""away"":0.4184,""home"":0.5816},""hold"":0.0484,""last_update"":""2026-04-05T07:25:25Z"",""outcomes"":{""away"":2.28,""home"":1.64},""raw_probs"":{""away"":0.4386,""home"":0.6098}},{""book"":""BetUS"",""fair_probs"":{""away"":0.4135,""home"":0.5865},""hold"":0.0334,""last_update"":""2026-04-05T07:24:48Z"",""outcomes"":{""away"":2.34,""home"":1.65},""raw_probs"":{""away"":0.4274,""home"":0.6061}}],""execution_prices"":{""away"":2.37,""home"":1.65}}","{""away"":0.4075,""home"":0.5925}","{""elo"":{""away"":0.263,""home"":0.737},""nhl_matchup"":{""away"":0.4999,""home"":0.5001},""results_features"":{""away"":0.4435,""home"":0.5565}}","{""american_odds"":-154,""away_availability_profile"":null,""away_bullpen_tax"":null,""away_goalie"":""Jacob Markstrom"",""away_goalie_status"":""expected"",""away_injury_profile"":{""injury_burden"":4.0,""key_absence_score"":0.0,""leader_absence_burden"":0.0,""leader_uncertainty_burden"":0.0,""uncertainty_burden"":0.0},""away_lineup_profile"":null,""away_pitcher"":null,""away_pitcher_hand"":null,""away_team"":""Devils"",""best_odds"":{""away"":137,""home"":-154},""completed"":false,""confidence_score"":24.1,""confidence_stars"":1,""date"":""2026-04-05"",""edge"":0.0009,""edges"":{""away"":{""american_odds"":137,""confidence_score"":3.6,""decimal_odds"":2.37,""edge"":-0.0009,""expected_value"":-0.0328,""fractional_kelly"":0.0,""hold"":0.0428,""implied_prob"":0.409,""is_value"":false,""kelly_fraction"":0.0,""market_books"":9,""market_implied_prob"":0.4255,""market_source"":""median_complete_book_no_vig"",""model_prob"":0.4081,""raw_model_prob"":0.4075,""unrealistic_flag"":false},""home"":{""american_odds"":-154,""confidence_score"":24.1,""decimal_odds"":1.65,""edge"":0.0009,""expected_value"":-0.0234,""fractional_kelly"":0.0,""hold"":0.0428,""implied_prob"":0.591,""is_value"":false,""kelly_fraction"":0.0,""market_books"":9,""market_implied_prob"":0.6173,""market_source"":""median_complete_book_no_vig"",""model_prob"":0.5919,""raw_model_prob"":0.5925,""unrealistic_flag"":false}},""expected_value"":-0.0234,""fractional_kelly"":0.0,""home_availability_profile"":null,""home_bullpen_tax"":null,""home_goalie"":""Jacob Fowler"",""home_goalie_status"":""expected"",""home_injury_profile"":{""injury_burden"":4.0,""key_absence_score"":0.0,""leader_absence_burden"":0.0,""leader_uncertainty_burden"":0.0,""uncertainty_burden"":0.0},""home_lineup_profile"":null,""home_pitcher"":null,""home_pitcher_hand"":null,""home_team"":""Canadiens"",""individual_models"":{""elo"":{""away"":0.263,""home"":0.737},""nhl_matchup"":{""away"":0.4999,""home"":0.5001},""results_features"":{""away"":0.4435,""home"":0.5565}},""kelly_fraction"":0.0,""market_snapshot"":{""benchmark"":{""books_tracked"":9,""fair_probs"":{""away"":0.409,""home"":0.591},""hold"":0.0428,""raw_probs"":{""away"":0.4255,""home"":0.6173},""source"":""median_complete_book_no_vig""},""books"":[{""book"":""DraftKings"",""fair_probs"":{""away"":0.407,""home"":0.593},""hold"":0.041,""last_update"":""2026-04-05T07:26:12Z"",""outcomes"":{""away"":2.36,""home"":1.62},""raw_probs"":{""away"":0.4237,""home"":0.6173}},{""book"":""BetMGM"",""fair_probs"":{""away"":0.4081,""home"":0.5919},""hold"":0.0428,""last_update"":""2026-04-05T07:26:46Z"",""outcomes"":{""away"":2.35,""home"":1.62},""raw_probs"":{""away"":0.4255,""home"":0.6173}},{""book"":""FanDuel"",""fair_probs"":{""away"":0.4091,""home"":0.5909},""hold"":0.0446,""last_update"":""2026-04-05T07:26:34Z"",""outcomes"":{""away"":2.34,""home"":1.62},""raw_probs"":{""away"":0.4274,""home"":0.6173}},{""book"":""BetRivers"",""fair_probs"":{""away"":0.4112,""home"":0.5888},""hold"":0.0483,""last_update"":""2026-04-05T07:26:45Z"",""outcomes"":{""away"":2.32,""home"":1.62},""raw_probs"":{""away"":0.431,""home"":0.6173}},{""book"":""Bovada"",""fair_probs"":{""away"":0.4081,""home"":0.5919},""hold"":0.0428,""last_update"":""2026-04-05T07:24:18Z"",""outcomes"":{""away"":2.35,""home"":1.62},""raw_probs"":{""away"":0.4255,""home"":0.6173}},{""book"":""BetOnline.ag"",""fair_probs"":{""away"":0.409,""home"":0.591},""hold"":0.0317,""last_update"":""2026-04-05T07:26:45Z"",""outcomes"":{""away"":2.37,""home"":1.64},""raw_probs"":{""away"":0.4219,""home"":0.6098}},{""book"":""LowVig.ag"",""fair_probs"":{""away"":0.409,""home"":0.591},""hold"":0.0317,""last_update"":""2026-04-05T07:26:45Z"",""outcomes"":{""away"":2.37,""home"":1.64},""raw_probs"":{""away"":0.4219,""home"":0.6098}},{""book"":""MyBookie.ag"",""fair_probs"":{""away"":0.4184,""home"":0.5816},""hold"":0.0484,""last_update"":""2026-04-05T07:25:25Z"",""outcomes"":{""away"":2.28,""home"":1.64},""raw_probs"":{""away"":0.4386,""home"":0.6098}},{""book"":""BetUS"",""fair_probs"":{""away"":0.4135,""home"":0.5865},""hold"":0.0334,""last_update"":""2026-04-05T07:24:48Z"",""outcomes"":{""away"":2.34,""home"":1.65},""raw_probs"":{""away"":0.4274,""home"":0.6061}}],""execution_prices"":{""away"":2.37,""home"":1.65}},""matchday"":null,""model_prob"":0.5925,""model_probs"":{""away"":0.4075,""home"":0.5925},""neutral"":false,""pick"":""home"",""qualitative_analysis"":{""away_impact"":-2.5,""away_team"":""Devils"",""home_impact"":-4.5,""home_team"":""Canadiens"",""individual_factors"":[{""confidence"":0.9,""description"":""Patrik Laine (Injured Reserve) - Key offensive forward out."",""direction"":""negative"",""magnitude"":2.5,""team"":""Canadiens""},{""confidence"":0.9,""description"":""Kirby Dach (Out) - Important center out."",""direction"":""negative"",""magnitude"":2.0,""team"":""Canadiens""},{""confidence"":0.9,""description"":""Jacob Fowler (expected goalie) - Unproven/rookie goalie expected to start."",""direction"":""negative"",""magnitude"":3.0,""team"":""Canadiens""},{""confidence"":0.8,""description"":""Alexandre Texier (Out) - Regular forward out."",""direction"":""negative"",""magnitude"":1.0,""team"":""Canadiens""},{""confidence"":0.8,""description"":""Alexandre Carrier (Out) - Regular defenseman out."",""direction"":""negative"",""magnitude"":1.0,""team"":""Canadiens""},{""confidence"":0.9,""description"":""Brett Pesce (Out) - Solid top-4 defenseman out."",""direction"":""negative"",""magnitude"":2.0,""team"":""Devils""},{""confidence"":0.7,""description"":""Arseny Gritsyuk (Out) - Depth forward out."",""direction"":""negative"",""magnitude"":0.5,""team"":""Devils""},{""confidence"":0.7,""description"":""Stefan Noesen (Injured Reserve) - Depth forward out."",""direction"":""negative"",""magnitude"":0.5,""team"":""Devils""},{""confidence"":0.7,""description"":""Zack MacEwen (Injured Reserve) - Depth forward out."",""direction"":""negative"",""magnitude"":0.5,""team"":""Devils""}],""net_qualitative_edge"":""away"",""sport"":""nhl"",""summary"":""The Canadiens face a major qualitative disadvantage due to multiple key injuries and an unproven starting goalie, while the Devils are moderately impacted by a key defensive absence.""},""qualitative_summary"":""Qualitative (H:-4.5 A:-2.5): disagreed. Patrik Laine (Injured Reserve) - Key offensive forward out.; Kirby Dach (Out) - Important center out."",""run_id"":""manual-20260405T072643570976Z"",""run_type"":""manual"",""snapshot_path"":""tracking/snapshots/2026-04-05/nhl/manual-20260405T072643570976Z.json"",""snapshot_timestamp"":""2026-04-05T07:26:43Z"",""start_time"":""2026-04-05T23:00Z"",""weather"":null}","{""pick_type"":""slop_lock"",""publication_guard"":{""allow_moneyline"":false,""allow_totals"":false,""enforced"":true,""evaluated_picks"":4,""evaluated_totals_picks"":0,""min_evaluated_picks"":20,""min_evaluated_totals_picks"":0,""reason"":""hold moneylines until settled picks reach 4/20"",""status"":""suppressed""},""selection_config"":{""additional_confidence_floor"":50,""confidence_dropoff"":7,""edge_floor"":0.015,""max_picks"":4,""min_expected_value"":0.0,""probability_floor"":0.5}}"
2026-04-05T07:32:17Z,manual-20260405T072800203637Z,manual,2026-04-05T07:28:00Z,tracking/snapshots/2026-04-05/mlb/manual-20260405T072800203637Z.json,mlb,slop_lock,moneyline,Giants,Mets,2026-04-05,2026-04-05T20:05Z,home,,,,0.6299,0.5222,0.5405,0.1077,0.1779,-115,1.87,78.3,0.2045,0.0409,median_complete_book_no_vig,9,0.0415,live,,True,62,24,99,0.0,0.015,0.52,48,6,4,"{""benchmark"":{""books_tracked"":9,""fair_probs"":{""away"":0.4778,""home"":0.5222},""hold"":0.0415,""raw_probs"":{""away"":0.5,""home"":0.5405},""source"":""median_complete_book_no_vig""},""books"":[{""book"":""FanDuel"",""fair_probs"":{""away"":0.4753,""home"":0.5247},""hold"":0.0415,""last_update"":""2026-04-05T07:28:11Z"",""outcomes"":{""away"":2.02,""home"":1.83},""raw_probs"":{""away"":0.495,""home"":0.5464}},{""book"":""LowVig.ag"",""fair_probs"":{""away"":0.4731,""home"":0.5269},""hold"":0.026,""last_update"":""2026-04-05T07:28:09Z"",""outcomes"":{""away"":2.06,""home"":1.85},""raw_probs"":{""away"":0.4854,""home"":0.5405}},{""book"":""BetOnline.ag"",""fair_probs"":{""away"":0.4731,""home"":0.5269},""hold"":0.026,""last_update"":""2026-04-05T07:28:09Z"",""outcomes"":{""away"":2.06,""home"":1.85},""raw_probs"":{""away"":0.4854,""home"":0.5405}},{""book"":""DraftKings"",""fair_probs"":{""away"":0.4778,""home"":0.5222},""hold"":0.0464,""last_update"":""2026-04-05T07:26:14Z"",""outcomes"":{""away"":2.0,""home"":1.83},""raw_probs"":{""away"":0.5,""home"":0.5464}},{""book"":""BetMGM"",""fair_probs"":{""away"":0.4895,""home"":0.5105},""hold"":0.0476,""last_update"":""2026-04-05T07:27:58Z"",""outcomes"":{""away"":1.95,""home"":1.87},""raw_probs"":{""away"":0.5128,""home"":0.5348}},{""book"":""Bovada"",""fair_probs"":{""away"":0.483,""home"":0.517},""hold"":0.0456,""last_update"":""2026-04-05T07:28:16Z"",""outcomes"":{""away"":1.98,""home"":1.85},""raw_probs"":{""away"":0.5051,""home"":0.5405}},{""book"":""MyBookie.ag"",""fair_probs"":{""away"":0.4857,""home"":0.5143},""hold"":0.0398,""last_update"":""2026-04-05T07:28:24Z"",""outcomes"":{""away"":1.98,""home"":1.87},""raw_probs"":{""away"":0.5051,""home"":0.5348}},{""book"":""BetUS"",""fair_probs"":{""away"":0.477,""home"":0.523},""hold"":0.0226,""last_update"":""2026-04-05T07:28:22Z"",""outcomes"":{""away"":2.05,""home"":1.87},""raw_probs"":{""away"":0.4878,""home"":0.5348}},{""book"":""BetRivers"",""fair_probs"":{""away"":0.4828,""home"":0.5172},""hold"":0.0567,""last_update"":""2026-04-05T07:27:23Z"",""outcomes"":{""away"":1.96,""home"":1.83},""raw_probs"":{""away"":0.5102,""home"":0.5464}}],""execution_prices"":{""away"":2.06,""home"":1.87}}","{""away"":0.2983,""home"":0.7017}","{""bullpen_features"":{""away"":0.3519,""home"":0.6481},""elo"":{""away"":0.4808,""home"":0.5192},""handedness_features"":{""away"":0.3256,""home"":0.6744},""pitcher_features"":{""away"":0.3074,""home"":0.6926},""results_features"":{""away"":0.3311,""home"":0.6689},""run_environment"":{""away"":0.343,""home"":0.657}}","{""american_odds"":-115,""away_availability_profile"":null,""away_bullpen_tax"":0.085,""away_goalie"":null,""away_goalie_status"":null,""away_injury_profile"":null,""away_lineup_profile"":{""active_hitters"":13,""available_hitters"":13,""injured_hitters"":0,""key_bat_absence_score"":0.0,""leader_absence_burden"":0.0,""left_handed_batters"":4,""lefty_share"":0.3077,""right_handed_batters"":9,""righty_share"":0.6923,""switch_hitters"":0,""switch_share"":0.0},""away_pitcher"":""Kodai Senga"",""away_pitcher_hand"":""R"",""away_team"":""Mets"",""best_odds"":{""away"":106,""home"":-115},""completed"":false,""confidence_score"":78.3,""confidence_stars"":4,""date"":""2026-04-05"",""edge"":0.1077,""edges"":{""away"":{""american_odds"":106,""confidence_score"":9.8,""decimal_odds"":2.06,""edge"":-0.1077,""expected_value"":-0.2376,""fractional_kelly"":0.0,""hold"":0.0415,""implied_prob"":0.4778,""is_value"":false,""kelly_fraction"":0.0,""market_books"":9,""market_implied_prob"":0.5,""market_source"":""median_complete_book_no_vig"",""model_prob"":0.3701,""raw_model_prob"":0.2983,""unrealistic_flag"":false},""home"":{""american_odds"":-115,""confidence_score"":78.3,""decimal_odds"":1.87,""edge"":0.1077,""expected_value"":0.1779,""fractional_kelly"":0.0409,""hold"":0.0415,""implied_prob"":0.5222,""is_value"":true,""kelly_fraction"":0.2045,""market_books"":9,""market_implied_prob"":0.5405,""market_source"":""median_complete_book_no_vig"",""model_prob"":0.6299,""raw_model_prob"":0.7017,""unrealistic_flag"":false}},""expected_value"":0.1779,""fractional_kelly"":0.0409,""home_availability_profile"":null,""home_bullpen_tax"":0.217,""home_goalie"":null,""home_goalie_status"":null,""home_injury_profile"":null,""home_lineup_profile"":{""active_hitters"":13,""available_hitters"":13,""injured_hitters"":0,""key_bat_absence_score"":0.0,""leader_absence_burden"":0.0,""left_handed_batters"":3,""lefty_share"":0.2308,""right_handed_batters"":10,""righty_share"":0.7692,""switch_hitters"":0,""switch_share"":0.0},""home_pitcher"":""Logan Webb"",""home_pitcher_hand"":""R"",""home_team"":""Giants"",""individual_models"":{""bullpen_features"":{""away"":0.3519,""home"":0.6481},""elo"":{""away"":0.4808,""home"":0.5192},""handedness_features"":{""away"":0.3256,""home"":0.6744},""pitcher_features"":{""away"":0.3074,""home"":0.6926},""results_features"":{""away"":0.3311,""home"":0.6689},""run_environment"":{""away"":0.343,""home"":0.657}},""kelly_fraction"":0.2045,""market_snapshot"":{""benchmark"":{""books_tracked"":9,""fair_probs"":{""away"":0.4778,""home"":0.5222},""hold"":0.0415,""raw_probs"":{""away"":0.5,""home"":0.5405},""source"":""median_complete_book_no_vig""},""books"":[{""book"":""FanDuel"",""fair_probs"":{""away"":0.4753,""home"":0.5247},""hold"":0.0415,""last_update"":""2026-04-05T07:28:11Z"",""outcomes"":{""away"":2.02,""home"":1.83},""raw_probs"":{""away"":0.495,""home"":0.5464}},{""book"":""LowVig.ag"",""fair_probs"":{""away"":0.4731,""home"":0.5269},""hold"":0.026,""last_update"":""2026-04-05T07:28:09Z"",""outcomes"":{""away"":2.06,""home"":1.85},""raw_probs"":{""away"":0.4854,""home"":0.5405}},{""book"":""BetOnline.ag"",""fair_probs"":{""away"":0.4731,""home"":0.5269},""hold"":0.026,""last_update"":""2026-04-05T07:28:09Z"",""outcomes"":{""away"":2.06,""home"":1.85},""raw_probs"":{""away"":0.4854,""home"":0.5405}},{""book"":""DraftKings"",""fair_probs"":{""away"":0.4778,""home"":0.5222},""hold"":0.0464,""last_update"":""2026-04-05T07:26:14Z"",""outcomes"":{""away"":2.0,""home"":1.83},""raw_probs"":{""away"":0.5,""home"":0.5464}},{""book"":""BetMGM"",""fair_probs"":{""away"":0.4895,""home"":0.5105},""hold"":0.0476,""last_update"":""2026-04-05T07:27:58Z"",""outcomes"":{""away"":1.95,""home"":1.87},""raw_probs"":{""away"":0.5128,""home"":0.5348}},{""book"":""Bovada"",""fair_probs"":{""away"":0.483,""home"":0.517},""hold"":0.0456,""last_update"":""2026-04-05T07:28:16Z"",""outcomes"":{""away"":1.98,""home"":1.85},""raw_probs"":{""away"":0.5051,""home"":0.5405}},{""book"":""MyBookie.ag"",""fair_probs"":{""away"":0.4857,""home"":0.5143},""hold"":0.0398,""last_update"":""2026-04-05T07:28:24Z"",""outcomes"":{""away"":1.98,""home"":1.87},""raw_probs"":{""away"":0.5051,""home"":0.5348}},{""book"":""BetUS"",""fair_probs"":{""away"":0.477,""home"":0.523},""hold"":0.0226,""last_update"":""2026-04-05T07:28:22Z"",""outcomes"":{""away"":2.05,""home"":1.87},""raw_probs"":{""away"":0.4878,""home"":0.5348}},{""book"":""BetRivers"",""fair_probs"":{""away"":0.4828,""home"":0.5172},""hold"":0.0567,""last_update"":""2026-04-05T07:27:23Z"",""outcomes"":{""away"":1.96,""home"":1.83},""raw_probs"":{""away"":0.5102,""home"":0.5464}}],""execution_prices"":{""away"":2.06,""home"":1.87}},""matchday"":null,""model_prob"":0.7017,""model_probs"":{""away"":0.2983,""home"":0.7017},""neutral"":false,""pick"":""home"",""qualitative_analysis"":{""away_impact"":-4.5,""away_team"":""Mets"",""home_impact"":-1.0,""home_team"":""Giants"",""individual_factors"":[{""confidence"":0.7,""description"":""Potential absence of utility infielder Casey Schmitt (Day-To-Day)."",""direction"":""negative"",""magnitude"":0.5,""team"":""Giants""},{""confidence"":1.0,""description"":""Absence of bullpen/depth pitchers Joel Peguero, Sam Hentges, and Reiver Sanmartin (IL)."",""direction"":""negative"",""magnitude"":0.5,""team"":""Giants""},{""confidence"":0.6,""description"":""Potential absence of superstar Juan Soto (Day-To-Day)."",""direction"":""negative"",""magnitude"":2.5,""team"":""Mets""},{""confidence"":1.0,""description"":""Absence of key bullpen arm A.J. Minter (15-Day-IL)."",""direction"":""negative"",""magnitude"":1.5,""team"":""Mets""},{""confidence"":0.8,""description"":""Potential absence of bullpen depth Brandon Waddell and Nate Lavender (Day-To-Day), and absence of bench outfielder Mike Tauchman (Out)."",""direction"":""negative"",""magnitude"":0.5,""team"":""Mets""}],""net_qualitative_edge"":""home"",""sport"":""mlb"",""summary"":""The Mets face significant negative qualitative impact due to the potential absence of superstar Juan Soto and the confirmed absence of key reliever A.J. Minter, while the Giants have minor depth injuries.""},""qualitative_summary"":""Qualitative (H:-1.0 A:-4.5): agreed. Potential absence of utility infielder Casey Schmitt (Day-To-Day).; Absence of bullpen/depth pitchers Joel Peguero, Sam Hentges, and Reiver Sanmartin (IL)."",""run_id"":""manual-20260405T072800203637Z"",""run_type"":""manual"",""snapshot_path"":""tracking/snapshots/2026-04-05/mlb/manual-20260405T072800203637Z.json"",""snapshot_timestamp"":""2026-04-05T07:28:00Z"",""start_time"":""2026-04-05T20:05Z"",""weather"":{""precipitation_probability"":0,""temperature_f"":76.1,""weather_exposed"":true,""wind_mph"":7.2}}","{""pick_type"":""slop_lock"",""publication_guard"":{""allow_moneyline"":true,""allow_totals"":true,""enforced"":true,""evaluated_picks"":62,""evaluated_totals_picks"":24,""min_evaluated_picks"":20,""min_evaluated_totals_picks"":10,""reason"":null,""status"":""live""},""selection_config"":{""additional_confidence_floor"":48,""confidence_dropoff"":6,""edge_floor"":0.015,""max_picks"":4,""min_expected_value"":0.0,""probability_floor"":0.52}}"
2026-04-05T07:32:17Z,manual-20260405T072800203637Z,manual,2026-04-05T07:28:00Z,tracking/snapshots/2026-04-05/mlb/manual-20260405T072800203637Z.json,mlb,slop_lock,moneyline,Pirates,Orioles,2026-04-05,2026-04-05T17:35Z,home,,,,0.6041,0.542,0.5618,0.0621,0.0995,-122,1.82,78.2,0.1213,0.0243,median_complete_book_no_vig,8,0.0404,live,,True,62,24,99,0.0,0.015,0.52,48,6,4,"{""benchmark"":{""books_tracked"":8,""fair_probs"":{""away"":0.458,""home"":0.542},""hold"":0.0404,""raw_probs"":{""away"":0.4773,""home"":0.5618},""source"":""median_complete_book_no_vig""},""books"":[{""book"":""FanDuel"",""fair_probs"":{""away"":0.4715,""home"":0.5285},""hold"":0.0396,""last_update"":""2026-04-05T07:28:11Z"",""outcomes"":{""away"":2.04,""home"":1.82},""raw_probs"":{""away"":0.4902,""home"":0.5495}},{""book"":""LowVig.ag"",""fair_probs"":{""away"":0.458,""home"":0.542},""hold"":0.025,""last_update"":""2026-04-05T07:28:09Z"",""outcomes"":{""away"":2.13,""home"":1.8},""raw_probs"":{""away"":0.4695,""home"":0.5556}},{""book"":""BetOnline.ag"",""fair_probs"":{""away"":0.458,""home"":0.542},""hold"":0.025,""last_update"":""2026-04-05T07:28:09Z"",""outcomes"":{""away"":2.13,""home"":1.8},""raw_probs"":{""away"":0.4695,""home"":0.5556}},{""book"":""DraftKings"",""fair_probs"":{""away"":0.4571,""home"":0.5429},""hold"":0.0467,""last_update"":""2026-04-05T07:26:14Z"",""outcomes"":{""away"":2.09,""home"":1.76},""raw_probs"":{""away"":0.4785,""home"":0.5682}},{""book"":""BetMGM"",""fair_probs"":{""away"":0.4574,""home"":0.5426},""hold"":0.0412,""last_update"":""2026-04-05T07:27:58Z"",""outcomes"":{""away"":2.1,""home"":1.77},""raw_probs"":{""away"":0.4762,""home"":0.565}},{""book"":""Bovada"",""fair_probs"":{""away"":0.4597,""home"":0.5403},""hold"":0.0457,""last_update"":""2026-04-05T07:28:16Z"",""outcomes"":{""away"":2.08,""home"":1.77},""raw_probs"":{""away"":0.4808,""home"":0.565}},{""book"":""MyBookie.ag"",""fair_probs"":{""away"":0.4625,""home"":0.5375},""hold"":0.0394,""last_update"":""2026-04-05T07:28:24Z"",""outcomes"":{""away"":2.08,""home"":1.79},""raw_probs"":{""away"":0.4808,""home"":0.5587}},{""book"":""BetRivers"",""fair_probs"":{""away"":0.4517,""home"":0.5483},""hold"":0.0542,""last_update"":""2026-04-05T07:27:23Z"",""outcomes"":{""away"":2.1,""home"":1.73},""raw_probs"":{""away"":0.4762,""home"":0.578}}],""execution_prices"":{""away"":2.13,""home"":1.82}}","{""away"":0.3545,""home"":0.6455}","{""bullpen_features"":{""away"":0.3935,""home"":0.6065},""elo"":{""away"":0.4742,""home"":0.5258},""handedness_features"":{""away"":0.3454,""home"":0.6546},""pitcher_features"":{""away"":0.3721,""home"":0.6279},""results_features"":{""away"":0.3872,""home"":0.6128},""run_environment"":{""away"":0.4059,""home"":0.5941}}","{""american_odds"":-122,""away_availability_profile"":null,""away_bullpen_tax"":0.039,""away_goalie"":null,""away_goalie_status"":null,""away_injury_profile"":null,""away_lineup_profile"":{""active_hitters"":13,""available_hitters"":13,""injured_hitters"":0,""key_bat_absence_score"":0.0,""leader_absence_burden"":0.0,""left_handed_batters"":4,""lefty_share"":0.3077,""right_handed_batters"":9,""righty_share"":0.6923,""switch_hitters"":0,""switch_share"":0.0},""away_pitcher"":""Chris Bassitt"",""away_pitcher_hand"":""R"",""away_team"":""Orioles"",""best_odds"":{""away"":113,""home"":-122},""completed"":false,""confidence_score"":78.2,""confidence_stars"":3,""date"":""2026-04-05"",""edge"":0.0621,""edges"":{""away"":{""american_odds"":113,""confidence_score"":12.6,""decimal_odds"":2.13,""edge"":-0.0621,""expected_value"":-0.1568,""fractional_kelly"":0.0,""hold"":0.0404,""implied_prob"":0.458,""is_value"":false,""kelly_fraction"":0.0,""market_books"":8,""market_implied_prob"":0.4773,""market_source"":""median_complete_book_no_vig"",""model_prob"":0.3959,""raw_model_prob"":0.3545,""unrealistic_flag"":false},""home"":{""american_odds"":-122,""confidence_score"":78.2,""decimal_odds"":1.82,""edge"":0.0621,""expected_value"":0.0995,""fractional_kelly"":0.0243,""hold"":0.0404,""implied_prob"":0.542,""is_value"":true,""kelly_fraction"":0.1213,""market_books"":8,""market_implied_prob"":0.5618,""market_source"":""median_complete_book_no_vig"",""model_prob"":0.6041,""raw_model_prob"":0.6455,""unrealistic_flag"":false}},""expected_value"":0.0995,""fractional_kelly"":0.0243,""home_availability_profile"":null,""home_bullpen_tax"":0.142,""home_goalie"":null,""home_goalie_status"":null,""home_injury_profile"":null,""home_lineup_profile"":{""active_hitters"":13,""available_hitters"":13,""injured_hitters"":0,""key_bat_absence_score"":0.0,""leader_absence_burden"":0.0,""left_handed_batters"":4,""lefty_share"":0.3077,""right_handed_batters"":9,""righty_share"":0.6923,""switch_hitters"":0,""switch_share"":0.0},""home_pitcher"":""Braxton Ashcraft"",""home_pitcher_hand"":""R"",""home_team"":""Pirates"",""individual_models"":{""bullpen_features"":{""away"":0.3935,""home"":0.6065},""elo"":{""away"":0.4742,""home"":0.5258},""handedness_features"":{""away"":0.3454,""home"":0.6546},""pitcher_features"":{""away"":0.3721,""home"":0.6279},""results_features"":{""away"":0.3872,""home"":0.6128},""run_environment"":{""away"":0.4059,""home"":0.5941}},""kelly_fraction"":0.1213,""market_snapshot"":{""benchmark"":{""books_tracked"":8,""fair_probs"":{""away"":0.458,""home"":0.542},""hold"":0.0404,""raw_probs"":{""away"":0.4773,""home"":0.5618},""source"":""median_complete_book_no_vig""},""books"":[{""book"":""FanDuel"",""fair_probs"":{""away"":0.4715,""home"":0.5285},""hold"":0.0396,""last_update"":""2026-04-05T07:28:11Z"",""outcomes"":{""away"":2.04,""home"":1.82},""raw_probs"":{""away"":0.4902,""home"":0.5495}},{""book"":""LowVig.ag"",""fair_probs"":{""away"":0.458,""home"":0.542},""hold"":0.025,""last_update"":""2026-04-05T07:28:09Z"",""outcomes"":{""away"":2.13,""home"":1.8},""raw_probs"":{""away"":0.4695,""home"":0.5556}},{""book"":""BetOnline.ag"",""fair_probs"":{""away"":0.458,""home"":0.542},""hold"":0.025,""last_update"":""2026-04-05T07:28:09Z"",""outcomes"":{""away"":2.13,""home"":1.8},""raw_probs"":{""away"":0.4695,""home"":0.5556}},{""book"":""DraftKings"",""fair_probs"":{""away"":0.4571,""home"":0.5429},""hold"":0.0467,""last_update"":""2026-04-05T07:26:14Z"",""outcomes"":{""away"":2.09,""home"":1.76},""raw_probs"":{""away"":0.4785,""home"":0.5682}},{""book"":""BetMGM"",""fair_probs"":{""away"":0.4574,""home"":0.5426},""hold"":0.0412,""last_update"":""2026-04-05T07:27:58Z"",""outcomes"":{""away"":2.1,""home"":1.77},""raw_probs"":{""away"":0.4762,""home"":0.565}},{""book"":""Bovada"",""fair_probs"":{""away"":0.4597,""home"":0.5403},""hold"":0.0457,""last_update"":""2026-04-05T07:28:16Z"",""outcomes"":{""away"":2.08,""home"":1.77},""raw_probs"":{""away"":0.4808,""home"":0.565}},{""book"":""MyBookie.ag"",""fair_probs"":{""away"":0.4625,""home"":0.5375},""hold"":0.0394,""last_update"":""2026-04-05T07:28:24Z"",""outcomes"":{""away"":2.08,""home"":1.79},""raw_probs"":{""away"":0.4808,""home"":0.5587}},{""book"":""BetRivers"",""fair_probs"":{""away"":0.4517,""home"":0.5483},""hold"":0.0542,""last_update"":""2026-04-05T07:27:23Z"",""outcomes"":{""away"":2.1,""home"":1.73},""raw_probs"":{""away"":0.4762,""home"":0.578}}],""execution_prices"":{""away"":2.13,""home"":1.82}},""matchday"":null,""model_prob"":0.6455,""model_probs"":{""away"":0.3545,""home"":0.6455},""neutral"":false,""pick"":""home"",""qualitative_analysis"":{""away_impact"":-2.4,""away_team"":""Orioles"",""home_impact"":-2.1,""home_team"":""Pirates"",""individual_factors"":[{""confidence"":0.8,""description"":""Key pitcher Jared Jones is on the 60-day IL, indicating a long-term absence and a moderate loss to the pitching staff."",""direction"":""negative"",""magnitude"":1.5,""team"":""Pirates""},{""confidence"":0.7,""description"":""Pitcher Anthony Solometo is day-to-day, potentially impacting bullpen depth."",""direction"":""negative"",""magnitude"":0.2,""team"":""Pirates""},{""confidence"":0.7,""description"":""Pitcher Chris Devenski is out, affecting bullpen depth."",""direction"":""negative"",""magnitude"":0.2,""team"":""Pirates""},{""confidence"":0.7,""description"":""Pitcher Oddanier Mosqueda is day-to-day, potentially impacting bullpen depth."",""direction"":""negative"",""magnitude"":0.2,""team"":""Pirates""},{""confidence"":0.8,""description"":""Outfielder Heston Kjerstad is on the 10-day IL, potentially impacting the lineup or bench depth."",""direction"":""negative"",""magnitude"":1.0,""team"":""Orioles""},{""confidence"":0.8,""description"":""Reliever Andrew Kittredge is on the 15-day IL, impacting bullpen strength."",""direction"":""negative"",""magnitude"":0.8,""team"":""Orioles""},{""confidence"":0.7,""description"":""Catcher Maverick Handley is day-to-day, potentially affecting backup catching depth."",""direction"":""negative"",""magnitude"":0.2,""team"":""Orioles""},{""confidence"":0.7,""description"":""Pitcher Keagan Gillies is day-to-day, potentially impacting bullpen depth."",""direction"":""negative"",""magnitude"":0.2,""team"":""Orioles""},{""confidence"":0.7,""description"":""Pitcher Hans Crouse is day-to-day, potentially impacting bullpen depth."",""direction"":""negative"",""magnitude"":0.2,""team"":""Orioles""}],""net_qualitative_edge"":""home"",""sport"":""mlb"",""summary"":""Both teams are dealing with multiple pitching injuries, with the Orioles also missing a key outfielder, resulting in a slightly higher overall negative qualitative impact for Baltimore.""},""qualitative_summary"":""Qualitative (H:-2.1 A:-2.4): no effect. Key pitcher Jared Jones is on the 60-day IL, indicating a long-term absence and a moderate loss to the pitching staff.; Pitcher Anthony Solometo is day-to-day, potentially impacting bullpen depth."",""run_id"":""manual-20260405T072800203637Z"",""run_type"":""manual"",""snapshot_path"":""tracking/snapshots/2026-04-05/mlb/manual-20260405T072800203637Z.json"",""snapshot_timestamp"":""2026-04-05T07:28:00Z"",""start_time"":""2026-04-05T17:35Z"",""weather"":{""precipitation_probability"":0,""temperature_f"":48.4,""weather_exposed"":true,""wind_mph"":15.7}}","{""pick_type"":""slop_lock"",""publication_guard"":{""allow_moneyline"":true,""allow_totals"":true,""enforced"":true,""evaluated_picks"":62,""evaluated_totals_picks"":24,""min_evaluated_picks"":20,""min_evaluated_totals_picks"":10,""reason"":null,""status"":""live""},""selection_config"":{""additional_confidence_floor"":48,""confidence_dropoff"":6,""edge_floor"":0.015,""max_picks"":4,""min_expected_value"":0.0,""probability_floor"":0.52}}"
2026-04-05T07:32:17Z,manual-20260405T072800203637Z,manual,2026-04-05T07:28:00Z,tracking/snapshots/2026-04-05/mlb/manual-20260405T072800203637Z.json,mlb,slop_lock,moneyline,Rangers,Reds,2026-04-05,2026-04-05T18:35Z,home,,,,0.5982,0.5326,0.5464,0.0656,0.1066,-118,1.85,73.8,0.1255,0.0251,median_complete_book_no_vig,9,0.0415,live,,True,62,24,99,0.0,0.015,0.52,48,6,4,"{""benchmark"":{""books_tracked"":9,""fair_probs"":{""away"":0.4674,""home"":0.5326},""hold"":0.0415,""raw_probs"":{""away"":0.4878,""home"":0.5464},""source"":""median_complete_book_no_vig""},""books"":[{""book"":""FanDuel"",""fair_probs"":{""away"":0.4805,""home"":0.5195},""hold"":0.0405,""last_update"":""2026-04-05T07:28:11Z"",""outcomes"":{""away"":2.0,""home"":1.85},""raw_probs"":{""away"":0.5,""home"":0.5405}},{""book"":""LowVig.ag"",""fair_probs"":{""away"":0.4668,""home"":0.5332},""hold"":0.0249,""last_update"":""2026-04-05T07:28:09Z"",""outcomes"":{""away"":2.09,""home"":1.83},""raw_probs"":{""away"":0.4785,""home"":0.5464}},{""book"":""BetOnline.ag"",""fair_probs"":{""away"":0.4668,""home"":0.5332},""hold"":0.0249,""last_update"":""2026-04-05T07:28:09Z"",""outcomes"":{""away"":2.09,""home"":1.83},""raw_probs"":{""away"":0.4785,""home"":0.5464}},{""book"":""DraftKings"",""fair_probs"":{""away"":0.4674,""home"":0.5326},""hold"":0.0489,""last_update"":""2026-04-05T07:26:14Z"",""outcomes"":{""away"":2.04,""home"":1.79},""raw_probs"":{""away"":0.4902,""home"":0.5587}},{""book"":""BetMGM"",""fair_probs"":{""away"":0.4675,""home"":0.5325},""hold"":0.0434,""last_update"":""2026-04-05T07:27:58Z"",""outcomes"":{""away"":2.05,""home"":1.8},""raw_probs"":{""away"":0.4878,""home"":0.5556}},{""book"":""Bovada"",""fair_probs"":{""away"":0.4701,""home"":0.5299},""hold"":0.0427,""last_update"":""2026-04-05T07:28:16Z"",""outcomes"":{""away"":2.04,""home"":1.81},""raw_probs"":{""away"":0.4902,""home"":0.5525}},{""book"":""MyBookie.ag"",""fair_probs"":{""away"":0.4753,""home"":0.5247},""hold"":0.0415,""last_update"":""2026-04-05T07:28:24Z"",""outcomes"":{""away"":2.02,""home"":1.83},""raw_probs"":{""away"":0.495,""home"":0.5464}},{""book"":""BetUS"",""fair_probs"":{""away"":0.4668,""home"":0.5332},""hold"":0.0249,""last_update"":""2026-04-05T07:28:22Z"",""outcomes"":{""away"":2.09,""home"":1.83},""raw_probs"":{""away"":0.4785,""home"":0.5464}},{""book"":""BetRivers"",""fair_probs"":{""away"":0.4634,""home"":0.5366},""hold"":0.0528,""last_update"":""2026-04-05T07:27:23Z"",""outcomes"":{""away"":2.05,""home"":1.77},""raw_probs"":{""away"":0.4878,""home"":0.565}}],""execution_prices"":{""away"":2.09,""home"":1.85}}","{""away"":0.3581,""home"":0.6419}","{""bullpen_features"":{""away"":0.4077,""home"":0.5923},""elo"":{""away"":0.4547,""home"":0.5453},""handedness_features"":{""away"":0.4383,""home"":0.5617},""pitcher_features"":{""away"":0.3019,""home"":0.6981},""results_features"":{""away"":0.477,""home"":0.523},""run_environment"":{""away"":0.4512,""home"":0.5488}}","{""american_odds"":-118,""away_availability_profile"":null,""away_bullpen_tax"":0.042,""away_goalie"":null,""away_goalie_status"":null,""away_injury_profile"":null,""away_lineup_profile"":{""active_hitters"":13,""available_hitters"":13,""injured_hitters"":0,""key_bat_absence_score"":0.0,""leader_absence_burden"":0.0,""left_handed_batters"":3,""lefty_share"":0.2308,""right_handed_batters"":10,""righty_share"":0.7692,""switch_hitters"":0,""switch_share"":0.0},""away_pitcher"":""Chase Burns"",""away_pitcher_hand"":""R"",""away_team"":""Reds"",""best_odds"":{""away"":109,""home"":-118},""completed"":false,""confidence_score"":73.8,""confidence_stars"":3,""date"":""2026-04-05"",""edge"":0.0656,""edges"":{""away"":{""american_odds"":109,""confidence_score"":11.7,""decimal_odds"":2.09,""edge"":-0.0656,""expected_value"":-0.1602,""fractional_kelly"":0.0,""hold"":0.0415,""implied_prob"":0.4674,""is_value"":false,""kelly_fraction"":0.0,""market_books"":9,""market_implied_prob"":0.4878,""market_source"":""median_complete_book_no_vig"",""model_prob"":0.4018,""raw_model_prob"":0.3581,""unrealistic_flag"":false},""home"":{""american_odds"":-118,""confidence_score"":73.8,""decimal_odds"":1.85,""edge"":0.0656,""expected_value"":0.1066,""fractional_kelly"":0.0251,""hold"":0.0415,""implied_prob"":0.5326,""is_value"":true,""kelly_fraction"":0.1255,""market_books"":9,""market_implied_prob"":0.5464,""market_source"":""median_complete_book_no_vig"",""model_prob"":0.5982,""raw_model_prob"":0.6419,""unrealistic_flag"":false}},""expected_value"":0.1066,""fractional_kelly"":0.0251,""home_availability_profile"":null,""home_bullpen_tax"":0.085,""home_goalie"":null,""home_goalie_status"":null,""home_injury_profile"":null,""home_lineup_profile"":{""active_hitters"":13,""available_hitters"":13,""injured_hitters"":0,""key_bat_absence_score"":0.0,""leader_absence_burden"":0.0,""left_handed_batters"":5,""lefty_share"":0.3846,""right_handed_batters"":8,""righty_share"":0.6154,""switch_hitters"":0,""switch_share"":0.0},""home_pitcher"":""Jack Leiter"",""home_pitcher_hand"":""R"",""home_team"":""Rangers"",""individual_models"":{""bullpen_features"":{""away"":0.4077,""home"":0.5923},""elo"":{""away"":0.4547,""home"":0.5453},""handedness_features"":{""away"":0.4383,""home"":0.5617},""pitcher_features"":{""away"":0.3019,""home"":0.6981},""results_features"":{""away"":0.477,""home"":0.523},""run_environment"":{""away"":0.4512,""home"":0.5488}},""kelly_fraction"":0.1255,""market_snapshot"":{""benchmark"":{""books_tracked"":9,""fair_probs"":{""away"":0.4674,""home"":0.5326},""hold"":0.0415,""raw_probs"":{""away"":0.4878,""home"":0.5464},""source"":""median_complete_book_no_vig""},""books"":[{""book"":""FanDuel"",""fair_probs"":{""away"":0.4805,""home"":0.5195},""hold"":0.0405,""last_update"":""2026-04-05T07:28:11Z"",""outcomes"":{""away"":2.0,""home"":1.85},""raw_probs"":{""away"":0.5,""home"":0.5405}},{""book"":""LowVig.ag"",""fair_probs"":{""away"":0.4668,""home"":0.5332},""hold"":0.0249,""last_update"":""2026-04-05T07:28:09Z"",""outcomes"":{""away"":2.09,""home"":1.83},""raw_probs"":{""away"":0.4785,""home"":0.5464}},{""book"":""BetOnline.ag"",""fair_probs"":{""away"":0.4668,""home"":0.5332},""hold"":0.0249,""last_update"":""2026-04-05T07:28:09Z"",""outcomes"":{""away"":2.09,""home"":1.83},""raw_probs"":{""away"":0.4785,""home"":0.5464}},{""book"":""DraftKings"",""fair_probs"":{""away"":0.4674,""home"":0.5326},""hold"":0.0489,""last_update"":""2026-04-05T07:26:14Z"",""outcomes"":{""away"":2.04,""home"":1.79},""raw_probs"":{""away"":0.4902,""home"":0.5587}},{""book"":""BetMGM"",""fair_probs"":{""away"":0.4675,""home"":0.5325},""hold"":0.0434,""last_update"":""2026-04-05T07:27:58Z"",""outcomes"":{""away"":2.05,""home"":1.8},""raw_probs"":{""away"":0.4878,""home"":0.5556}},{""book"":""Bovada"",""fair_probs"":{""away"":0.4701,""home"":0.5299},""hold"":0.0427,""last_update"":""2026-04-05T07:28:16Z"",""outcomes"":{""away"":2.04,""home"":1.81},""raw_probs"":{""away"":0.4902,""home"":0.5525}},{""book"":""MyBookie.ag"",""fair_probs"":{""away"":0.4753,""home"":0.5247},""hold"":0.0415,""last_update"":""2026-04-05T07:28:24Z"",""outcomes"":{""away"":2.02,""home"":1.83},""raw_probs"":{""away"":0.495,""home"":0.5464}},{""book"":""BetUS"",""fair_probs"":{""away"":0.4668,""home"":0.5332},""hold"":0.0249,""last_update"":""2026-04-05T07:28:22Z"",""outcomes"":{""away"":2.09,""home"":1.83},""raw_probs"":{""away"":0.4785,""home"":0.5464}},{""book"":""BetRivers"",""fair_probs"":{""away"":0.4634,""home"":0.5366},""hold"":0.0528,""last_update"":""2026-04-05T07:27:23Z"",""outcomes"":{""away"":2.05,""home"":1.77},""raw_probs"":{""away"":0.4878,""home"":0.565}}],""execution_prices"":{""away"":2.09,""home"":1.85}},""matchday"":null,""model_prob"":0.6419,""model_probs"":{""away"":0.3581,""home"":0.6419},""neutral"":false,""pick"":""home"",""qualitative_analysis"":{""away_impact"":-4.5,""away_team"":""Reds"",""home_impact"":-4.0,""home_team"":""Rangers"",""individual_factors"":[{""confidence"":1.0,""description"":""Key starting pitcher Jordan Montgomery (60-Day-IL) is out, significantly impacting the rotation."",""direction"":""negative"",""magnitude"":2.5,""team"":""Rangers""},{""confidence"":0.9,""description"":""Depth pitchers Cody Bradford (15-Day-IL) and Nabil Crismatt (Out) are out, affecting bullpen depth."",""direction"":""negative"",""magnitude"":1.0,""team"":""Rangers""},{""confidence"":0.9,""description"":""Depth infielders Cody Freeman (10-Day-IL) and Sebastian Walcott (Out) are out, reducing bench options."",""direction"":""negative"",""magnitude"":0.5,""team"":""Rangers""},{""confidence"":1.0,""description"":""Key starting pitcher Nick Lodolo (15-Day-IL) is out, significantly impacting the rotation."",""direction"":""negative"",""magnitude"":2.5,""team"":""Reds""},{""confidence"":0.8,""description"":""Depth pitchers Alex Young (Out), Caleb Ferguson (15-Day-IL), and Josh Staumont (Day-To-Day) are out or questionable, affecting bullpen depth."",""direction"":""negative"",""magnitude"":1.5,""team"":""Reds""},{""confidence"":0.7,""description"":""Depth catcher Connor Burns (Day-To-Day) is out or questionable, reducing bench options."",""direction"":""negative"",""magnitude"":0.5,""team"":""Reds""}],""net_qualitative_edge"":""none"",""sport"":""mlb"",""summary"":""Both teams are significantly impacted by multiple injuries, including key starting pitchers and several depth players, resulting in a balanced qualitative impact.""},""qualitative_summary"":""Qualitative (H:-4.0 A:-4.5): no effect. Key starting pitcher Jordan Montgomery (60-Day-IL) is out, significantly impacting the rotation.; Depth pitchers Cody Bradford (15-Day-IL) and Nabil Crismatt (Out) are out, affecting bullpen depth."",""run_id"":""manual-20260405T072800203637Z"",""run_type"":""manual"",""snapshot_path"":""tracking/snapshots/2026-04-05/mlb/manual-20260405T072800203637Z.json"",""snapshot_timestamp"":""2026-04-05T07:28:00Z"",""start_time"":""2026-04-05T18:35Z"",""weather"":{""precipitation_probability"":null,""temperature_f"":null,""weather_exposed"":false,""wind_mph"":null}}","{""pick_type"":""slop_lock"",""publication_guard"":{""allow_moneyline"":true,""allow_totals"":true,""enforced"":true,""evaluated_picks"":62,""evaluated_totals_picks"":24,""min_evaluated_picks"":20,""min_evaluated_totals_picks"":10,""reason"":null,""status"":""live""},""selection_config"":{""additional_confidence_floor"":48,""confidence_dropoff"":6,""edge_floor"":0.015,""max_picks"":4,""min_expected_value"":0.0,""probability_floor"":0.52}}"
2026-04-05T07:32:17Z,manual-20260405T072800203637Z,manual,2026-04-05T07:28:00Z,tracking/snapshots/2026-04-05/mlb/manual-20260405T072800203637Z.json,mlb,total_lock,total,Yankees,Marlins,2026-04-05,2026-04-05T17:35Z,over,8.0,10.604,6.11,0.5982,0.498,0.5222,0.1002,0.1844,-102,1.98,79.5,0.1882,0.0376,median_complete_book_no_vig,8,0.0476,live,,True,62,24,99,0.0,0.02,0.53,54,,3,"{""benchmark"":{""books_tracked"":8,""fair_probs"":{""over"":0.498,""under"":0.502},""hold"":0.0476,""raw_probs"":{""over"":0.5222,""under"":0.5263},""source"":""median_complete_book_no_vig""},""books"":[{""book"":""LowVig.ag"",""fair_probs"":{""over"":0.487,""under"":0.513},""hold"":0.037,""last_update"":""2026-04-05T07:28:09Z"",""outcomes"":{""over"":1.98,""under"":1.88},""raw_probs"":{""over"":0.5051,""under"":0.5319}},{""book"":""BetOnline.ag"",""fair_probs"":{""over"":0.4895,""under"":0.5105},""hold"":0.0476,""last_update"":""2026-04-05T07:28:09Z"",""outcomes"":{""over"":1.95,""under"":1.87},""raw_probs"":{""over"":0.5128,""under"":0.5348}},{""book"":""DraftKings"",""fair_probs"":{""over"":0.5052,""under"":0.4948},""hold"":0.0472,""last_update"":""2026-04-05T07:26:14Z"",""outcomes"":{""over"":1.89,""under"":1.93},""raw_probs"":{""over"":0.5291,""under"":0.5181}},{""book"":""BetMGM"",""fair_probs"":{""over"":0.5105,""under"":0.4895},""hold"":0.0476,""last_update"":""2026-04-05T07:27:58Z"",""outcomes"":{""over"":1.87,""under"":1.95},""raw_probs"":{""over"":0.5348,""under"":0.5128}},{""book"":""Bovada"",""fair_probs"":{""over"":0.5,""under"":0.5},""hold"":0.0471,""last_update"":""2026-04-05T07:28:16Z"",""outcomes"":{""over"":1.91,""under"":1.91},""raw_probs"":{""over"":0.5236,""under"":0.5236}},{""book"":""MyBookie.ag"",""fair_probs"":{""over"":0.4961,""under"":0.5039},""hold"":0.0499,""last_update"":""2026-04-05T07:28:24Z"",""outcomes"":{""over"":1.92,""under"":1.89},""raw_probs"":{""over"":0.5208,""under"":0.5291}},{""book"":""BetUS"",""fair_probs"":{""over"":0.4895,""under"":0.5105},""hold"":0.0476,""last_update"":""2026-04-05T07:28:22Z"",""outcomes"":{""over"":1.95,""under"":1.87},""raw_probs"":{""over"":0.5128,""under"":0.5348}},{""book"":""BetRivers"",""fair_probs"":{""over"":0.5119,""under"":0.4881},""hold"":0.056,""last_update"":""2026-04-05T07:27:23Z"",""outcomes"":{""over"":1.85,""under"":1.94},""raw_probs"":{""over"":0.5405,""under"":0.5155}}],""execution_prices"":{""over"":1.98,""under"":1.95},""line"":8.0}","{""over"":0.665,""under"":0.335}","{""totals_model"":{""over"":0.665,""under"":0.335}}","{""american_odds"":-102,""away_bullpen_tax"":0.221,""away_lineup_profile"":{""active_hitters"":13,""available_hitters"":13,""injured_hitters"":0,""key_bat_absence_score"":0.0,""leader_absence_burden"":0.0,""left_handed_batters"":5,""lefty_share"":0.3846,""right_handed_batters"":8,""righty_share"":0.6154,""switch_hitters"":0,""switch_share"":0.0},""away_pitcher"":""Chris Paddack"",""away_team"":""Marlins"",""completed"":false,""confidence_score"":79.5,""date"":""2026-04-05"",""edges"":{""over"":{""american_odds"":-102,""confidence_score"":79.5,""decimal_odds"":1.98,""edge"":0.1002,""expected_value"":0.1844,""fractional_kelly"":0.0376,""hold"":0.0476,""implied_prob"":0.498,""is_value"":true,""kelly_fraction"":0.1882,""market_books"":8,""market_implied_prob"":0.5222,""market_source"":""median_complete_book_no_vig"",""model_prob"":0.5982,""raw_model_prob"":0.665,""unrealistic_flag"":false},""under"":{""american_odds"":-105,""confidence_score"":16.9,""decimal_odds"":1.95,""edge"":-0.1002,""expected_value"":-0.2165,""fractional_kelly"":0.0,""hold"":0.0476,""implied_prob"":0.502,""is_value"":false,""kelly_fraction"":0.0,""market_books"":8,""market_implied_prob"":0.5263,""market_source"":""median_complete_book_no_vig"",""model_prob"":0.4018,""raw_model_prob"":0.335,""unrealistic_flag"":false}},""expected_total"":10.604,""home_bullpen_tax"":0.365,""home_lineup_profile"":{""active_hitters"":13,""available_hitters"":13,""injured_hitters"":0,""key_bat_absence_score"":0.0,""leader_absence_burden"":0.0,""left_handed_batters"":7,""lefty_share"":0.5385,""right_handed_batters"":6,""righty_share"":0.4615,""switch_hitters"":0,""switch_share"":0.0},""home_pitcher"":""Max Fried"",""home_team"":""Yankees"",""individual_models"":{""totals_model"":{""over"":0.665,""under"":0.335}},""market_snapshot"":{""benchmark"":{""books_tracked"":8,""fair_probs"":{""over"":0.498,""under"":0.502},""hold"":0.0476,""raw_probs"":{""over"":0.5222,""under"":0.5263},""source"":""median_complete_book_no_vig""},""books"":[{""book"":""LowVig.ag"",""fair_probs"":{""over"":0.487,""under"":0.513},""hold"":0.037,""last_update"":""2026-04-05T07:28:09Z"",""outcomes"":{""over"":1.98,""under"":1.88},""raw_probs"":{""over"":0.5051,""under"":0.5319}},{""book"":""BetOnline.ag"",""fair_probs"":{""over"":0.4895,""under"":0.5105},""hold"":0.0476,""last_update"":""2026-04-05T07:28:09Z"",""outcomes"":{""over"":1.95,""under"":1.87},""raw_probs"":{""over"":0.5128,""under"":0.5348}},{""book"":""DraftKings"",""fair_probs"":{""over"":0.5052,""under"":0.4948},""hold"":0.0472,""last_update"":""2026-04-05T07:26:14Z"",""outcomes"":{""over"":1.89,""under"":1.93},""raw_probs"":{""over"":0.5291,""under"":0.5181}},{""book"":""BetMGM"",""fair_probs"":{""over"":0.5105,""under"":0.4895},""hold"":0.0476,""last_update"":""2026-04-05T07:27:58Z"",""outcomes"":{""over"":1.87,""under"":1.95},""raw_probs"":{""over"":0.5348,""under"":0.5128}},{""book"":""Bovada"",""fair_probs"":{""over"":0.5,""under"":0.5},""hold"":0.0471,""last_update"":""2026-04-05T07:28:16Z"",""outcomes"":{""over"":1.91,""under"":1.91},""raw_probs"":{""over"":0.5236,""under"":0.5236}},{""book"":""MyBookie.ag"",""fair_probs"":{""over"":0.4961,""under"":0.5039},""hold"":0.0499,""last_update"":""2026-04-05T07:28:24Z"",""outcomes"":{""over"":1.92,""under"":1.89},""raw_probs"":{""over"":0.5208,""under"":0.5291}},{""book"":""BetUS"",""fair_probs"":{""over"":0.4895,""under"":0.5105},""hold"":0.0476,""last_update"":""2026-04-05T07:28:22Z"",""outcomes"":{""over"":1.95,""under"":1.87},""raw_probs"":{""over"":0.5128,""under"":0.5348}},{""book"":""BetRivers"",""fair_probs"":{""over"":0.5119,""under"":0.4881},""hold"":0.056,""last_update"":""2026-04-05T07:27:23Z"",""outcomes"":{""over"":1.85,""under"":1.94},""raw_probs"":{""over"":0.5405,""under"":0.5155}}],""execution_prices"":{""over"":1.98,""under"":1.95},""line"":8.0},""market_type"":""total"",""model_prob"":0.665,""model_probs"":{""over"":0.665,""under"":0.335},""pick"":""over"",""run_id"":""manual-20260405T072800203637Z"",""run_type"":""manual"",""snapshot_path"":""tracking/snapshots/2026-04-05/mlb/manual-20260405T072800203637Z.json"",""snapshot_timestamp"":""2026-04-05T07:28:00Z"",""start_time"":""2026-04-05T17:35Z"",""total_line"":8.0,""total_stddev"":6.11,""weather"":{""precipitation_probability"":96,""temperature_f"":61.2,""weather_exposed"":true,""wind_mph"":5.9}}","{""pick_type"":""total_lock"",""publication_guard"":{""allow_moneyline"":true,""allow_totals"":true,""enforced"":true,""evaluated_picks"":62,""evaluated_totals_picks"":24,""min_evaluated_picks"":20,""min_evaluated_totals_picks"":10,""reason"":null,""status"":""live""},""selection_config"":{""confidence_floor"":54,""edge_floor"":0.02,""max_picks"":3,""min_expected_value"":0.0,""probability_floor"":0.53}}"
2026-04-05T07:32:17Z,manual-20260405T072800203637Z,manual,2026-04-05T07:28:00Z,tracking/snapshots/2026-04-05/mlb/manual-20260405T072800203637Z.json,mlb,total_lock,total,Twins,Rays,2026-04-05,2026-04-05T18:10Z,over,8.0,9.649,6.11,0.5614,0.4941,0.5181,0.0673,0.1397,103,2.03,74.4,0.1357,0.0271,median_complete_book_no_vig,8,0.0472,live,,True,62,24,99,0.0,0.02,0.53,54,,3,"{""benchmark"":{""books_tracked"":8,""fair_probs"":{""over"":0.4941,""under"":0.5059},""hold"":0.0472,""raw_probs"":{""over"":0.5181,""under"":0.5319},""source"":""median_complete_book_no_vig""},""books"":[{""book"":""FanDuel"",""fair_probs"":{""over"":0.5,""under"":0.5},""hold"":0.0471,""last_update"":""2026-04-05T07:28:11Z"",""outcomes"":{""over"":1.91,""under"":1.91},""raw_probs"":{""over"":0.5236,""under"":0.5236}},{""book"":""BetOnline.ag"",""fair_probs"":{""over"":0.4778,""under"":0.5222},""hold"":0.0464,""last_update"":""2026-04-05T07:28:09Z"",""outcomes"":{""over"":2.0,""under"":1.83},""raw_probs"":{""over"":0.5,""under"":0.5464}},{""book"":""LowVig.ag"",""fair_probs"":{""over"":0.4768,""under"":0.5232},""hold"":0.0332,""last_update"":""2026-04-05T07:28:09Z"",""outcomes"":{""over"":2.03,""under"":1.85},""raw_probs"":{""over"":0.4926,""under"":0.5405}},{""book"":""DraftKings"",""fair_probs"":{""over"":0.4948,""under"":0.5052},""hold"":0.0472,""last_update"":""2026-04-05T07:26:14Z"",""outcomes"":{""over"":1.93,""under"":1.89},""raw_probs"":{""over"":0.5181,""under"":0.5291}},{""book"":""BetMGM"",""fair_probs"":{""over"":0.5105,""under"":0.4895},""hold"":0.0476,""last_update"":""2026-04-05T07:27:58Z"",""outcomes"":{""over"":1.87,""under"":1.95},""raw_probs"":{""over"":0.5348,""under"":0.5128}},{""book"":""MyBookie.ag"",""fair_probs"":{""over"":0.4934,""under"":0.5066},""hold"":0.05,""last_update"":""2026-04-05T07:28:24Z"",""outcomes"":{""over"":1.93,""under"":1.88},""raw_probs"":{""over"":0.5181,""under"":0.5319}},{""book"":""BetUS"",""fair_probs"":{""over"":0.4778,""under"":0.5222},""hold"":0.0464,""last_update"":""2026-04-05T07:28:22Z"",""outcomes"":{""over"":2.0,""under"":1.83},""raw_probs"":{""over"":0.5,""under"":0.5464}},{""book"":""BetRivers"",""fair_probs"":{""over"":0.4947,""under"":0.5053},""hold"":0.0527,""last_update"":""2026-04-05T07:27:23Z"",""outcomes"":{""over"":1.92,""under"":1.88},""raw_probs"":{""over"":0.5208,""under"":0.5319}}],""execution_prices"":{""over"":2.03,""under"":1.95},""line"":8.0}","{""over"":0.6063,""under"":0.3937}","{""totals_model"":{""over"":0.6063,""under"":0.3937}}","{""american_odds"":103,""away_bullpen_tax"":0.1,""away_lineup_profile"":{""active_hitters"":13,""available_hitters"":12,""injured_hitters"":1,""key_bat_absence_score"":0.0,""leader_absence_burden"":0.0,""left_handed_batters"":5,""lefty_share"":0.4167,""right_handed_batters"":7,""righty_share"":0.5833,""switch_hitters"":0,""switch_share"":0.0},""away_pitcher"":""Nick Martinez"",""away_team"":""Rays"",""completed"":false,""confidence_score"":74.4,""date"":""2026-04-05"",""edges"":{""over"":{""american_odds"":103,""confidence_score"":74.4,""decimal_odds"":2.03,""edge"":0.0673,""expected_value"":0.1397,""fractional_kelly"":0.0271,""hold"":0.0472,""implied_prob"":0.4941,""is_value"":true,""kelly_fraction"":0.1357,""market_books"":8,""market_implied_prob"":0.5181,""market_source"":""median_complete_book_no_vig"",""model_prob"":0.5614,""raw_model_prob"":0.6063,""unrealistic_flag"":false},""under"":{""american_odds"":-105,""confidence_score"":16.9,""decimal_odds"":1.95,""edge"":-0.0673,""expected_value"":-0.1448,""fractional_kelly"":0.0,""hold"":0.0472,""implied_prob"":0.5059,""is_value"":false,""kelly_fraction"":0.0,""market_books"":8,""market_implied_prob"":0.5319,""market_source"":""median_complete_book_no_vig"",""model_prob"":0.4386,""raw_model_prob"":0.3937,""unrealistic_flag"":false}},""expected_total"":9.649,""home_bullpen_tax"":0.754,""home_lineup_profile"":{""active_hitters"":13,""available_hitters"":13,""injured_hitters"":0,""key_bat_absence_score"":0.0,""leader_absence_burden"":0.0,""left_handed_batters"":5,""lefty_share"":0.3846,""right_handed_batters"":8,""righty_share"":0.6154,""switch_hitters"":0,""switch_share"":0.0},""home_pitcher"":""Simeon Woods Richardson"",""home_team"":""Twins"",""individual_models"":{""totals_model"":{""over"":0.6063,""under"":0.3937}},""market_snapshot"":{""benchmark"":{""books_tracked"":8,""fair_probs"":{""over"":0.4941,""under"":0.5059},""hold"":0.0472,""raw_probs"":{""over"":0.5181,""under"":0.5319},""source"":""median_complete_book_no_vig""},""books"":[{""book"":""FanDuel"",""fair_probs"":{""over"":0.5,""under"":0.5},""hold"":0.0471,""last_update"":""2026-04-05T07:28:11Z"",""outcomes"":{""over"":1.91,""under"":1.91},""raw_probs"":{""over"":0.5236,""under"":0.5236}},{""book"":""BetOnline.ag"",""fair_probs"":{""over"":0.4778,""under"":0.5222},""hold"":0.0464,""last_update"":""2026-04-05T07:28:09Z"",""outcomes"":{""over"":2.0,""under"":1.83},""raw_probs"":{""over"":0.5,""under"":0.5464}},{""book"":""LowVig.ag"",""fair_probs"":{""over"":0.4768,""under"":0.5232},""hold"":0.0332,""last_update"":""2026-04-05T07:28:09Z"",""outcomes"":{""over"":2.03,""under"":1.85},""raw_probs"":{""over"":0.4926,""under"":0.5405}},{""book"":""DraftKings"",""fair_probs"":{""over"":0.4948,""under"":0.5052},""hold"":0.0472,""last_update"":""2026-04-05T07:26:14Z"",""outcomes"":{""over"":1.93,""under"":1.89},""raw_probs"":{""over"":0.5181,""under"":0.5291}},{""book"":""BetMGM"",""fair_probs"":{""over"":0.5105,""under"":0.4895},""hold"":0.0476,""last_update"":""2026-04-05T07:27:58Z"",""outcomes"":{""over"":1.87,""under"":1.95},""raw_probs"":{""over"":0.5348,""under"":0.5128}},{""book"":""MyBookie.ag"",""fair_probs"":{""over"":0.4934,""under"":0.5066},""hold"":0.05,""last_update"":""2026-04-05T07:28:24Z"",""outcomes"":{""over"":1.93,""under"":1.88},""raw_probs"":{""over"":0.5181,""under"":0.5319}},{""book"":""BetUS"",""fair_probs"":{""over"":0.4778,""under"":0.5222},""hold"":0.0464,""last_update"":""2026-04-05T07:28:22Z"",""outcomes"":{""over"":2.0,""under"":1.83},""raw_probs"":{""over"":0.5,""under"":0.5464}},{""book"":""BetRivers"",""fair_probs"":{""over"":0.4947,""under"":0.5053},""hold"":0.0527,""last_update"":""2026-04-05T07:27:23Z"",""outcomes"":{""over"":1.92,""under"":1.88},""raw_probs"":{""over"":0.5208,""under"":0.5319}}],""execution_prices"":{""over"":2.03,""under"":1.95},""line"":8.0},""market_type"":""total"",""model_prob"":0.6063,""model_probs"":{""over"":0.6063,""under"":0.3937},""pick"":""over"",""run_id"":""manual-20260405T072800203637Z"",""run_type"":""manual"",""snapshot_path"":""tracking/snapshots/2026-04-05/mlb/manual-20260405T072800203637Z.json"",""snapshot_timestamp"":""2026-04-05T07:28:00Z"",""start_time"":""2026-04-05T18:10Z"",""total_line"":8.0,""total_stddev"":6.11,""weather"":{""precipitation_probability"":2,""temperature_f"":47.8,""weather_exposed"":true,""wind_mph"":11.2}}","{""pick_type"":""total_lock"",""publication_guard"":{""allow_moneyline"":true,""allow_totals"":true,""enforced"":true,""evaluated_picks"":62,""evaluated_totals_picks"":24,""min_evaluated_picks"":20,""min_evaluated_totals_picks"":10,""reason"":null,""status"":""live""},""selection_config"":{""confidence_floor"":54,""edge_floor"":0.02,""max_picks"":3,""min_expected_value"":0.0,""probability_floor"":0.53}}"
2026-04-05T07:32:17Z,manual-20260405T072800203637Z,manual,2026-04-05T07:28:00Z,tracking/snapshots/2026-04-05/mlb/manual-20260405T072800203637Z.json,mlb,total_lock,total,Rangers,Reds,2026-04-05,2026-04-05T18:35Z,over,8.0,9.74,6.11,0.5604,0.483,0.5064,0.0774,0.1489,105,2.05,74.2,0.1418,0.0284,median_complete_book_no_vig,6,0.0468,live,,True,62,24,99,0.0,0.02,0.53,54,,3,"{""benchmark"":{""books_tracked"":6,""fair_probs"":{""over"":0.483,""under"":0.517},""hold"":0.0468,""raw_probs"":{""over"":0.5064,""under"":0.5435},""source"":""median_complete_book_no_vig""},""books"":[{""book"":""LowVig.ag"",""fair_probs"":{""over"":0.4716,""under"":0.5284},""hold"":0.0343,""last_update"":""2026-04-05T07:28:09Z"",""outcomes"":{""over"":2.05,""under"":1.83},""raw_probs"":{""over"":0.4878,""under"":0.5464}},{""book"":""BetOnline.ag"",""fair_probs"":{""over"":0.474,""under"":0.526},""hold"":0.0445,""last_update"":""2026-04-05T07:28:09Z"",""outcomes"":{""over"":2.02,""under"":1.82},""raw_probs"":{""over"":0.495,""under"":0.5495}},{""book"":""DraftKings"",""fair_probs"":{""over"":0.4895,""under"":0.5105},""hold"":0.0476,""last_update"":""2026-04-05T07:26:14Z"",""outcomes"":{""over"":1.95,""under"":1.87},""raw_probs"":{""over"":0.5128,""under"":0.5348}},{""book"":""BetMGM"",""fair_probs"":{""over"":0.5,""under"":0.5},""hold"":0.0471,""last_update"":""2026-04-05T07:27:58Z"",""outcomes"":{""over"":1.91,""under"":1.91},""raw_probs"":{""over"":0.5236,""under"":0.5236}},{""book"":""BetUS"",""fair_probs"":{""over"":0.4778,""under"":0.5222},""hold"":0.0464,""last_update"":""2026-04-05T07:28:22Z"",""outcomes"":{""over"":2.0,""under"":1.83},""raw_probs"":{""over"":0.5,""under"":0.5464}},{""book"":""BetRivers"",""fair_probs"":{""over"":0.4881,""under"":0.5119},""hold"":0.056,""last_update"":""2026-04-05T07:27:23Z"",""outcomes"":{""over"":1.94,""under"":1.85},""raw_probs"":{""over"":0.5155,""under"":0.5405}}],""execution_prices"":{""over"":2.05,""under"":1.91},""line"":8.0}","{""over"":0.6121,""under"":0.3879}","{""totals_model"":{""over"":0.6121,""under"":0.3879}}","{""american_odds"":105,""away_bullpen_tax"":0.042,""away_lineup_profile"":{""active_hitters"":13,""available_hitters"":13,""injured_hitters"":0,""key_bat_absence_score"":0.0,""leader_absence_burden"":0.0,""left_handed_batters"":3,""lefty_share"":0.2308,""right_handed_batters"":10,""righty_share"":0.7692,""switch_hitters"":0,""switch_share"":0.0},""away_pitcher"":""Chase Burns"",""away_team"":""Reds"",""completed"":false,""confidence_score"":74.2,""date"":""2026-04-05"",""edges"":{""over"":{""american_odds"":105,""confidence_score"":74.2,""decimal_odds"":2.05,""edge"":0.0774,""expected_value"":0.1489,""fractional_kelly"":0.0284,""hold"":0.0468,""implied_prob"":0.483,""is_value"":true,""kelly_fraction"":0.1418,""market_books"":6,""market_implied_prob"":0.5064,""market_source"":""median_complete_book_no_vig"",""model_prob"":0.5604,""raw_model_prob"":0.6121,""unrealistic_flag"":false},""under"":{""american_odds"":-110,""confidence_score"":16.9,""decimal_odds"":1.91,""edge"":-0.0774,""expected_value"":-0.1604,""fractional_kelly"":0.0,""hold"":0.0468,""implied_prob"":0.517,""is_value"":false,""kelly_fraction"":0.0,""market_books"":6,""market_implied_prob"":0.5435,""market_source"":""median_complete_book_no_vig"",""model_prob"":0.4396,""raw_model_prob"":0.3879,""unrealistic_flag"":false}},""expected_total"":9.74,""home_bullpen_tax"":0.085,""home_lineup_profile"":{""active_hitters"":13,""available_hitters"":13,""injured_hitters"":0,""key_bat_absence_score"":0.0,""leader_absence_burden"":0.0,""left_handed_batters"":5,""lefty_share"":0.3846,""right_handed_batters"":8,""righty_share"":0.6154,""switch_hitters"":0,""switch_share"":0.0},""home_pitcher"":""Jack Leiter"",""home_team"":""Rangers"",""individual_models"":{""totals_model"":{""over"":0.6121,""under"":0.3879}},""market_snapshot"":{""benchmark"":{""books_tracked"":6,""fair_probs"":{""over"":0.483,""under"":0.517},""hold"":0.0468,""raw_probs"":{""over"":0.5064,""under"":0.5435},""source"":""median_complete_book_no_vig""},""books"":[{""book"":""LowVig.ag"",""fair_probs"":{""over"":0.4716,""under"":0.5284},""hold"":0.0343,""last_update"":""2026-04-05T07:28:09Z"",""outcomes"":{""over"":2.05,""under"":1.83},""raw_probs"":{""over"":0.4878,""under"":0.5464}},{""book"":""BetOnline.ag"",""fair_probs"":{""over"":0.474,""under"":0.526},""hold"":0.0445,""last_update"":""2026-04-05T07:28:09Z"",""outcomes"":{""over"":2.02,""under"":1.82},""raw_probs"":{""over"":0.495,""under"":0.5495}},{""book"":""DraftKings"",""fair_probs"":{""over"":0.4895,""under"":0.5105},""hold"":0.0476,""last_update"":""2026-04-05T07:26:14Z"",""outcomes"":{""over"":1.95,""under"":1.87},""raw_probs"":{""over"":0.5128,""under"":0.5348}},{""book"":""BetMGM"",""fair_probs"":{""over"":0.5,""under"":0.5},""hold"":0.0471,""last_update"":""2026-04-05T07:27:58Z"",""outcomes"":{""over"":1.91,""under"":1.91},""raw_probs"":{""over"":0.5236,""under"":0.5236}},{""book"":""BetUS"",""fair_probs"":{""over"":0.4778,""under"":0.5222},""hold"":0.0464,""last_update"":""2026-04-05T07:28:22Z"",""outcomes"":{""over"":2.0,""under"":1.83},""raw_probs"":{""over"":0.5,""under"":0.5464}},{""book"":""BetRivers"",""fair_probs"":{""over"":0.4881,""under"":0.5119},""hold"":0.056,""last_update"":""2026-04-05T07:27:23Z"",""outcomes"":{""over"":1.94,""under"":1.85},""raw_probs"":{""over"":0.5155,""under"":0.5405}}],""execution_prices"":{""over"":2.05,""under"":1.91},""line"":8.0},""market_type"":""total"",""model_prob"":0.6121,""model_probs"":{""over"":0.6121,""under"":0.3879},""pick"":""over"",""run_id"":""manual-20260405T072800203637Z"",""run_type"":""manual"",""snapshot_path"":""tracking/snapshots/2026-04-05/mlb/manual-20260405T072800203637Z.json"",""snapshot_timestamp"":""2026-04-05T07:28:00Z"",""start_time"":""2026-04-05T18:35Z"",""total_line"":8.0,""total_stddev"":6.11,""weather"":{""precipitation_probability"":null,""temperature_f"":null,""weather_exposed"":false,""wind_mph"":null}}","{""pick_type"":""total_lock"",""publication_guard"":{""allow_moneyline"":true,""allow_totals"":true,""enforced"":true,""evaluated_picks"":62,""evaluated_totals_picks"":24,""min_evaluated_picks"":20,""min_evaluated_totals_picks"":10,""reason"":null,""status"":""live""},""selection_config"":{""confidence_floor"":54,""edge_floor"":0.02,""max_picks"":3,""min_expected_value"":0.0,""probability_floor"":0.53}}"
2026-04-05T14:14:54Z,daily-20260405T141138222513Z,daily,2026-04-05T14:11:38Z,tracking/snapshots/2026-04-05/ncaam/daily-20260405T141138222513Z.json,ncaam,slop_lock,moneyline,UConn,Illinois,2026-04-04,,home,,,,0.5952,0.0,0.0,0.0,0.0,,,28.6,0.0,0.0,none,0,,suppressed,hold moneylines until settled picks reach 3/20,True,3,0,230,0.0,0.02,0.5,52,8,5,,"{""away"":0.4048,""home"":0.5952}","{""efficiency"":{""away"":0.5002,""home"":0.4998},""elo"":{""away"":0.2771,""home"":0.7229},""four_factors"":{""away"":0.3483,""home"":0.6517},""recent_boxscore"":{""away"":0.3609,""home"":0.6391},""results_features"":{""away"":0.2846,""home"":0.7154}}","{""american_odds"":null,""away_availability_profile"":null,""away_bullpen_tax"":null,""away_goalie"":null,""away_goalie_status"":null,""away_injury_profile"":null,""away_lineup_profile"":null,""away_pitcher"":null,""away_pitcher_hand"":null,""away_team"":""Illinois"",""best_odds"":{},""completed"":false,""confidence_score"":28.6,""confidence_stars"":1,""date"":""2026-04-04"",""edge"":0.0,""edges"":{""away"":{""american_odds"":null,""confidence_score"":7.5,""decimal_odds"":null,""edge"":0.0,""expected_value"":0.0,""fractional_kelly"":0.0,""hold"":null,""implied_prob"":null,""is_value"":false,""kelly_fraction"":0.0,""market_books"":0,""market_implied_prob"":null,""market_source"":""none"",""model_prob"":0.4048,""raw_model_prob"":0.4048,""unrealistic_flag"":false},""home"":{""american_odds"":null,""confidence_score"":28.6,""decimal_odds"":null,""edge"":0.0,""expected_value"":0.0,""fractional_kelly"":0.0,""hold"":null,""implied_prob"":null,""is_value"":false,""kelly_fraction"":0.0,""market_books"":0,""market_implied_prob"":null,""market_source"":""none"",""model_prob"":0.5952,""raw_model_prob"":0.5952,""unrealistic_flag"":false}},""expected_value"":0.0,""fractional_kelly"":0.0,""home_availability_profile"":null,""home_bullpen_tax"":null,""home_goalie"":null,""home_goalie_status"":null,""home_injury_profile"":null,""home_lineup_profile"":null,""home_pitcher"":null,""home_pitcher_hand"":null,""home_team"":""UConn"",""individual_models"":{""efficiency"":{""away"":0.5002,""home"":0.4998},""elo"":{""away"":0.2771,""home"":0.7229},""four_factors"":{""away"":0.3483,""home"":0.6517},""recent_boxscore"":{""away"":0.3609,""home"":0.6391},""results_features"":{""away"":0.2846,""home"":0.7154}},""kelly_fraction"":0.0,""market_snapshot"":null,""matchday"":null,""model_prob"":0.5952,""model_probs"":{""away"":0.4048,""home"":0.5952},""neutral"":false,""pick"":""home"",""qualitative_analysis"":{""away_impact"":0.0,""away_team"":""Illinois"",""home_impact"":0.0,""home_team"":""UConn"",""individual_factors"":[],""net_qualitative_edge"":""none"",""sport"":""ncaam"",""summary"":""No significant qualitative factors identified or API error.""},""qualitative_summary"":""No qualitative impact."",""run_id"":""daily-20260405T141138222513Z"",""run_type"":""daily"",""snapshot_path"":""tracking/snapshots/2026-04-05/ncaam/daily-20260405T141138222513Z.json"",""snapshot_timestamp"":""2026-04-05T14:11:38Z"",""start_time"":null,""weather"":null}","{""pick_type"":""slop_lock"",""publication_guard"":{""allow_moneyline"":false,""allow_totals"":false,""enforced"":true,""evaluated_picks"":3,""evaluated_totals_picks"":0,""min_evaluated_picks"":20,""min_evaluated_totals_picks"":0,""reason"":""hold moneylines until settled picks reach 3/20"",""status"":""suppressed""},""selection_config"":{""additional_confidence_floor"":52,""confidence_dropoff"":8,""edge_floor"":0.02,""max_picks"":5,""min_expected_value"":0.0,""probability_floor"":0.5}}"
2026-04-05T14:14:54Z,daily-20260405T141138222513Z,daily,2026-04-05T14:11:38Z,tracking/snapshots/2026-04-05/ncaam/daily-20260405T141138222513Z.json,ncaam,slop_lock,moneyline,Arizona,Michigan,2026-04-05,,home,,,,0.5783,0.0,0.0,0.0,0.0,,,26.1,0.0,0.0,none,0,,suppressed,hold moneylines until settled picks reach 3/20,True,3,0,230,0.0,0.02,0.5,52,8,5,,"{""away"":0.4217,""home"":0.5783}","{""efficiency"":{""away"":0.442,""home"":0.558},""elo"":{""away"":0.5173,""home"":0.4827},""four_factors"":{""away"":0.3083,""home"":0.6917},""recent_boxscore"":{""away"":0.3566,""home"":0.6434},""results_features"":{""away"":0.3118,""home"":0.6882}}","{""american_odds"":null,""away_availability_profile"":null,""away_bullpen_tax"":null,""away_goalie"":null,""away_goalie_status"":null,""away_injury_profile"":null,""away_lineup_profile"":null,""away_pitcher"":null,""away_pitcher_hand"":null,""away_team"":""Michigan"",""best_odds"":{},""completed"":false,""confidence_score"":26.1,""confidence_stars"":1,""date"":""2026-04-05"",""edge"":0.0,""edges"":{""away"":{""american_odds"":null,""confidence_score"":7.3,""decimal_odds"":null,""edge"":0.0,""expected_value"":0.0,""fractional_kelly"":0.0,""hold"":null,""implied_prob"":null,""is_value"":false,""kelly_fraction"":0.0,""market_books"":0,""market_implied_prob"":null,""market_source"":""none"",""model_prob"":0.4217,""raw_model_prob"":0.4217,""unrealistic_flag"":false},""home"":{""american_odds"":null,""confidence_score"":26.1,""decimal_odds"":null,""edge"":0.0,""expected_value"":0.0,""fractional_kelly"":0.0,""hold"":null,""implied_prob"":null,""is_value"":false,""kelly_fraction"":0.0,""market_books"":0,""market_implied_prob"":null,""market_source"":""none"",""model_prob"":0.5783,""raw_model_prob"":0.5783,""unrealistic_flag"":false}},""expected_value"":0.0,""fractional_kelly"":0.0,""home_availability_profile"":null,""home_bullpen_tax"":null,""home_goalie"":null,""home_goalie_status"":null,""home_injury_profile"":null,""home_lineup_profile"":null,""home_pitcher"":null,""home_pitcher_hand"":null,""home_team"":""Arizona"",""individual_models"":{""efficiency"":{""away"":0.442,""home"":0.558},""elo"":{""away"":0.5173,""home"":0.4827},""four_factors"":{""away"":0.3083,""home"":0.6917},""recent_boxscore"":{""away"":0.3566,""home"":0.6434},""results_features"":{""away"":0.3118,""home"":0.6882}},""kelly_fraction"":0.0,""market_snapshot"":null,""matchday"":null,""model_prob"":0.5783,""model_probs"":{""away"":0.4217,""home"":0.5783},""neutral"":false,""pick"":""home"",""qualitative_analysis"":{""away_impact"":0.0,""away_team"":""Michigan"",""home_impact"":0.0,""home_team"":""Arizona"",""individual_factors"":[],""net_qualitative_edge"":""none"",""sport"":""ncaam"",""summary"":""No significant qualitative factors identified or API error.""},""qualitative_summary"":""No qualitative impact."",""run_id"":""daily-20260405T141138222513Z"",""run_type"":""daily"",""snapshot_path"":""tracking/snapshots/2026-04-05/ncaam/daily-20260405T141138222513Z.json"",""snapshot_timestamp"":""2026-04-05T14:11:38Z"",""start_time"":null,""weather"":null}","{""pick_type"":""slop_lock"",""publication_guard"":{""allow_moneyline"":false,""allow_totals"":false,""enforced"":true,""evaluated_picks"":3,""evaluated_totals_picks"":0,""min_evaluated_picks"":20,""min_evaluated_totals_picks"":0,""reason"":""hold moneylines until settled picks reach 3/20"",""status"":""suppressed""},""selection_config"":{""additional_confidence_floor"":52,""confidence_dropoff"":8,""edge_floor"":0.02,""max_picks"":5,""min_expected_value"":0.0,""probability_floor"":0.5}}"
2026-04-05T14:14:54Z,daily-20260405T141138222513Z,daily,2026-04-05T14:11:38Z,tracking/snapshots/2026-04-05/ncaam/daily-20260405T141138222513Z.json,ncaam,slop_lock,moneyline,Baylor,Oklahoma,2026-04-04,,home,,,,0.568,0.0,0.0,0.0,0.0,,,18.0,0.0,0.0,none,0,,suppressed,hold moneylines until settled picks reach 3/20,True,3,0,230,0.0,0.02,0.5,52,8,5,,"{""away"":0.432,""home"":0.568}","{""efficiency"":{""away"":0.5159,""home"":0.4841},""elo"":{""away"":0.5474,""home"":0.4526},""four_factors"":{""away"":0.3384,""home"":0.6616},""recent_boxscore"":{""away"":0.3584,""home"":0.6416},""results_features"":{""away"":0.2489,""home"":0.7511}}","{""american_odds"":null,""away_availability_profile"":null,""away_bullpen_tax"":null,""away_goalie"":null,""away_goalie_status"":null,""away_injury_profile"":null,""away_lineup_profile"":null,""away_pitcher"":null,""away_pitcher_hand"":null,""away_team"":""Oklahoma"",""best_odds"":{},""completed"":false,""confidence_score"":18.0,""confidence_stars"":1,""date"":""2026-04-04"",""edge"":0.0,""edges"":{""away"":{""american_odds"":null,""confidence_score"":1.4,""decimal_odds"":null,""edge"":0.0,""expected_value"":0.0,""fractional_kelly"":0.0,""hold"":null,""implied_prob"":null,""is_value"":false,""kelly_fraction"":0.0,""market_books"":0,""market_implied_prob"":null,""market_source"":""none"",""model_prob"":0.432,""raw_model_prob"":0.432,""unrealistic_flag"":false},""home"":{""american_odds"":null,""confidence_score"":18.0,""decimal_odds"":null,""edge"":0.0,""expected_value"":0.0,""fractional_kelly"":0.0,""hold"":null,""implied_prob"":null,""is_value"":false,""kelly_fraction"":0.0,""market_books"":0,""market_implied_prob"":null,""market_source"":""none"",""model_prob"":0.568,""raw_model_prob"":0.568,""unrealistic_flag"":false}},""expected_value"":0.0,""fractional_kelly"":0.0,""home_availability_profile"":null,""home_bullpen_tax"":null,""home_goalie"":null,""home_goalie_status"":null,""home_injury_profile"":null,""home_lineup_profile"":null,""home_pitcher"":null,""home_pitcher_hand"":null,""home_team"":""Baylor"",""individual_models"":{""efficiency"":{""away"":0.5159,""home"":0.4841},""elo"":{""away"":0.5474,""home"":0.4526},""four_factors"":{""away"":0.3384,""home"":0.6616},""recent_boxscore"":{""away"":0.3584,""home"":0.6416},""results_features"":{""away"":0.2489,""home"":0.7511}},""kelly_fraction"":0.0,""market_snapshot"":null,""matchday"":null,""model_prob"":0.568,""model_probs"":{""away"":0.432,""home"":0.568},""neutral"":false,""pick"":""home"",""qualitative_analysis"":{""away_impact"":0.0,""away_team"":""Oklahoma"",""home_impact"":0.0,""home_team"":""Baylor"",""individual_factors"":[],""net_qualitative_edge"":""none"",""sport"":""ncaam"",""summary"":""No significant qualitative factors identified or API error.""},""qualitative_summary"":""No qualitative impact."",""run_id"":""daily-20260405T141138222513Z"",""run_type"":""daily"",""snapshot_path"":""tracking/snapshots/2026-04-05/ncaam/daily-20260405T141138222513Z.json"",""snapshot_timestamp"":""2026-04-05T14:11:38Z"",""start_time"":null,""weather"":null}","{""pick_type"":""slop_lock"",""publication_guard"":{""allow_moneyline"":false,""allow_totals"":false,""enforced"":true,""evaluated_picks"":3,""evaluated_totals_picks"":0,""min_evaluated_picks"":20,""min_evaluated_totals_picks"":0,""reason"":""hold moneylines until settled picks reach 3/20"",""status"":""suppressed""},""selection_config"":{""additional_confidence_floor"":52,""confidence_dropoff"":8,""edge_floor"":0.02,""max_picks"":5,""min_expected_value"":0.0,""probability_floor"":0.5}}"
2026-04-05T14:18:04Z,daily-20260405T141138222513Z,daily,2026-04-05T14:11:38Z,tracking/snapshots/2026-04-05/mlb/daily-20260405T141138222513Z.json,mlb,total_lock,total,Guardians,Cubs,2026-04-05,2026-04-05T20:40Z,over,7.5,9.399,6.11,0.575,0.5046,0.5292,0.0704,0.0983,-110,1.91,75.9,0.108,0.0216,median_complete_book_no_vig,4,0.0474,live,,True,62,24,99,0.0,0.02,0.53,54,,3,"{""benchmark"":{""books_tracked"":4,""fair_probs"":{""over"":0.5046,""under"":0.4954},""hold"":0.0474,""raw_probs"":{""over"":0.5292,""under"":0.5195},""source"":""median_complete_book_no_vig""},""books"":[{""book"":""FanDuel"",""fair_probs"":{""over"":0.5,""under"":0.5},""hold"":0.0471,""last_update"":""2026-04-05T14:14:57Z"",""outcomes"":{""over"":1.91,""under"":1.91},""raw_probs"":{""over"":0.5236,""under"":0.5236}},{""book"":""MyBookie.ag"",""fair_probs"":{""over"":0.5092,""under"":0.4908},""hold"":0.0502,""last_update"":""2026-04-05T14:14:58Z"",""outcomes"":{""over"":1.87,""under"":1.94},""raw_probs"":{""over"":0.5348,""under"":0.5155}},{""book"":""DraftKings"",""fair_probs"":{""over"":0.5,""under"":0.5},""hold"":0.0471,""last_update"":""2026-04-05T14:14:58Z"",""outcomes"":{""over"":1.91,""under"":1.91},""raw_probs"":{""over"":0.5236,""under"":0.5236}},{""book"":""BetMGM"",""fair_probs"":{""over"":0.5105,""under"":0.4895},""hold"":0.0476,""last_update"":""2026-04-05T14:14:03Z"",""outcomes"":{""over"":1.87,""under"":1.95},""raw_probs"":{""over"":0.5348,""under"":0.5128}}],""execution_prices"":{""over"":1.91,""under"":1.95},""line"":7.5}","{""over"":0.622,""under"":0.378}","{""totals_model"":{""over"":0.622,""under"":0.378}}","{""american_odds"":-110,""away_bullpen_tax"":0.392,""away_lineup_profile"":{""active_hitters"":13,""available_hitters"":13,""injured_hitters"":0,""key_bat_absence_score"":0.0,""leader_absence_burden"":0.0,""left_handed_batters"":4,""lefty_share"":0.3077,""right_handed_batters"":9,""righty_share"":0.6923,""switch_hitters"":0,""switch_share"":0.0},""away_pitcher"":""Shota Imanaga"",""away_team"":""Cubs"",""completed"":false,""confidence_score"":75.9,""date"":""2026-04-05"",""edges"":{""over"":{""american_odds"":-110,""confidence_score"":75.9,""decimal_odds"":1.91,""edge"":0.0704,""expected_value"":0.0983,""fractional_kelly"":0.0216,""hold"":0.0474,""implied_prob"":0.5046,""is_value"":true,""kelly_fraction"":0.108,""market_books"":4,""market_implied_prob"":0.5292,""market_source"":""median_complete_book_no_vig"",""model_prob"":0.575,""raw_model_prob"":0.622,""unrealistic_flag"":false},""under"":{""american_odds"":-105,""confidence_score"":16.9,""decimal_odds"":1.95,""edge"":-0.0704,""expected_value"":-0.1713,""fractional_kelly"":0.0,""hold"":0.0474,""implied_prob"":0.4954,""is_value"":false,""kelly_fraction"":0.0,""market_books"":4,""market_implied_prob"":0.5195,""market_source"":""median_complete_book_no_vig"",""model_prob"":0.425,""raw_model_prob"":0.378,""unrealistic_flag"":false}},""expected_total"":9.399,""home_bullpen_tax"":0.014,""home_lineup_profile"":{""active_hitters"":13,""available_hitters"":12,""injured_hitters"":1,""key_bat_absence_score"":0.0,""leader_absence_burden"":0.0,""left_handed_batters"":6,""lefty_share"":0.5,""right_handed_batters"":6,""righty_share"":0.5,""switch_hitters"":0,""switch_share"":0.0},""home_pitcher"":""Parker Messick"",""home_team"":""Guardians"",""individual_models"":{""totals_model"":{""over"":0.622,""under"":0.378}},""market_snapshot"":{""benchmark"":{""books_tracked"":4,""fair_probs"":{""over"":0.5046,""under"":0.4954},""hold"":0.0474,""raw_probs"":{""over"":0.5292,""under"":0.5195},""source"":""median_complete_book_no_vig""},""books"":[{""book"":""FanDuel"",""fair_probs"":{""over"":0.5,""under"":0.5},""hold"":0.0471,""last_update"":""2026-04-05T14:14:57Z"",""outcomes"":{""over"":1.91,""under"":1.91},""raw_probs"":{""over"":0.5236,""under"":0.5236}},{""book"":""MyBookie.ag"",""fair_probs"":{""over"":0.5092,""under"":0.4908},""hold"":0.0502,""last_update"":""2026-04-05T14:14:58Z"",""outcomes"":{""over"":1.87,""under"":1.94},""raw_probs"":{""over"":0.5348,""under"":0.5155}},{""book"":""DraftKings"",""fair_probs"":{""over"":0.5,""under"":0.5},""hold"":0.0471,""last_update"":""2026-04-05T14:14:58Z"",""outcomes"":{""over"":1.91,""under"":1.91},""raw_probs"":{""over"":0.5236,""under"":0.5236}},{""book"":""BetMGM"",""fair_probs"":{""over"":0.5105,""under"":0.4895},""hold"":0.0476,""last_update"":""2026-04-05T14:14:03Z"",""outcomes"":{""over"":1.87,""under"":1.95},""raw_probs"":{""over"":0.5348,""under"":0.5128}}],""execution_prices"":{""over"":1.91,""under"":1.95},""line"":7.5},""market_type"":""total"",""model_prob"":0.622,""model_probs"":{""over"":0.622,""under"":0.378},""pick"":""over"",""run_id"":""daily-20260405T141138222513Z"",""run_type"":""daily"",""snapshot_path"":""tracking/snapshots/2026-04-05/mlb/daily-20260405T141138222513Z.json"",""snapshot_timestamp"":""2026-04-05T14:11:38Z"",""start_time"":""2026-04-05T20:40Z"",""total_line"":7.5,""total_stddev"":6.11,""weather"":{""precipitation_probability"":1,""temperature_f"":40.1,""weather_exposed"":true,""wind_mph"":17.9}}","{""pick_type"":""total_lock"",""publication_guard"":{""allow_moneyline"":true,""allow_totals"":true,""enforced"":true,""evaluated_picks"":62,""evaluated_totals_picks"":24,""min_evaluated_picks"":20,""min_evaluated_totals_picks"":10,""reason"":null,""status"":""live""},""selection_config"":{""confidence_floor"":54,""edge_floor"":0.02,""max_picks"":3,""min_expected_value"":0.0,""probability_floor"":0.53}}"
2026-04-05T14:38:47Z,daily-20260405T143710133373Z,daily,2026-04-05T14:37:10Z,tracking/snapshots/2026-04-05/nba/daily-20260405T143710133373Z.json,nba,slop_lock,moneyline,Nets,Wizards,2026-04-05,2026-04-05T19:30Z,home,,,,0.6459,0.6005,0.6211,0.0454,0.0528,-159,1.63,67.5,0.0838,0.021,median_complete_book_no_vig,9,0.041,suppressed,hold moneylines until settled picks reach 17/20,True,17,6,157,0.0,0.02,0.5,52,8,5,"{""benchmark"":{""books_tracked"":9,""fair_probs"":{""away"":0.3995,""home"":0.6005},""hold"":0.041,""raw_probs"":{""away"":0.4167,""home"":0.6211},""source"":""median_complete_book_no_vig""},""books"":[{""book"":""FanDuel"",""fair_probs"":{""away"":0.407,""home"":0.593},""hold"":0.041,""last_update"":""2026-04-05T14:37:05Z"",""outcomes"":{""away"":2.36,""home"":1.62},""raw_probs"":{""away"":0.4237,""home"":0.6173}},{""book"":""MyBookie.ag"",""fair_probs"":{""away"":0.4097,""home"":0.5903},""hold"":0.0522,""last_update"":""2026-04-05T14:36:30Z"",""outcomes"":{""away"":2.32,""home"":1.61},""raw_probs"":{""away"":0.431,""home"":0.6211}},{""book"":""DraftKings"",""fair_probs"":{""away"":0.3965,""home"":0.6035},""hold"":0.0422,""last_update"":""2026-04-05T14:37:05Z"",""outcomes"":{""away"":2.42,""home"":1.59},""raw_probs"":{""away"":0.4132,""home"":0.6289}},{""book"":""BetRivers"",""fair_probs"":{""away"":0.4169,""home"":0.5831},""hold"":0.0521,""last_update"":""2026-04-05T14:36:12Z"",""outcomes"":{""away"":2.28,""home"":1.63},""raw_probs"":{""away"":0.4386,""home"":0.6135}},{""book"":""LowVig.ag"",""fair_probs"":{""away"":0.3956,""home"":0.6044},""hold"":0.0276,""last_update"":""2026-04-05T14:37:04Z"",""outcomes"":{""away"":2.46,""home"":1.61},""raw_probs"":{""away"":0.4065,""home"":0.6211}},{""book"":""BetOnline.ag"",""fair_probs"":{""away"":0.3966,""home"":0.6034},""hold"":0.0293,""last_update"":""2026-04-05T14:36:13Z"",""outcomes"":{""away"":2.45,""home"":1.61},""raw_probs"":{""away"":0.4082,""home"":0.6211}},{""book"":""BetMGM"",""fair_probs"":{""away"":0.3985,""home"":0.6015},""hold"":0.0456,""last_update"":""2026-04-05T14:37:05Z"",""outcomes"":{""away"":2.4,""home"":1.59},""raw_probs"":{""away"":0.4167,""home"":0.6289}},{""book"":""Bovada"",""fair_probs"":{""away"":0.4015,""home"":0.5985},""hold"":0.0378,""last_update"":""2026-04-05T14:35:21Z"",""outcomes"":{""away"":2.4,""home"":1.61},""raw_probs"":{""away"":0.4167,""home"":0.6211}},{""book"":""BetUS"",""fair_probs"":{""away"":0.3995,""home"":0.6005},""hold"":0.0343,""last_update"":""2026-04-05T14:36:30Z"",""outcomes"":{""away"":2.42,""home"":1.61},""raw_probs"":{""away"":0.4132,""home"":0.6211}}],""execution_prices"":{""away"":2.46,""home"":1.63}}","{""away"":0.3238,""home"":0.6762}","{""efficiency"":{""away"":0.43,""home"":0.57},""elo"":{""away"":0.3239,""home"":0.6761},""four_factors"":{""away"":0.4426,""home"":0.5574},""nba_matchup"":{""away"":0.3014,""home"":0.6986},""recent_boxscore"":{""away"":0.3712,""home"":0.6288},""results_features"":{""away"":0.38,""home"":0.62}}","{""american_odds"":-159,""away_availability_profile"":{""active_players"":18,""available_core_players"":9,""doubtful_players"":0,""event_injury_burden"":2.4,""event_key_absence_score"":0.7,""event_leader_absence_burden"":0.577,""event_leader_uncertainty_burden"":0.577,""event_uncertainty_burden"":1.4,""injured_players"":9,""injury_burden"":7.7,""key_absence_score"":1.0,""leader_absence_burden"":1.0,""leader_uncertainty_burden"":0.0,""questionable_players"":0,""uncertainty_burden"":0.0},""away_bullpen_tax"":null,""away_goalie"":null,""away_goalie_status"":null,""away_injury_profile"":null,""away_lineup_profile"":null,""away_pitcher"":null,""away_pitcher_hand"":null,""away_team"":""Wizards"",""best_odds"":{""away"":146,""home"":-159},""completed"":false,""confidence_score"":67.5,""confidence_stars"":2,""date"":""2026-04-05"",""edge"":0.0454,""edges"":{""away"":{""american_odds"":146,""confidence_score"":10.8,""decimal_odds"":2.46,""edge"":-0.0454,""expected_value"":-0.1289,""fractional_kelly"":0.0,""hold"":0.041,""implied_prob"":0.3995,""is_value"":false,""kelly_fraction"":0.0,""market_books"":9,""market_implied_prob"":0.4167,""market_source"":""median_complete_book_no_vig"",""model_prob"":0.3541,""raw_model_prob"":0.3238,""unrealistic_flag"":false},""home"":{""american_odds"":-159,""confidence_score"":67.5,""decimal_odds"":1.63,""edge"":0.0454,""expected_value"":0.0528,""fractional_kelly"":0.021,""hold"":0.041,""implied_prob"":0.6005,""is_value"":false,""kelly_fraction"":0.0838,""market_books"":9,""market_implied_prob"":0.6211,""market_source"":""median_complete_book_no_vig"",""model_prob"":0.6459,""raw_model_prob"":0.6762,""unrealistic_flag"":false}},""expected_value"":0.0528,""fractional_kelly"":0.021,""home_availability_profile"":{""active_players"":18,""available_core_players"":13,""doubtful_players"":0,""event_injury_burden"":3.05,""event_key_absence_score"":0.35,""event_leader_absence_burden"":0.752,""event_leader_uncertainty_burden"":0.752,""event_uncertainty_burden"":1.05,""injured_players"":5,""injury_burden"":4.35,""key_absence_score"":0.0,""leader_absence_burden"":0.0,""leader_uncertainty_burden"":0.0,""questionable_players"":0,""uncertainty_burden"":0.0},""home_bullpen_tax"":null,""home_goalie"":null,""home_goalie_status"":null,""home_injury_profile"":null,""home_lineup_profile"":null,""home_pitcher"":null,""home_pitcher_hand"":null,""home_team"":""Nets"",""individual_models"":{""efficiency"":{""away"":0.43,""home"":0.57},""elo"":{""away"":0.3239,""home"":0.6761},""four_factors"":{""away"":0.4426,""home"":0.5574},""nba_matchup"":{""away"":0.3014,""home"":0.6986},""recent_boxscore"":{""away"":0.3712,""home"":0.6288},""results_features"":{""away"":0.38,""home"":0.62}},""kelly_fraction"":0.0838,""market_snapshot"":{""benchmark"":{""books_tracked"":9,""fair_probs"":{""away"":0.3995,""home"":0.6005},""hold"":0.041,""raw_probs"":{""away"":0.4167,""home"":0.6211},""source"":""median_complete_book_no_vig""},""books"":[{""book"":""FanDuel"",""fair_probs"":{""away"":0.407,""home"":0.593},""hold"":0.041,""last_update"":""2026-04-05T14:37:05Z"",""outcomes"":{""away"":2.36,""home"":1.62},""raw_probs"":{""away"":0.4237,""home"":0.6173}},{""book"":""MyBookie.ag"",""fair_probs"":{""away"":0.4097,""home"":0.5903},""hold"":0.0522,""last_update"":""2026-04-05T14:36:30Z"",""outcomes"":{""away"":2.32,""home"":1.61},""raw_probs"":{""away"":0.431,""home"":0.6211}},{""book"":""DraftKings"",""fair_probs"":{""away"":0.3965,""home"":0.6035},""hold"":0.0422,""last_update"":""2026-04-05T14:37:05Z"",""outcomes"":{""away"":2.42,""home"":1.59},""raw_probs"":{""away"":0.4132,""home"":0.6289}},{""book"":""BetRivers"",""fair_probs"":{""away"":0.4169,""home"":0.5831},""hold"":0.0521,""last_update"":""2026-04-05T14:36:12Z"",""outcomes"":{""away"":2.28,""home"":1.63},""raw_probs"":{""away"":0.4386,""home"":0.6135}},{""book"":""LowVig.ag"",""fair_probs"":{""away"":0.3956,""home"":0.6044},""hold"":0.0276,""last_update"":""2026-04-05T14:37:04Z"",""outcomes"":{""away"":2.46,""home"":1.61},""raw_probs"":{""away"":0.4065,""home"":0.6211}},{""book"":""BetOnline.ag"",""fair_probs"":{""away"":0.3966,""home"":0.6034},""hold"":0.0293,""last_update"":""2026-04-05T14:36:13Z"",""outcomes"":{""away"":2.45,""home"":1.61},""raw_probs"":{""away"":0.4082,""home"":0.6211}},{""book"":""BetMGM"",""fair_probs"":{""away"":0.3985,""home"":0.6015},""hold"":0.0456,""last_update"":""2026-04-05T14:37:05Z"",""outcomes"":{""away"":2.4,""home"":1.59},""raw_probs"":{""away"":0.4167,""home"":0.6289}},{""book"":""Bovada"",""fair_probs"":{""away"":0.4015,""home"":0.5985},""hold"":0.0378,""last_update"":""2026-04-05T14:35:21Z"",""outcomes"":{""away"":2.4,""home"":1.61},""raw_probs"":{""away"":0.4167,""home"":0.6211}},{""book"":""BetUS"",""fair_probs"":{""away"":0.3995,""home"":0.6005},""hold"":0.0343,""last_update"":""2026-04-05T14:36:30Z"",""outcomes"":{""away"":2.42,""home"":1.61},""raw_probs"":{""away"":0.4132,""home"":0.6211}}],""execution_prices"":{""away"":2.46,""home"":1.63}},""matchday"":null,""model_prob"":0.6762,""model_probs"":{""away"":0.3238,""home"":0.6762},""neutral"":false,""pick"":""home"",""qualitative_analysis"":{""away_impact"":-4.0,""away_team"":""Wizards"",""home_impact"":-2.5,""home_team"":""Nets"",""individual_factors"":[{""confidence"":0.9,""description"":""Key starting center Nic Claxton is out, impacting their interior defense and rebounding."",""direction"":""negative"",""magnitude"":2.5,""team"":""Nets""},{""confidence"":0.9,""description"":""All-Star point guard Trae Young is out, significantly diminishing their primary offensive threat and playmaking."",""direction"":""negative"",""magnitude"":4.0,""team"":""Wizards""}],""net_qualitative_edge"":""home"",""sport"":""nba"",""summary"":""The Wizards face a major qualitative disadvantage with All-Star Trae Young out, while the Nets are moderately impacted by the absence of key starter Nic Claxton.""},""qualitative_summary"":""Qualitative (H:-2.5 A:-4.0): agreed. Key starting center Nic Claxton is out, impacting their interior defense and rebounding.; All-Star point guard Trae Young is out, significantly diminishing their primary offensive threat and playmaking."",""run_id"":""daily-20260405T143710133373Z"",""run_type"":""daily"",""snapshot_path"":""tracking/snapshots/2026-04-05/nba/daily-20260405T143710133373Z.json"",""snapshot_timestamp"":""2026-04-05T14:37:10Z"",""start_time"":""2026-04-05T19:30Z"",""weather"":null}","{""pick_type"":""slop_lock"",""publication_guard"":{""allow_moneyline"":false,""allow_totals"":false,""enforced"":true,""evaluated_picks"":17,""evaluated_totals_picks"":6,""min_evaluated_picks"":20,""min_evaluated_totals_picks"":10,""reason"":""hold moneylines until settled picks reach 17/20"",""status"":""suppressed""},""selection_config"":{""additional_confidence_floor"":52,""confidence_dropoff"":8,""edge_floor"":0.02,""max_picks"":5,""min_expected_value"":0.0,""probability_floor"":0.5}}"
2026-04-06T12:59:01Z,daily-20260406T125806492257Z,daily,2026-04-06T12:58:06Z,tracking/snapshots/2026-04-06/nba/daily-20260406T125806492257Z.json,nba,slop_lock,moneyline,Magic,Pistons,2026-04-06,2026-04-06T23:00Z,away,,,,0.7142,0.6005,0.6211,0.1137,0.1713,-156,1.64,78.0,0.2676,0.0669,median_complete_book_no_vig,9,0.041,suppressed,hold moneylines until settled picks reach 17/20,True,17,6,159,0.0,0.02,0.5,52,8,5,"{""benchmark"":{""books_tracked"":9,""fair_probs"":{""away"":0.6005,""home"":0.3995},""hold"":0.041,""raw_probs"":{""away"":0.6211,""home"":0.4167},""source"":""median_complete_book_no_vig""},""books"":[{""book"":""FanDuel"",""fair_probs"":{""away"":0.593,""home"":0.407},""hold"":0.041,""last_update"":""2026-04-06T12:58:08Z"",""outcomes"":{""away"":1.62,""home"":2.36},""raw_probs"":{""away"":0.6173,""home"":0.4237}},{""book"":""BetOnline.ag"",""fair_probs"":{""away"":0.6034,""home"":0.3966},""hold"":0.0293,""last_update"":""2026-04-06T12:57:19Z"",""outcomes"":{""away"":1.61,""home"":2.45},""raw_probs"":{""away"":0.6211,""home"":0.4082}},{""book"":""LowVig.ag"",""fair_probs"":{""away"":0.6044,""home"":0.3956},""hold"":0.0276,""last_update"":""2026-04-06T12:57:18Z"",""outcomes"":{""away"":1.61,""home"":2.46},""raw_probs"":{""away"":0.6211,""home"":0.4065}},{""book"":""BetRivers"",""fair_probs"":{""away"":0.5784,""home"":0.4216},""hold"":0.0542,""last_update"":""2026-04-06T12:57:34Z"",""outcomes"":{""away"":1.64,""home"":2.25},""raw_probs"":{""away"":0.6098,""home"":0.4444}},{""book"":""DraftKings"",""fair_probs"":{""away"":0.6,""home"":0.4},""hold"":0.0417,""last_update"":""2026-04-06T12:57:34Z"",""outcomes"":{""away"":1.6,""home"":2.4},""raw_probs"":{""away"":0.625,""home"":0.4167}},{""book"":""BetUS"",""fair_probs"":{""away"":0.6005,""home"":0.3995},""hold"":0.0343,""last_update"":""2026-04-06T12:57:19Z"",""outcomes"":{""away"":1.61,""home"":2.42},""raw_probs"":{""away"":0.6211,""home"":0.4132}},{""book"":""Bovada"",""fair_probs"":{""away"":0.6143,""home"":0.3857},""hold"":0.0369,""last_update"":""2026-04-06T12:54:34Z"",""outcomes"":{""away"":1.57,""home"":2.5},""raw_probs"":{""away"":0.6369,""home"":0.4}},{""book"":""MyBookie.ag"",""fair_probs"":{""away"":0.5985,""home"":0.4015},""hold"":0.0509,""last_update"":""2026-04-06T12:58:17Z"",""outcomes"":{""away"":1.59,""home"":2.37},""raw_probs"":{""away"":0.6289,""home"":0.4219}},{""book"":""BetMGM"",""fair_probs"":{""away"":0.6015,""home"":0.3985},""hold"":0.0456,""last_update"":""2026-04-06T12:57:18Z"",""outcomes"":{""away"":1.59,""home"":2.4},""raw_probs"":{""away"":0.6289,""home"":0.4167}}],""execution_prices"":{""away"":1.64,""home"":2.5}}","{""away"":0.79,""home"":0.21}","{""efficiency"":{""away"":0.5943,""home"":0.4057},""elo"":{""away"":0.8236,""home"":0.1764},""four_factors"":{""away"":0.4782,""home"":0.5218},""nba_matchup"":{""away"":0.6969,""home"":0.3031},""recent_boxscore"":{""away"":0.694,""home"":0.306},""results_features"":{""away"":0.6692,""home"":0.3308}}","{""american_odds"":-156,""away_availability_profile"":{""active_players"":18,""available_core_players"":11,""doubtful_players"":0,""event_injury_burden"":2.7,""event_key_absence_score"":0.0,""event_leader_absence_burden"":0.0,""event_leader_uncertainty_burden"":0.0,""event_uncertainty_burden"":0.7,""injured_players"":7,""injury_burden"":3.75,""key_absence_score"":0.35,""leader_absence_burden"":0.752,""leader_uncertainty_burden"":0.752,""questionable_players"":5,""uncertainty_burden"":1.75},""away_bullpen_tax"":null,""away_goalie"":null,""away_goalie_status"":null,""away_injury_profile"":null,""away_lineup_profile"":null,""away_pitcher"":null,""away_pitcher_hand"":null,""away_team"":""Pistons"",""best_odds"":{""away"":-156,""home"":150},""completed"":false,""confidence_score"":78.0,""confidence_stars"":5,""date"":""2026-04-06"",""edge"":0.1137,""edges"":{""away"":{""american_odds"":-156,""confidence_score"":78.0,""decimal_odds"":1.64,""edge"":0.1137,""expected_value"":0.1713,""fractional_kelly"":0.0669,""hold"":0.041,""implied_prob"":0.6005,""is_value"":true,""kelly_fraction"":0.2676,""market_books"":9,""market_implied_prob"":0.6211,""market_source"":""median_complete_book_no_vig"",""model_prob"":0.7142,""raw_model_prob"":0.79,""unrealistic_flag"":false},""home"":{""american_odds"":150,""confidence_score"":2.3,""decimal_odds"":2.5,""edge"":-0.1137,""expected_value"":-0.2855,""fractional_kelly"":0.0,""hold"":0.041,""implied_prob"":0.3995,""is_value"":false,""kelly_fraction"":0.0,""market_books"":9,""market_implied_prob"":0.4167,""market_source"":""median_complete_book_no_vig"",""model_prob"":0.2858,""raw_model_prob"":0.21,""unrealistic_flag"":false}},""expected_value"":0.1713,""fractional_kelly"":0.0669,""home_availability_profile"":{""active_players"":17,""available_core_players"":14,""doubtful_players"":0,""event_injury_burden"":3.0,""event_key_absence_score"":0.0,""event_leader_absence_burden"":0.0,""event_leader_uncertainty_burden"":0.0,""event_uncertainty_burden"":0.0,""injured_players"":3,""injury_burden"":3.0,""key_absence_score"":0.0,""leader_absence_burden"":0.0,""leader_uncertainty_burden"":0.0,""questionable_players"":0,""uncertainty_burden"":0.0},""home_bullpen_tax"":null,""home_goalie"":null,""home_goalie_status"":null,""home_injury_profile"":null,""home_lineup_profile"":null,""home_pitcher"":null,""home_pitcher_hand"":null,""home_team"":""Magic"",""individual_models"":{""efficiency"":{""away"":0.5943,""home"":0.4057},""elo"":{""away"":0.8236,""home"":0.1764},""four_factors"":{""away"":0.4782,""home"":0.5218},""nba_matchup"":{""away"":0.6969,""home"":0.3031},""recent_boxscore"":{""away"":0.694,""home"":0.306},""results_features"":{""away"":0.6692,""home"":0.3308}},""kelly_fraction"":0.2676,""market_snapshot"":{""benchmark"":{""books_tracked"":9,""fair_probs"":{""away"":0.6005,""home"":0.3995},""hold"":0.041,""raw_probs"":{""away"":0.6211,""home"":0.4167},""source"":""median_complete_book_no_vig""},""books"":[{""book"":""FanDuel"",""fair_probs"":{""away"":0.593,""home"":0.407},""hold"":0.041,""last_update"":""2026-04-06T12:58:08Z"",""outcomes"":{""away"":1.62,""home"":2.36},""raw_probs"":{""away"":0.6173,""home"":0.4237}},{""book"":""BetOnline.ag"",""fair_probs"":{""away"":0.6034,""home"":0.3966},""hold"":0.0293,""last_update"":""2026-04-06T12:57:19Z"",""outcomes"":{""away"":1.61,""home"":2.45},""raw_probs"":{""away"":0.6211,""home"":0.4082}},{""book"":""LowVig.ag"",""fair_probs"":{""away"":0.6044,""home"":0.3956},""hold"":0.0276,""last_update"":""2026-04-06T12:57:18Z"",""outcomes"":{""away"":1.61,""home"":2.46},""raw_probs"":{""away"":0.6211,""home"":0.4065}},{""book"":""BetRivers"",""fair_probs"":{""away"":0.5784,""home"":0.4216},""hold"":0.0542,""last_update"":""2026-04-06T12:57:34Z"",""outcomes"":{""away"":1.64,""home"":2.25},""raw_probs"":{""away"":0.6098,""home"":0.4444}},{""book"":""DraftKings"",""fair_probs"":{""away"":0.6,""home"":0.4},""hold"":0.0417,""last_update"":""2026-04-06T12:57:34Z"",""outcomes"":{""away"":1.6,""home"":2.4},""raw_probs"":{""away"":0.625,""home"":0.4167}},{""book"":""BetUS"",""fair_probs"":{""away"":0.6005,""home"":0.3995},""hold"":0.0343,""last_update"":""2026-04-06T12:57:19Z"",""outcomes"":{""away"":1.61,""home"":2.42},""raw_probs"":{""away"":0.6211,""home"":0.4132}},{""book"":""Bovada"",""fair_probs"":{""away"":0.6143,""home"":0.3857},""hold"":0.0369,""last_update"":""2026-04-06T12:54:34Z"",""outcomes"":{""away"":1.57,""home"":2.5},""raw_probs"":{""away"":0.6369,""home"":0.4}},{""book"":""MyBookie.ag"",""fair_probs"":{""away"":0.5985,""home"":0.4015},""hold"":0.0509,""last_update"":""2026-04-06T12:58:17Z"",""outcomes"":{""away"":1.59,""home"":2.37},""raw_probs"":{""away"":0.6289,""home"":0.4219}},{""book"":""BetMGM"",""fair_probs"":{""away"":0.6015,""home"":0.3985},""hold"":0.0456,""last_update"":""2026-04-06T12:57:18Z"",""outcomes"":{""away"":1.59,""home"":2.4},""raw_probs"":{""away"":0.6289,""home"":0.4167}}],""execution_prices"":{""away"":1.64,""home"":2.5}},""matchday"":null,""model_prob"":0.79,""model_probs"":{""away"":0.79,""home"":0.21},""neutral"":false,""pick"":""away"",""qualitative_analysis"":{""away_impact"":-5.0,""away_team"":""Pistons"",""home_impact"":-2.5,""home_team"":""Magic"",""individual_factors"":[{""confidence"":1.0,""description"":""Jett Howard (Out): Deep bench player, minor impact."",""direction"":""negative"",""magnitude"":0.5,""team"":""Magic""},{""confidence"":1.0,""description"":""Anthony Black (Out): Rotational guard, minor impact."",""direction"":""negative"",""magnitude"":0.5,""team"":""Magic""},{""confidence"":1.0,""description"":""Jonathan Isaac (Out): Key defensive forward, moderate impact."",""direction"":""negative"",""magnitude"":1.5,""team"":""Magic""},{""confidence"":1.0,""description"":""Isaiah Stewart (Out): Starting power forward, key rebounder and defender, moderate impact."",""direction"":""negative"",""magnitude"":1.5,""team"":""Pistons""},{""confidence"":1.0,""description"":""Cade Cunningham (Out): Star player, primary ball-handler and scorer, major impact."",""direction"":""negative"",""magnitude"":4.0,""team"":""Pistons""}],""net_qualitative_edge"":""home"",""sport"":""nba"",""summary"":""The Pistons are severely impacted by the absence of their star player, Cade Cunningham, giving the Magic a significant qualitative advantage despite their own injuries.""},""qualitative_summary"":""Qualitative (H:-2.5 A:-5.0): disagreed. Jett Howard (Out): Deep bench player, minor impact.; Anthony Black (Out): Rotational guard, minor impact."",""run_id"":""daily-20260406T125806492257Z"",""run_type"":""daily"",""snapshot_path"":""tracking/snapshots/2026-04-06/nba/daily-20260406T125806492257Z.json"",""snapshot_timestamp"":""2026-04-06T12:58:06Z"",""start_time"":""2026-04-06T23:00Z"",""weather"":null}","{""pick_type"":""slop_lock"",""publication_guard"":{""allow_moneyline"":false,""allow_totals"":false,""enforced"":true,""evaluated_picks"":17,""evaluated_totals_picks"":6,""min_evaluated_picks"":20,""min_evaluated_totals_picks"":10,""reason"":""hold moneylines until settled picks reach 17/20"",""status"":""suppressed""},""selection_config"":{""additional_confidence_floor"":52,""confidence_dropoff"":8,""edge_floor"":0.02,""max_picks"":5,""min_expected_value"":0.0,""probability_floor"":0.5}}"
2026-04-06T12:59:01Z,daily-20260406T125806492257Z,daily,2026-04-06T12:58:06Z,tracking/snapshots/2026-04-06/nba/daily-20260406T125806492257Z.json,nba,slop_lock,moneyline,Grizzlies,Cavaliers,2026-04-06,2026-04-07T00:00Z,away,,,,0.8531,0.8873,0.9174,-0.0342,-0.0616,-1000,1.1,35.0,0.0,0.0,median_complete_book_no_vig,9,0.0436,suppressed,hold moneylines until settled picks reach 17/20,True,17,6,159,0.0,0.02,0.5,52,8,5,"{""benchmark"":{""books_tracked"":9,""fair_probs"":{""away"":0.8873,""home"":0.1127},""hold"":0.0436,""raw_probs"":{""away"":0.9174,""home"":0.1176},""source"":""median_complete_book_no_vig""},""books"":[{""book"":""FanDuel"",""fair_probs"":{""away"":0.8873,""home"":0.1127},""hold"":0.0436,""last_update"":""2026-04-06T12:58:08Z"",""outcomes"":{""away"":1.08,""home"":8.5},""raw_probs"":{""away"":0.9259,""home"":0.1176}},{""book"":""BetRivers"",""fair_probs"":{""away"":0.8599,""home"":0.1401},""hold"":0.0572,""last_update"":""2026-04-06T12:57:34Z"",""outcomes"":{""away"":1.1,""home"":6.75},""raw_probs"":{""away"":0.9091,""home"":0.1481}},{""book"":""DraftKings"",""fair_probs"":{""away"":0.8801,""home"":0.1199},""hold"":0.0424,""last_update"":""2026-04-06T12:57:34Z"",""outcomes"":{""away"":1.09,""home"":8.0},""raw_probs"":{""away"":0.9174,""home"":0.125}},{""book"":""LowVig.ag"",""fair_probs"":{""away"":0.8899,""home"":0.1101},""hold"":0.0309,""last_update"":""2026-04-06T12:57:18Z"",""outcomes"":{""away"":1.09,""home"":8.81},""raw_probs"":{""away"":0.9174,""home"":0.1135}},{""book"":""BetOnline.ag"",""fair_probs"":{""away"":0.8877,""home"":0.1123},""hold"":0.043,""last_update"":""2026-04-06T12:57:19Z"",""outcomes"":{""away"":1.08,""home"":8.54},""raw_probs"":{""away"":0.9259,""home"":0.1171}},{""book"":""BetUS"",""fair_probs"":{""away"":0.8873,""home"":0.1127},""hold"":0.0436,""last_update"":""2026-04-06T12:57:19Z"",""outcomes"":{""away"":1.08,""home"":8.5},""raw_probs"":{""away"":0.9259,""home"":0.1176}},{""book"":""BetMGM"",""fair_probs"":{""away"":0.8801,""home"":0.1199},""hold"":0.0424,""last_update"":""2026-04-06T12:57:18Z"",""outcomes"":{""away"":1.09,""home"":8.0},""raw_probs"":{""away"":0.9174,""home"":0.125}},{""book"":""MyBookie.ag"",""fair_probs"":{""away"":0.8911,""home"":0.1089},""hold"":0.0487,""last_update"":""2026-04-06T12:58:17Z"",""outcomes"":{""away"":1.07,""home"":8.76},""raw_probs"":{""away"":0.9346,""home"":0.1142}},{""book"":""Bovada"",""fair_probs"":{""away"":0.8683,""home"":0.1317},""hold"":0.047,""last_update"":""2026-04-06T12:54:34Z"",""outcomes"":{""away"":1.1,""home"":7.25},""raw_probs"":{""away"":0.9091,""home"":0.1379}}],""execution_prices"":{""away"":1.1,""home"":8.81}}","{""away"":0.8304,""home"":0.1696}","{""efficiency"":{""away"":0.6537,""home"":0.3463},""elo"":{""away"":0.9329,""home"":0.0671},""four_factors"":{""away"":0.482,""home"":0.518},""nba_matchup"":{""away"":0.6968,""home"":0.3032},""recent_boxscore"":{""away"":0.7349,""home"":0.2651},""results_features"":{""away"":0.7021,""home"":0.2979}}","{""american_odds"":-1000,""away_availability_profile"":{""active_players"":18,""available_core_players"":13,""doubtful_players"":0,""event_injury_burden"":5.0,""event_key_absence_score"":0.0,""event_leader_absence_burden"":0.0,""event_leader_uncertainty_burden"":0.0,""event_uncertainty_burden"":0.0,""injured_players"":5,""injury_burden"":5.0,""key_absence_score"":0.0,""leader_absence_burden"":0.0,""leader_uncertainty_burden"":0.0,""questionable_players"":0,""uncertainty_burden"":0.0},""away_bullpen_tax"":null,""away_goalie"":null,""away_goalie_status"":null,""away_injury_profile"":null,""away_lineup_profile"":null,""away_pitcher"":null,""away_pitcher_hand"":null,""away_team"":""Cavaliers"",""best_odds"":{""away"":-1000,""home"":781},""completed"":false,""confidence_score"":35.0,""confidence_stars"":3,""date"":""2026-04-06"",""edge"":-0.0342,""edges"":{""away"":{""american_odds"":-1000,""confidence_score"":35.0,""decimal_odds"":1.1,""edge"":-0.0342,""expected_value"":-0.0616,""fractional_kelly"":0.0,""hold"":0.0436,""implied_prob"":0.8873,""is_value"":false,""kelly_fraction"":0.0,""market_books"":9,""market_implied_prob"":0.9174,""market_source"":""median_complete_book_no_vig"",""model_prob"":0.8531,""raw_model_prob"":0.8304,""unrealistic_flag"":false},""home"":{""american_odds"":781,""confidence_score"":23.5,""decimal_odds"":8.81,""edge"":0.0342,""expected_value"":0.2939,""fractional_kelly"":0.0094,""hold"":0.0436,""implied_prob"":0.1127,""is_value"":false,""kelly_fraction"":0.0376,""market_books"":9,""market_implied_prob"":0.1176,""market_source"":""median_complete_book_no_vig"",""model_prob"":0.1469,""raw_model_prob"":0.1696,""unrealistic_flag"":false}},""expected_value"":-0.0616,""fractional_kelly"":0.0,""home_availability_profile"":{""active_players"":21,""available_core_players"":8,""doubtful_players"":0,""event_injury_burden"":1.75,""event_key_absence_score"":0.7,""event_leader_absence_burden"":1.067,""event_leader_uncertainty_burden"":1.067,""event_uncertainty_burden"":1.75,""injured_players"":13,""injury_burden"":9.75,""key_absence_score"":0.0,""leader_absence_burden"":0.0,""leader_uncertainty_burden"":0.0,""questionable_players"":5,""uncertainty_burden"":1.75},""home_bullpen_tax"":null,""home_goalie"":null,""home_goalie_status"":null,""home_injury_profile"":null,""home_lineup_profile"":null,""home_pitcher"":null,""home_pitcher_hand"":null,""home_team"":""Grizzlies"",""individual_models"":{""efficiency"":{""away"":0.6537,""home"":0.3463},""elo"":{""away"":0.9329,""home"":0.0671},""four_factors"":{""away"":0.482,""home"":0.518},""nba_matchup"":{""away"":0.6968,""home"":0.3032},""recent_boxscore"":{""away"":0.7349,""home"":0.2651},""results_features"":{""away"":0.7021,""home"":0.2979}},""kelly_fraction"":0.0,""market_snapshot"":{""benchmark"":{""books_tracked"":9,""fair_probs"":{""away"":0.8873,""home"":0.1127},""hold"":0.0436,""raw_probs"":{""away"":0.9174,""home"":0.1176},""source"":""median_complete_book_no_vig""},""books"":[{""book"":""FanDuel"",""fair_probs"":{""away"":0.8873,""home"":0.1127},""hold"":0.0436,""last_update"":""2026-04-06T12:58:08Z"",""outcomes"":{""away"":1.08,""home"":8.5},""raw_probs"":{""away"":0.9259,""home"":0.1176}},{""book"":""BetRivers"",""fair_probs"":{""away"":0.8599,""home"":0.1401},""hold"":0.0572,""last_update"":""2026-04-06T12:57:34Z"",""outcomes"":{""away"":1.1,""home"":6.75},""raw_probs"":{""away"":0.9091,""home"":0.1481}},{""book"":""DraftKings"",""fair_probs"":{""away"":0.8801,""home"":0.1199},""hold"":0.0424,""last_update"":""2026-04-06T12:57:34Z"",""outcomes"":{""away"":1.09,""home"":8.0},""raw_probs"":{""away"":0.9174,""home"":0.125}},{""book"":""LowVig.ag"",""fair_probs"":{""away"":0.8899,""home"":0.1101},""hold"":0.0309,""last_update"":""2026-04-06T12:57:18Z"",""outcomes"":{""away"":1.09,""home"":8.81},""raw_probs"":{""away"":0.9174,""home"":0.1135}},{""book"":""BetOnline.ag"",""fair_probs"":{""away"":0.8877,""home"":0.1123},""hold"":0.043,""last_update"":""2026-04-06T12:57:19Z"",""outcomes"":{""away"":1.08,""home"":8.54},""raw_probs"":{""away"":0.9259,""home"":0.1171}},{""book"":""BetUS"",""fair_probs"":{""away"":0.8873,""home"":0.1127},""hold"":0.0436,""last_update"":""2026-04-06T12:57:19Z"",""outcomes"":{""away"":1.08,""home"":8.5},""raw_probs"":{""away"":0.9259,""home"":0.1176}},{""book"":""BetMGM"",""fair_probs"":{""away"":0.8801,""home"":0.1199},""hold"":0.0424,""last_update"":""2026-04-06T12:57:18Z"",""outcomes"":{""away"":1.09,""home"":8.0},""raw_probs"":{""away"":0.9174,""home"":0.125}},{""book"":""MyBookie.ag"",""fair_probs"":{""away"":0.8911,""home"":0.1089},""hold"":0.0487,""last_update"":""2026-04-06T12:58:17Z"",""outcomes"":{""away"":1.07,""home"":8.76},""raw_probs"":{""away"":0.9346,""home"":0.1142}},{""book"":""Bovada"",""fair_probs"":{""away"":0.8683,""home"":0.1317},""hold"":0.047,""last_update"":""2026-04-06T12:54:34Z"",""outcomes"":{""away"":1.1,""home"":7.25},""raw_probs"":{""away"":0.9091,""home"":0.1379}}],""execution_prices"":{""away"":1.1,""home"":8.81}},""matchday"":null,""model_prob"":0.8304,""model_probs"":{""away"":0.8304,""home"":0.1696},""neutral"":false,""pick"":""away"",""qualitative_analysis"":{""away_impact"":-5.0,""away_team"":""Cavaliers"",""home_impact"":-2.0,""home_team"":""Grizzlies"",""individual_factors"":[{""confidence"":0.8,""description"":""GG Jackson (Day-To-Day) is a key rotational scorer; his potential absence is a moderate blow to offensive depth."",""direction"":""negative"",""magnitude"":1.5,""team"":""Grizzlies""},{""confidence"":0.7,""description"":""Multiple deep bench players (Cam Spencer, Javon Small, Jahmai Mashack, Cedric Coward) are Day-To-Day, impacting overall depth."",""direction"":""negative"",""magnitude"":0.5,""team"":""Grizzlies""},{""confidence"":1.0,""description"":""Evan Mobley (Out) is an All-Star caliber starting power forward and elite defender; his absence is a major blow."",""direction"":""negative"",""magnitude"":4.0,""team"":""Cavaliers""},{""confidence"":1.0,""description"":""Jarrett Allen (Out) is the starting center, a key rebounder and interior defender; his absence is a significant loss."",""direction"":""negative"",""magnitude"":3.0,""team"":""Cavaliers""},{""confidence"":1.0,""description"":""Dean Wade (Out) is a rotational forward important for spacing and defense; his absence is a moderate impact."",""direction"":""negative"",""magnitude"":1.0,""team"":""Cavaliers""},{""confidence"":1.0,""description"":""Sam Merrill (Out) is a bench shooter; his absence is a minor impact."",""direction"":""negative"",""magnitude"":0.5,""team"":""Cavaliers""}],""net_qualitative_edge"":""home"",""sport"":""nba"",""summary"":""The Cavaliers are severely depleted with two starting bigs, Evan Mobley and Jarrett Allen, out, giving the Grizzlies a substantial qualitative advantage despite their own minor injuries.""},""qualitative_summary"":""Qualitative (H:-2.0 A:-5.0): disagreed. GG Jackson (Day-To-Day) is a key rotational scorer; his potential absence is a moderate blow to offensive depth.; Multiple deep bench players (Cam Spencer, Javon Small, Jahmai Mashack, Cedric Coward) are Day-To-Day, impacting overall depth."",""run_id"":""daily-20260406T125806492257Z"",""run_type"":""daily"",""snapshot_path"":""tracking/snapshots/2026-04-06/nba/daily-20260406T125806492257Z.json"",""snapshot_timestamp"":""2026-04-06T12:58:06Z"",""start_time"":""2026-04-07T00:00Z"",""weather"":null}","{""pick_type"":""slop_lock"",""publication_guard"":{""allow_moneyline"":false,""allow_totals"":false,""enforced"":true,""evaluated_picks"":17,""evaluated_totals_picks"":6,""min_evaluated_picks"":20,""min_evaluated_totals_picks"":10,""reason"":""hold moneylines until settled picks reach 17/20"",""status"":""suppressed""},""selection_config"":{""additional_confidence_floor"":52,""confidence_dropoff"":8,""edge_floor"":0.02,""max_picks"":5,""min_expected_value"":0.0,""probability_floor"":0.5}}"
2026-04-06T12:59:01Z,daily-20260406T125806492257Z,daily,2026-04-06T12:58:06Z,tracking/snapshots/2026-04-06/nba/daily-20260406T125806492257Z.json,nba,slop_lock,moneyline,Spurs,76ers,2026-04-06,2026-04-07T00:00Z,home,,,,0.8046,0.7567,0.7874,0.0479,0.046,-333,1.3,64.9,0.1532,0.0383,median_complete_book_no_vig,9,0.0406,suppressed,hold moneylines until settled picks reach 17/20,True,17,6,159,0.0,0.02,0.5,52,8,5,"{""benchmark"":{""books_tracked"":9,""fair_probs"":{""away"":0.2433,""home"":0.7567},""hold"":0.0406,""raw_probs"":{""away"":0.2532,""home"":0.7874},""source"":""median_complete_book_no_vig""},""books"":[{""book"":""FanDuel"",""fair_probs"":{""away"":0.2471,""home"":0.7529},""hold"":0.0377,""last_update"":""2026-04-06T12:58:08Z"",""outcomes"":{""away"":3.9,""home"":1.28},""raw_probs"":{""away"":0.2564,""home"":0.7812}},{""book"":""DraftKings"",""fair_probs"":{""away"":0.2433,""home"":0.7567},""hold"":0.0406,""last_update"":""2026-04-06T12:57:34Z"",""outcomes"":{""away"":3.95,""home"":1.27},""raw_probs"":{""away"":0.2532,""home"":0.7874}},{""book"":""BetRivers"",""fair_probs"":{""away"":0.268,""home"":0.732},""hold"":0.0509,""last_update"":""2026-04-06T12:57:34Z"",""outcomes"":{""away"":3.55,""home"":1.3},""raw_probs"":{""away"":0.2817,""home"":0.7692}},{""book"":""BetOnline.ag"",""fair_probs"":{""away"":0.2428,""home"":0.7572},""hold"":0.0399,""last_update"":""2026-04-06T12:57:19Z"",""outcomes"":{""away"":3.96,""home"":1.27},""raw_probs"":{""away"":0.2525,""home"":0.7874}},{""book"":""LowVig.ag"",""fair_probs"":{""away"":0.2405,""home"":0.7595},""hold"":0.0368,""last_update"":""2026-04-06T12:57:18Z"",""outcomes"":{""away"":4.01,""home"":1.27},""raw_probs"":{""away"":0.2494,""home"":0.7874}},{""book"":""BetMGM"",""fair_probs"":{""away"":0.241,""home"":0.759},""hold"":0.0374,""last_update"":""2026-04-06T12:57:18Z"",""outcomes"":{""away"":4.0,""home"":1.27},""raw_probs"":{""away"":0.25,""home"":0.7874}},{""book"":""Bovada"",""fair_probs"":{""away"":0.2442,""home"":0.7558},""hold"":0.0501,""last_update"":""2026-04-06T12:54:34Z"",""outcomes"":{""away"":3.9,""home"":1.26},""raw_probs"":{""away"":0.2564,""home"":0.7937}},{""book"":""BetUS"",""fair_probs"":{""away"":0.2433,""home"":0.7567},""hold"":0.0406,""last_update"":""2026-04-06T12:57:19Z"",""outcomes"":{""away"":3.95,""home"":1.27},""raw_probs"":{""away"":0.2532,""home"":0.7874}},{""book"":""MyBookie.ag"",""fair_probs"":{""away"":0.2404,""home"":0.7596},""hold"":0.0532,""last_update"":""2026-04-06T12:58:17Z"",""outcomes"":{""away"":3.95,""home"":1.25},""raw_probs"":{""away"":0.2532,""home"":0.8}}],""execution_prices"":{""away"":4.01,""home"":1.3}}","{""away"":0.1635,""home"":0.8365}","{""efficiency"":{""away"":0.2428,""home"":0.7572},""elo"":{""away"":0.0923,""home"":0.9077},""four_factors"":{""away"":0.4241,""home"":0.5759},""nba_matchup"":{""away"":0.2427,""home"":0.7573},""recent_boxscore"":{""away"":0.2476,""home"":0.7524},""results_features"":{""away"":0.2069,""home"":0.7931}}","{""american_odds"":-333,""away_availability_profile"":{""active_players"":18,""available_core_players"":17,""doubtful_players"":0,""event_injury_burden"":2.0,""event_key_absence_score"":0.0,""event_leader_absence_burden"":0.0,""event_leader_uncertainty_burden"":0.0,""event_uncertainty_burden"":0.0,""injured_players"":1,""injury_burden"":1.0,""key_absence_score"":0.0,""leader_absence_burden"":0.0,""leader_uncertainty_burden"":0.0,""questionable_players"":0,""uncertainty_burden"":0.0},""away_bullpen_tax"":null,""away_goalie"":null,""away_goalie_status"":null,""away_injury_profile"":null,""away_lineup_profile"":null,""away_pitcher"":null,""away_pitcher_hand"":null,""away_team"":""76ers"",""best_odds"":{""away"":301,""home"":-333},""completed"":false,""confidence_score"":64.9,""confidence_stars"":3,""date"":""2026-04-06"",""edge"":0.0479,""edges"":{""away"":{""american_odds"":301,""confidence_score"":3.5,""decimal_odds"":4.01,""edge"":-0.0479,""expected_value"":-0.2164,""fractional_kelly"":0.0,""hold"":0.0406,""implied_prob"":0.2433,""is_value"":false,""kelly_fraction"":0.0,""market_books"":9,""market_implied_prob"":0.2532,""market_source"":""median_complete_book_no_vig"",""model_prob"":0.1954,""raw_model_prob"":0.1635,""unrealistic_flag"":false},""home"":{""american_odds"":-333,""confidence_score"":64.9,""decimal_odds"":1.3,""edge"":0.0479,""expected_value"":0.046,""fractional_kelly"":0.0383,""hold"":0.0406,""implied_prob"":0.7567,""is_value"":false,""kelly_fraction"":0.1532,""market_books"":9,""market_implied_prob"":0.7874,""market_source"":""median_complete_book_no_vig"",""model_prob"":0.8046,""raw_model_prob"":0.8365,""unrealistic_flag"":false}},""expected_value"":0.046,""fractional_kelly"":0.0383,""home_availability_profile"":{""active_players"":18,""available_core_players"":17,""doubtful_players"":0,""event_injury_burden"":1.35,""event_key_absence_score"":0.0,""event_leader_absence_burden"":0.0,""event_leader_uncertainty_burden"":0.0,""event_uncertainty_burden"":0.35,""injured_players"":1,""injury_burden"":1.0,""key_absence_score"":0.0,""leader_absence_burden"":0.0,""leader_uncertainty_burden"":0.0,""questionable_players"":0,""uncertainty_burden"":0.0},""home_bullpen_tax"":null,""home_goalie"":null,""home_goalie_status"":null,""home_injury_profile"":null,""home_lineup_profile"":null,""home_pitcher"":null,""home_pitcher_hand"":null,""home_team"":""Spurs"",""individual_models"":{""efficiency"":{""away"":0.2428,""home"":0.7572},""elo"":{""away"":0.0923,""home"":0.9077},""four_factors"":{""away"":0.4241,""home"":0.5759},""nba_matchup"":{""away"":0.2427,""home"":0.7573},""recent_boxscore"":{""away"":0.2476,""home"":0.7524},""results_features"":{""away"":0.2069,""home"":0.7931}},""kelly_fraction"":0.1532,""market_snapshot"":{""benchmark"":{""books_tracked"":9,""fair_probs"":{""away"":0.2433,""home"":0.7567},""hold"":0.0406,""raw_probs"":{""away"":0.2532,""home"":0.7874},""source"":""median_complete_book_no_vig""},""books"":[{""book"":""FanDuel"",""fair_probs"":{""away"":0.2471,""home"":0.7529},""hold"":0.0377,""last_update"":""2026-04-06T12:58:08Z"",""outcomes"":{""away"":3.9,""home"":1.28},""raw_probs"":{""away"":0.2564,""home"":0.7812}},{""book"":""DraftKings"",""fair_probs"":{""away"":0.2433,""home"":0.7567},""hold"":0.0406,""last_update"":""2026-04-06T12:57:34Z"",""outcomes"":{""away"":3.95,""home"":1.27},""raw_probs"":{""away"":0.2532,""home"":0.7874}},{""book"":""BetRivers"",""fair_probs"":{""away"":0.268,""home"":0.732},""hold"":0.0509,""last_update"":""2026-04-06T12:57:34Z"",""outcomes"":{""away"":3.55,""home"":1.3},""raw_probs"":{""away"":0.2817,""home"":0.7692}},{""book"":""BetOnline.ag"",""fair_probs"":{""away"":0.2428,""home"":0.7572},""hold"":0.0399,""last_update"":""2026-04-06T12:57:19Z"",""outcomes"":{""away"":3.96,""home"":1.27},""raw_probs"":{""away"":0.2525,""home"":0.7874}},{""book"":""LowVig.ag"",""fair_probs"":{""away"":0.2405,""home"":0.7595},""hold"":0.0368,""last_update"":""2026-04-06T12:57:18Z"",""outcomes"":{""away"":4.01,""home"":1.27},""raw_probs"":{""away"":0.2494,""home"":0.7874}},{""book"":""BetMGM"",""fair_probs"":{""away"":0.241,""home"":0.759},""hold"":0.0374,""last_update"":""2026-04-06T12:57:18Z"",""outcomes"":{""away"":4.0,""home"":1.27},""raw_probs"":{""away"":0.25,""home"":0.7874}},{""book"":""Bovada"",""fair_probs"":{""away"":0.2442,""home"":0.7558},""hold"":0.0501,""last_update"":""2026-04-06T12:54:34Z"",""outcomes"":{""away"":3.9,""home"":1.26},""raw_probs"":{""away"":0.2564,""home"":0.7937}},{""book"":""BetUS"",""fair_probs"":{""away"":0.2433,""home"":0.7567},""hold"":0.0406,""last_update"":""2026-04-06T12:57:19Z"",""outcomes"":{""away"":3.95,""home"":1.27},""raw_probs"":{""away"":0.2532,""home"":0.7874}},{""book"":""MyBookie.ag"",""fair_probs"":{""away"":0.2404,""home"":0.7596},""hold"":0.0532,""last_update"":""2026-04-06T12:58:17Z"",""outcomes"":{""away"":3.95,""home"":1.25},""raw_probs"":{""away"":0.2532,""home"":0.8}}],""execution_prices"":{""away"":4.01,""home"":1.3}},""matchday"":null,""model_prob"":0.8365,""model_probs"":{""away"":0.1635,""home"":0.8365},""neutral"":false,""pick"":""home"",""qualitative_analysis"":{""away_impact"":-1.0,""away_team"":""76ers"",""home_impact"":-0.5,""home_team"":""Spurs"",""individual_factors"":[{""confidence"":0.8,""description"":""Emanuel Miller (Day-To-Day) and David Jones Garcia (Out) are likely bench or deep rotation players, resulting in a minor hit to depth."",""direction"":""negative"",""magnitude"":0.5,""team"":""Spurs""},{""confidence"":0.8,""description"":""Cameron Payne (Out) is a backup point guard, impacting guard depth. Johni Broome (Out) is likely a deep bench player."",""direction"":""negative"",""magnitude"":1.0,""team"":""76ers""}],""net_qualitative_edge"":""none"",""sport"":""nba"",""summary"":""Both teams are dealing with minor depth injuries, with the 76ers having a slightly more notable absence in backup guard Cameron Payne.""},""qualitative_summary"":""Qualitative (H:-0.5 A:-1.0): no effect. Emanuel Miller (Day-To-Day) and David Jones Garcia (Out) are likely bench or deep rotation players, resulting in a minor hit to depth.; Cameron Payne (Out) is a backup point guard, impacting guard depth. Johni Broome (Out) is likely a deep bench player."",""run_id"":""daily-20260406T125806492257Z"",""run_type"":""daily"",""snapshot_path"":""tracking/snapshots/2026-04-06/nba/daily-20260406T125806492257Z.json"",""snapshot_timestamp"":""2026-04-06T12:58:06Z"",""start_time"":""2026-04-07T00:00Z"",""weather"":null}","{""pick_type"":""slop_lock"",""publication_guard"":{""allow_moneyline"":false,""allow_totals"":false,""enforced"":true,""evaluated_picks"":17,""evaluated_totals_picks"":6,""min_evaluated_picks"":20,""min_evaluated_totals_picks"":10,""reason"":""hold moneylines until settled picks reach 17/20"",""status"":""suppressed""},""selection_config"":{""additional_confidence_floor"":52,""confidence_dropoff"":8,""edge_floor"":0.02,""max_picks"":5,""min_expected_value"":0.0,""probability_floor"":0.5}}"
2026-04-06T12:59:57Z,daily-20260406T125806492257Z,daily,2026-04-06T12:58:06Z,tracking/snapshots/2026-04-06/nhl/daily-20260406T125806492257Z.json,nhl,slop_lock,moneyline,Sharks,Blackhawks,2026-04-06,2026-04-07T02:00Z,home,,,,0.6162,0.6035,0.6289,0.0127,-0.0141,-167,1.6,38.9,0.0,0.0,median_complete_book_no_vig,9,0.0422,suppressed,hold moneylines until settled picks reach 5/20,True,5,0,7,0.0,0.015,0.5,50,7,4,"{""benchmark"":{""books_tracked"":9,""fair_probs"":{""away"":0.3965,""home"":0.6035},""hold"":0.0422,""raw_probs"":{""away"":0.4132,""home"":0.6289},""source"":""median_complete_book_no_vig""},""books"":[{""book"":""BetRivers"",""fair_probs"":{""away"":0.402,""home"":0.598},""hold"":0.0452,""last_update"":""2026-04-06T12:59:06Z"",""outcomes"":{""away"":2.38,""home"":1.6},""raw_probs"":{""away"":0.4202,""home"":0.625}},{""book"":""DraftKings"",""fair_probs"":{""away"":0.3965,""home"":0.6035},""hold"":0.0422,""last_update"":""2026-04-06T12:57:55Z"",""outcomes"":{""away"":2.42,""home"":1.59},""raw_probs"":{""away"":0.4132,""home"":0.6289}},{""book"":""FanDuel"",""fair_probs"":{""away"":0.3985,""home"":0.6015},""hold"":0.0456,""last_update"":""2026-04-06T12:59:07Z"",""outcomes"":{""away"":2.4,""home"":1.59},""raw_probs"":{""away"":0.4167,""home"":0.6289}},{""book"":""LowVig.ag"",""fair_probs"":{""away"":0.3931,""home"":0.6069},""hold"":0.0299,""last_update"":""2026-04-06T12:59:05Z"",""outcomes"":{""away"":2.47,""home"":1.6},""raw_probs"":{""away"":0.4049,""home"":0.625}},{""book"":""BetOnline.ag"",""fair_probs"":{""away"":0.3931,""home"":0.6069},""hold"":0.0299,""last_update"":""2026-04-06T12:57:55Z"",""outcomes"":{""away"":2.47,""home"":1.6},""raw_probs"":{""away"":0.4049,""home"":0.625}},{""book"":""BetMGM"",""fair_probs"":{""away"":0.3985,""home"":0.6015},""hold"":0.0456,""last_update"":""2026-04-06T12:59:06Z"",""outcomes"":{""away"":2.4,""home"":1.59},""raw_probs"":{""away"":0.4167,""home"":0.6289}},{""book"":""BetUS"",""fair_probs"":{""away"":0.3926,""home"":0.6074},""hold"":0.0354,""last_update"":""2026-04-06T12:59:06Z"",""outcomes"":{""away"":2.46,""home"":1.59},""raw_probs"":{""away"":0.4065,""home"":0.6289}},{""book"":""Bovada"",""fair_probs"":{""away"":0.3901,""home"":0.6099},""hold"":0.0378,""last_update"":""2026-04-06T12:53:41Z"",""outcomes"":{""away"":2.47,""home"":1.58},""raw_probs"":{""away"":0.4049,""home"":0.6329}},{""book"":""MyBookie.ag"",""fair_probs"":{""away"":0.397,""home"":0.603},""hold"":0.0496,""last_update"":""2026-04-06T12:59:05Z"",""outcomes"":{""away"":2.4,""home"":1.58},""raw_probs"":{""away"":0.4167,""home"":0.6329}}],""execution_prices"":{""away"":2.47,""home"":1.6}}","{""away"":0.3753,""home"":0.6247}","{""elo"":{""away"":0.3382,""home"":0.6618},""nhl_matchup"":{""away"":0.329,""home"":0.671},""results_features"":{""away"":0.4715,""home"":0.5285}}","{""american_odds"":-167,""away_availability_profile"":null,""away_bullpen_tax"":null,""away_goalie"":""Spencer Knight"",""away_goalie_status"":""expected"",""away_injury_profile"":{""injury_burden"":5.0,""key_absence_score"":0.0,""leader_absence_burden"":0.0,""leader_uncertainty_burden"":0.0,""uncertainty_burden"":0.0},""away_lineup_profile"":null,""away_pitcher"":null,""away_pitcher_hand"":null,""away_team"":""Blackhawks"",""best_odds"":{""away"":147,""home"":-167},""completed"":false,""confidence_score"":38.9,""confidence_stars"":2,""date"":""2026-04-06"",""edge"":0.0127,""edges"":{""away"":{""american_odds"":147,""confidence_score"":8.6,""decimal_odds"":2.47,""edge"":-0.0127,""expected_value"":-0.052,""fractional_kelly"":0.0,""hold"":0.0422,""implied_prob"":0.3965,""is_value"":false,""kelly_fraction"":0.0,""market_books"":9,""market_implied_prob"":0.4132,""market_source"":""median_complete_book_no_vig"",""model_prob"":0.3838,""raw_model_prob"":0.3753,""unrealistic_flag"":false},""home"":{""american_odds"":-167,""confidence_score"":38.9,""decimal_odds"":1.6,""edge"":0.0127,""expected_value"":-0.0141,""fractional_kelly"":0.0,""hold"":0.0422,""implied_prob"":0.6035,""is_value"":false,""kelly_fraction"":0.0,""market_books"":9,""market_implied_prob"":0.6289,""market_source"":""median_complete_book_no_vig"",""model_prob"":0.6162,""raw_model_prob"":0.6247,""unrealistic_flag"":false}},""expected_value"":-0.0141,""fractional_kelly"":0.0,""home_availability_profile"":null,""home_bullpen_tax"":null,""home_goalie"":""Yaroslav Askarov"",""home_goalie_status"":""expected"",""home_injury_profile"":{""injury_burden"":2.0,""key_absence_score"":0.0,""leader_absence_burden"":0.0,""leader_uncertainty_burden"":0.0,""uncertainty_burden"":0.0},""home_lineup_profile"":null,""home_pitcher"":null,""home_pitcher_hand"":null,""home_team"":""Sharks"",""individual_models"":{""elo"":{""away"":0.3382,""home"":0.6618},""nhl_matchup"":{""away"":0.329,""home"":0.671},""results_features"":{""away"":0.4715,""home"":0.5285}},""kelly_fraction"":0.0,""market_snapshot"":{""benchmark"":{""books_tracked"":9,""fair_probs"":{""away"":0.3965,""home"":0.6035},""hold"":0.0422,""raw_probs"":{""away"":0.4132,""home"":0.6289},""source"":""median_complete_book_no_vig""},""books"":[{""book"":""BetRivers"",""fair_probs"":{""away"":0.402,""home"":0.598},""hold"":0.0452,""last_update"":""2026-04-06T12:59:06Z"",""outcomes"":{""away"":2.38,""home"":1.6},""raw_probs"":{""away"":0.4202,""home"":0.625}},{""book"":""DraftKings"",""fair_probs"":{""away"":0.3965,""home"":0.6035},""hold"":0.0422,""last_update"":""2026-04-06T12:57:55Z"",""outcomes"":{""away"":2.42,""home"":1.59},""raw_probs"":{""away"":0.4132,""home"":0.6289}},{""book"":""FanDuel"",""fair_probs"":{""away"":0.3985,""home"":0.6015},""hold"":0.0456,""last_update"":""2026-04-06T12:59:07Z"",""outcomes"":{""away"":2.4,""home"":1.59},""raw_probs"":{""away"":0.4167,""home"":0.6289}},{""book"":""LowVig.ag"",""fair_probs"":{""away"":0.3931,""home"":0.6069},""hold"":0.0299,""last_update"":""2026-04-06T12:59:05Z"",""outcomes"":{""away"":2.47,""home"":1.6},""raw_probs"":{""away"":0.4049,""home"":0.625}},{""book"":""BetOnline.ag"",""fair_probs"":{""away"":0.3931,""home"":0.6069},""hold"":0.0299,""last_update"":""2026-04-06T12:57:55Z"",""outcomes"":{""away"":2.47,""home"":1.6},""raw_probs"":{""away"":0.4049,""home"":0.625}},{""book"":""BetMGM"",""fair_probs"":{""away"":0.3985,""home"":0.6015},""hold"":0.0456,""last_update"":""2026-04-06T12:59:06Z"",""outcomes"":{""away"":2.4,""home"":1.59},""raw_probs"":{""away"":0.4167,""home"":0.6289}},{""book"":""BetUS"",""fair_probs"":{""away"":0.3926,""home"":0.6074},""hold"":0.0354,""last_update"":""2026-04-06T12:59:06Z"",""outcomes"":{""away"":2.46,""home"":1.59},""raw_probs"":{""away"":0.4065,""home"":0.6289}},{""book"":""Bovada"",""fair_probs"":{""away"":0.3901,""home"":0.6099},""hold"":0.0378,""last_update"":""2026-04-06T12:53:41Z"",""outcomes"":{""away"":2.47,""home"":1.58},""raw_probs"":{""away"":0.4049,""home"":0.6329}},{""book"":""MyBookie.ag"",""fair_probs"":{""away"":0.397,""home"":0.603},""hold"":0.0496,""last_update"":""2026-04-06T12:59:05Z"",""outcomes"":{""away"":2.4,""home"":1.58},""raw_probs"":{""away"":0.4167,""home"":0.6329}}],""execution_prices"":{""away"":2.47,""home"":1.6}},""matchday"":null,""model_prob"":0.6247,""model_probs"":{""away"":0.3753,""home"":0.6247},""neutral"":false,""pick"":""home"",""qualitative_analysis"":{""away_impact"":-4.0,""away_team"":""Blackhawks"",""home_impact"":-3.0,""home_team"":""Sharks"",""individual_factors"":[{""confidence"":1.0,""description"":""Logan Couture (Injured Reserve) is a significant veteran center whose absence negatively impacts offensive depth and leadership."",""direction"":""negative"",""magnitude"":2.0,""team"":""Sharks""},{""confidence"":1.0,""description"":""Ryan Reaves (Out) is a depth forward whose absence has a minor negative impact on physicality and bottom-six rotation."",""direction"":""negative"",""magnitude"":1.0,""team"":""Sharks""},{""confidence"":1.0,""description"":""Andrew Mangiapane (Out) is a solid middle-six forward whose absence negatively impacts offensive production and depth."",""direction"":""negative"",""magnitude"":1.5,""team"":""Blackhawks""},{""confidence"":1.0,""description"":""Matt Grzelcyk (Out) is a solid defenseman whose absence negatively impacts defensive depth and puck movement."",""direction"":""negative"",""magnitude"":1.5,""team"":""Blackhawks""},{""confidence"":1.0,""description"":""Artyom Levshunov (Out) is a prospect whose absence has a minor negative impact on potential depth."",""direction"":""negative"",""magnitude"":0.5,""team"":""Blackhawks""},{""confidence"":1.0,""description"":""Oliver Moore (Out) is a prospect whose absence has a minor negative impact on potential depth."",""direction"":""negative"",""magnitude"":0.5,""team"":""Blackhawks""},{""confidence"":1.0,""description"":""Ryan Ellis (Injured Reserve) is a long-term absence and does not have a current impact on the team's qualitative outlook."",""direction"":""negative"",""magnitude"":0.0,""team"":""Blackhawks""}],""net_qualitative_edge"":""home"",""sport"":""nhl"",""summary"":""The Blackhawks are more negatively impacted by injuries to key depth players and prospects compared to the Sharks, who are missing a veteran center and a depth forward.""},""qualitative_summary"":""Qualitative (H:-3.0 A:-4.0): agreed. Logan Couture (Injured Reserve) is a significant veteran center whose absence negatively impacts offensive depth and leadership.; Ryan Reaves (Out) is a depth forward whose absence has a minor negative impact on physicality and bottom-six rotation."",""run_id"":""daily-20260406T125806492257Z"",""run_type"":""daily"",""snapshot_path"":""tracking/snapshots/2026-04-06/nhl/daily-20260406T125806492257Z.json"",""snapshot_timestamp"":""2026-04-06T12:58:06Z"",""start_time"":""2026-04-07T02:00Z"",""weather"":null}","{""pick_type"":""slop_lock"",""publication_guard"":{""allow_moneyline"":false,""allow_totals"":false,""enforced"":true,""evaluated_picks"":5,""evaluated_totals_picks"":0,""min_evaluated_picks"":20,""min_evaluated_totals_picks"":0,""reason"":""hold moneylines until settled picks reach 5/20"",""status"":""suppressed""},""selection_config"":{""additional_confidence_floor"":50,""confidence_dropoff"":7,""edge_floor"":0.015,""max_picks"":4,""min_expected_value"":0.0,""probability_floor"":0.5}}"
2026-04-06T12:59:57Z,daily-20260406T125806492257Z,daily,2026-04-06T12:58:06Z,tracking/snapshots/2026-04-06/nhl/daily-20260406T125806492257Z.json,nhl,slop_lock,moneyline,Jets,Kraken,2026-04-06,2026-04-06T23:30Z,home,,,,0.6049,0.6005,0.625,0.0044,-0.0261,-164,1.61,36.1,0.0,0.0,median_complete_book_no_vig,9,0.0417,suppressed,hold moneylines until settled picks reach 5/20,True,5,0,7,0.0,0.015,0.5,50,7,4,"{""benchmark"":{""books_tracked"":9,""fair_probs"":{""away"":0.3995,""home"":0.6005},""hold"":0.0417,""raw_probs"":{""away"":0.4132,""home"":0.625},""source"":""median_complete_book_no_vig""},""books"":[{""book"":""BetRivers"",""fair_probs"":{""away"":0.402,""home"":0.598},""hold"":0.0452,""last_update"":""2026-04-06T12:59:06Z"",""outcomes"":{""away"":2.38,""home"":1.6},""raw_probs"":{""away"":0.4202,""home"":0.625}},{""book"":""DraftKings"",""fair_probs"":{""away"":0.4,""home"":0.6},""hold"":0.0417,""last_update"":""2026-04-06T12:57:55Z"",""outcomes"":{""away"":2.4,""home"":1.6},""raw_probs"":{""away"":0.4167,""home"":0.625}},{""book"":""FanDuel"",""fair_probs"":{""away"":0.3896,""home"":0.6104},""hold"":0.0434,""last_update"":""2026-04-06T12:59:07Z"",""outcomes"":{""away"":2.46,""home"":1.57},""raw_probs"":{""away"":0.4065,""home"":0.6369}},{""book"":""LowVig.ag"",""fair_probs"":{""away"":0.3966,""home"":0.6034},""hold"":0.0293,""last_update"":""2026-04-06T12:59:05Z"",""outcomes"":{""away"":2.45,""home"":1.61},""raw_probs"":{""away"":0.4082,""home"":0.6211}},{""book"":""BetOnline.ag"",""fair_probs"":{""away"":0.3966,""home"":0.6034},""hold"":0.0293,""last_update"":""2026-04-06T12:57:55Z"",""outcomes"":{""away"":2.45,""home"":1.61},""raw_probs"":{""away"":0.4082,""home"":0.6211}},{""book"":""BetMGM"",""fair_probs"":{""away"":0.4066,""home"":0.5934},""hold"":0.0466,""last_update"":""2026-04-06T12:59:06Z"",""outcomes"":{""away"":2.35,""home"":1.61},""raw_probs"":{""away"":0.4255,""home"":0.6211}},{""book"":""BetUS"",""fair_probs"":{""away"":0.3995,""home"":0.6005},""hold"":0.0343,""last_update"":""2026-04-06T12:59:06Z"",""outcomes"":{""away"":2.42,""home"":1.61},""raw_probs"":{""away"":0.4132,""home"":0.6211}},{""book"":""Bovada"",""fair_probs"":{""away"":0.3936,""home"":0.6064},""hold"":0.0371,""last_update"":""2026-04-06T12:53:41Z"",""outcomes"":{""away"":2.45,""home"":1.59},""raw_probs"":{""away"":0.4082,""home"":0.6289}},{""book"":""MyBookie.ag"",""fair_probs"":{""away"":0.403,""home"":0.597},""hold"":0.0469,""last_update"":""2026-04-06T12:59:05Z"",""outcomes"":{""away"":2.37,""home"":1.6},""raw_probs"":{""away"":0.4219,""home"":0.625}}],""execution_prices"":{""away"":2.46,""home"":1.61}}","{""away"":0.3922,""home"":0.6078}","{""elo"":{""away"":0.3126,""home"":0.6874},""nhl_matchup"":{""away"":0.371,""home"":0.629},""results_features"":{""away"":0.4531,""home"":0.5469}}","{""american_odds"":-164,""away_availability_profile"":null,""away_bullpen_tax"":null,""away_goalie"":""Joey Daccord"",""away_goalie_status"":""expected"",""away_injury_profile"":{""injury_burden"":1.35,""key_absence_score"":0.0,""leader_absence_burden"":0.0,""leader_uncertainty_burden"":0.0,""uncertainty_burden"":0.35},""away_lineup_profile"":null,""away_pitcher"":null,""away_pitcher_hand"":null,""away_team"":""Kraken"",""best_odds"":{""away"":146,""home"":-164},""completed"":false,""confidence_score"":36.1,""confidence_stars"":2,""date"":""2026-04-06"",""edge"":0.0044,""edges"":{""away"":{""american_odds"":146,""confidence_score"":9.7,""decimal_odds"":2.46,""edge"":-0.0044,""expected_value"":-0.028,""fractional_kelly"":0.0,""hold"":0.0417,""implied_prob"":0.3995,""is_value"":false,""kelly_fraction"":0.0,""market_books"":9,""market_implied_prob"":0.4132,""market_source"":""median_complete_book_no_vig"",""model_prob"":0.3951,""raw_model_prob"":0.3922,""unrealistic_flag"":false},""home"":{""american_odds"":-164,""confidence_score"":36.1,""decimal_odds"":1.61,""edge"":0.0044,""expected_value"":-0.0261,""fractional_kelly"":0.0,""hold"":0.0417,""implied_prob"":0.6005,""is_value"":false,""kelly_fraction"":0.0,""market_books"":9,""market_implied_prob"":0.625,""market_source"":""median_complete_book_no_vig"",""model_prob"":0.6049,""raw_model_prob"":0.6078,""unrealistic_flag"":false}},""expected_value"":-0.0261,""fractional_kelly"":0.0,""home_availability_profile"":null,""home_bullpen_tax"":null,""home_goalie"":""Connor Hellebuyck"",""home_goalie_status"":""expected"",""home_injury_profile"":{""injury_burden"":4.0,""key_absence_score"":0.0,""leader_absence_burden"":0.0,""leader_uncertainty_burden"":0.0,""uncertainty_burden"":0.0},""home_lineup_profile"":null,""home_pitcher"":null,""home_pitcher_hand"":null,""home_team"":""Jets"",""individual_models"":{""elo"":{""away"":0.3126,""home"":0.6874},""nhl_matchup"":{""away"":0.371,""home"":0.629},""results_features"":{""away"":0.4531,""home"":0.5469}},""kelly_fraction"":0.0,""market_snapshot"":{""benchmark"":{""books_tracked"":9,""fair_probs"":{""away"":0.3995,""home"":0.6005},""hold"":0.0417,""raw_probs"":{""away"":0.4132,""home"":0.625},""source"":""median_complete_book_no_vig""},""books"":[{""book"":""BetRivers"",""fair_probs"":{""away"":0.402,""home"":0.598},""hold"":0.0452,""last_update"":""2026-04-06T12:59:06Z"",""outcomes"":{""away"":2.38,""home"":1.6},""raw_probs"":{""away"":0.4202,""home"":0.625}},{""book"":""DraftKings"",""fair_probs"":{""away"":0.4,""home"":0.6},""hold"":0.0417,""last_update"":""2026-04-06T12:57:55Z"",""outcomes"":{""away"":2.4,""home"":1.6},""raw_probs"":{""away"":0.4167,""home"":0.625}},{""book"":""FanDuel"",""fair_probs"":{""away"":0.3896,""home"":0.6104},""hold"":0.0434,""last_update"":""2026-04-06T12:59:07Z"",""outcomes"":{""away"":2.46,""home"":1.57},""raw_probs"":{""away"":0.4065,""home"":0.6369}},{""book"":""LowVig.ag"",""fair_probs"":{""away"":0.3966,""home"":0.6034},""hold"":0.0293,""last_update"":""2026-04-06T12:59:05Z"",""outcomes"":{""away"":2.45,""home"":1.61},""raw_probs"":{""away"":0.4082,""home"":0.6211}},{""book"":""BetOnline.ag"",""fair_probs"":{""away"":0.3966,""home"":0.6034},""hold"":0.0293,""last_update"":""2026-04-06T12:57:55Z"",""outcomes"":{""away"":2.45,""home"":1.61},""raw_probs"":{""away"":0.4082,""home"":0.6211}},{""book"":""BetMGM"",""fair_probs"":{""away"":0.4066,""home"":0.5934},""hold"":0.0466,""last_update"":""2026-04-06T12:59:06Z"",""outcomes"":{""away"":2.35,""home"":1.61},""raw_probs"":{""away"":0.4255,""home"":0.6211}},{""book"":""BetUS"",""fair_probs"":{""away"":0.3995,""home"":0.6005},""hold"":0.0343,""last_update"":""2026-04-06T12:59:06Z"",""outcomes"":{""away"":2.42,""home"":1.61},""raw_probs"":{""away"":0.4132,""home"":0.6211}},{""book"":""Bovada"",""fair_probs"":{""away"":0.3936,""home"":0.6064},""hold"":0.0371,""last_update"":""2026-04-06T12:53:41Z"",""outcomes"":{""away"":2.45,""home"":1.59},""raw_probs"":{""away"":0.4082,""home"":0.6289}},{""book"":""MyBookie.ag"",""fair_probs"":{""away"":0.403,""home"":0.597},""hold"":0.0469,""last_update"":""2026-04-06T12:59:05Z"",""outcomes"":{""away"":2.37,""home"":1.6},""raw_probs"":{""away"":0.4219,""home"":0.625}}],""execution_prices"":{""away"":2.46,""home"":1.61}},""matchday"":null,""model_prob"":0.6078,""model_probs"":{""away"":0.3922,""home"":0.6078},""neutral"":false,""pick"":""home"",""qualitative_analysis"":{""away_impact"":-1.0,""away_team"":""Kraken"",""home_impact"":-3.5,""home_team"":""Jets"",""individual_factors"":[{""confidence"":1.0,""description"":""Nino Niederreiter (Injured Reserve): Key top-six forward and scorer is out, significantly impacting offensive production and power play."",""direction"":""negative"",""magnitude"":1.5,""team"":""Jets""},{""confidence"":1.0,""description"":""Vladislav Namestnikov (Out): Solid middle-six forward is out, impacting forward depth and penalty kill."",""direction"":""negative"",""magnitude"":1.0,""team"":""Jets""},{""confidence"":1.0,""description"":""Colin Miller (Injured Reserve): Depth defenseman is out, reducing defensive depth."",""direction"":""negative"",""magnitude"":0.5,""team"":""Jets""},{""confidence"":1.0,""description"":""Elias Salomonsson (Out): Depth defenseman/prospect is out, further reducing defensive depth."",""direction"":""negative"",""magnitude"":0.5,""team"":""Jets""},{""confidence"":1.0,""description"":""Connor Hellebuyck (Probable Goalie): Elite starting goalie is expected to start, providing stability and preventing a significant negative impact from a backup."",""direction"":""positive"",""magnitude"":0.0,""team"":""Jets""},{""confidence"":1.0,""description"":""Shane Wright (Day-To-Day): Young depth forward is day-to-day, potentially impacting bottom-six forward depth."",""direction"":""negative"",""magnitude"":0.5,""team"":""Kraken""},{""confidence"":1.0,""description"":""Max McCormick (Out): Depth forward is out, impacting bottom-six forward depth."",""direction"":""negative"",""magnitude"":0.5,""team"":""Kraken""},{""confidence"":1.0,""description"":""Joey Daccord (Probable Goalie): Solid starting goalie is expected to start."",""direction"":""positive"",""magnitude"":0.0,""team"":""Kraken""}],""net_qualitative_edge"":""away"",""sport"":""nhl"",""summary"":""The Jets are significantly hampered by the absence of key forwards Nino Niederreiter and Vladislav Namestnikov, along with depth defensemen, while the Kraken are only missing depth forwards, giving Seattle a qualitative advantage.""},""qualitative_summary"":""Qualitative (H:-3.5 A:-1.0): disagreed. Nino Niederreiter (Injured Reserve): Key top-six forward and scorer is out, significantly impacting offensive production and power play.; Vladislav Namestnikov (Out): Solid middle-six forward is out, impacting forward depth and penalty kill."",""run_id"":""daily-20260406T125806492257Z"",""run_type"":""daily"",""snapshot_path"":""tracking/snapshots/2026-04-06/nhl/daily-20260406T125806492257Z.json"",""snapshot_timestamp"":""2026-04-06T12:58:06Z"",""start_time"":""2026-04-06T23:30Z"",""weather"":null}","{""pick_type"":""slop_lock"",""publication_guard"":{""allow_moneyline"":false,""allow_totals"":false,""enforced"":true,""evaluated_picks"":5,""evaluated_totals_picks"":0,""min_evaluated_picks"":20,""min_evaluated_totals_picks"":0,""reason"":""hold moneylines until settled picks reach 5/20"",""status"":""suppressed""},""selection_config"":{""additional_confidence_floor"":50,""confidence_dropoff"":7,""edge_floor"":0.015,""max_picks"":4,""min_expected_value"":0.0,""probability_floor"":0.5}}"
2026-04-06T12:59:57Z,daily-20260406T125806492257Z,daily,2026-04-06T12:58:06Z,tracking/snapshots/2026-04-06/nhl/daily-20260406T125806492257Z.json,nhl,slop_lock,moneyline,Sabres,Lightning,2026-04-06,2026-04-06T23:00Z,away,,,,0.5179,0.5118,0.5348,0.0061,-0.0264,-114,1.88,32.2,0.0,0.0,median_complete_book_no_vig,9,0.0464,suppressed,hold moneylines until settled picks reach 5/20,True,5,0,7,0.0,0.015,0.5,50,7,4,"{""benchmark"":{""books_tracked"":9,""fair_probs"":{""away"":0.5118,""home"":0.4882},""hold"":0.0464,""raw_probs"":{""away"":0.5348,""home"":0.5102},""source"":""median_complete_book_no_vig""},""books"":[{""book"":""BetRivers"",""fair_probs"":{""away"":0.5092,""home"":0.4908},""hold"":0.0502,""last_update"":""2026-04-06T12:59:06Z"",""outcomes"":{""away"":1.87,""home"":1.94},""raw_probs"":{""away"":0.5348,""home"":0.5155}},{""book"":""DraftKings"",""fair_probs"":{""away"":0.5105,""home"":0.4895},""hold"":0.0476,""last_update"":""2026-04-06T12:57:55Z"",""outcomes"":{""away"":1.87,""home"":1.95},""raw_probs"":{""away"":0.5348,""home"":0.5128}},{""book"":""FanDuel"",""fair_probs"":{""away"":0.5117,""home"":0.4883},""hold"":0.045,""last_update"":""2026-04-06T12:59:07Z"",""outcomes"":{""away"":1.87,""home"":1.96},""raw_probs"":{""away"":0.5348,""home"":0.5102}},{""book"":""LowVig.ag"",""fair_probs"":{""away"":0.5155,""home"":0.4845},""hold"":0.0319,""last_update"":""2026-04-06T12:59:05Z"",""outcomes"":{""away"":1.88,""home"":2.0},""raw_probs"":{""away"":0.5319,""home"":0.5}},{""book"":""BetOnline.ag"",""fair_probs"":{""away"":0.5155,""home"":0.4845},""hold"":0.0319,""last_update"":""2026-04-06T12:57:55Z"",""outcomes"":{""away"":1.88,""home"":2.0},""raw_probs"":{""away"":0.5319,""home"":0.5}},{""book"":""BetMGM"",""fair_probs"":{""away"":0.517,""home"":0.483},""hold"":0.0456,""last_update"":""2026-04-06T12:59:06Z"",""outcomes"":{""away"":1.85,""home"":1.98},""raw_probs"":{""away"":0.5405,""home"":0.5051}},{""book"":""BetUS"",""fair_probs"":{""away"":0.5105,""home"":0.4895},""hold"":0.0476,""last_update"":""2026-04-06T12:59:06Z"",""outcomes"":{""away"":1.87,""home"":1.95},""raw_probs"":{""away"":0.5348,""home"":0.5128}},{""book"":""Bovada"",""fair_probs"":{""away"":0.5222,""home"":0.4778},""hold"":0.0464,""last_update"":""2026-04-06T12:53:41Z"",""outcomes"":{""away"":1.83,""home"":2.0},""raw_probs"":{""away"":0.5464,""home"":0.5}},{""book"":""MyBookie.ag"",""fair_probs"":{""away"":0.5118,""home"":0.4882},""hold"":0.0505,""last_update"":""2026-04-06T12:59:05Z"",""outcomes"":{""away"":1.86,""home"":1.95},""raw_probs"":{""away"":0.5376,""home"":0.5128}}],""execution_prices"":{""away"":1.88,""home"":2.0}}","{""away"":0.5219,""home"":0.4781}","{""elo"":{""away"":0.5185,""home"":0.4815},""nhl_matchup"":{""away"":0.5622,""home"":0.4378},""results_features"":{""away"":0.5179,""home"":0.4821}}","{""american_odds"":-114,""away_availability_profile"":null,""away_bullpen_tax"":null,""away_goalie"":""Andrei Vasilevskiy"",""away_goalie_status"":""expected"",""away_injury_profile"":{""injury_burden"":3.7,""key_absence_score"":0.0,""leader_absence_burden"":0.0,""leader_uncertainty_burden"":0.0,""uncertainty_burden"":0.7},""away_lineup_profile"":null,""away_pitcher"":null,""away_pitcher_hand"":null,""away_team"":""Lightning"",""best_odds"":{""away"":-114,""home"":100},""completed"":false,""confidence_score"":32.2,""confidence_stars"":1,""date"":""2026-04-06"",""edge"":0.0061,""edges"":{""away"":{""american_odds"":-114,""confidence_score"":32.2,""decimal_odds"":1.88,""edge"":0.0061,""expected_value"":-0.0264,""fractional_kelly"":0.0,""hold"":0.0464,""implied_prob"":0.5118,""is_value"":false,""kelly_fraction"":0.0,""market_books"":9,""market_implied_prob"":0.5348,""market_source"":""median_complete_book_no_vig"",""model_prob"":0.5179,""raw_model_prob"":0.5219,""unrealistic_flag"":false},""home"":{""american_odds"":100,""confidence_score"":25.2,""decimal_odds"":2.0,""edge"":-0.0061,""expected_value"":-0.0358,""fractional_kelly"":0.0,""hold"":0.0464,""implied_prob"":0.4882,""is_value"":false,""kelly_fraction"":0.0,""market_books"":9,""market_implied_prob"":0.5102,""market_source"":""median_complete_book_no_vig"",""model_prob"":0.4821,""raw_model_prob"":0.4781,""unrealistic_flag"":false}},""expected_value"":-0.0264,""fractional_kelly"":0.0,""home_availability_profile"":null,""home_bullpen_tax"":null,""home_goalie"":""Ukko-Pekka Luukkonen"",""home_goalie_status"":""expected"",""home_injury_profile"":{""injury_burden"":3.35,""key_absence_score"":0.0,""leader_absence_burden"":0.0,""leader_uncertainty_burden"":0.0,""uncertainty_burden"":0.35},""home_lineup_profile"":null,""home_pitcher"":null,""home_pitcher_hand"":null,""home_team"":""Sabres"",""individual_models"":{""elo"":{""away"":0.5185,""home"":0.4815},""nhl_matchup"":{""away"":0.5622,""home"":0.4378},""results_features"":{""away"":0.5179,""home"":0.4821}},""kelly_fraction"":0.0,""market_snapshot"":{""benchmark"":{""books_tracked"":9,""fair_probs"":{""away"":0.5118,""home"":0.4882},""hold"":0.0464,""raw_probs"":{""away"":0.5348,""home"":0.5102},""source"":""median_complete_book_no_vig""},""books"":[{""book"":""BetRivers"",""fair_probs"":{""away"":0.5092,""home"":0.4908},""hold"":0.0502,""last_update"":""2026-04-06T12:59:06Z"",""outcomes"":{""away"":1.87,""home"":1.94},""raw_probs"":{""away"":0.5348,""home"":0.5155}},{""book"":""DraftKings"",""fair_probs"":{""away"":0.5105,""home"":0.4895},""hold"":0.0476,""last_update"":""2026-04-06T12:57:55Z"",""outcomes"":{""away"":1.87,""home"":1.95},""raw_probs"":{""away"":0.5348,""home"":0.5128}},{""book"":""FanDuel"",""fair_probs"":{""away"":0.5117,""home"":0.4883},""hold"":0.045,""last_update"":""2026-04-06T12:59:07Z"",""outcomes"":{""away"":1.87,""home"":1.96},""raw_probs"":{""away"":0.5348,""home"":0.5102}},{""book"":""LowVig.ag"",""fair_probs"":{""away"":0.5155,""home"":0.4845},""hold"":0.0319,""last_update"":""2026-04-06T12:59:05Z"",""outcomes"":{""away"":1.88,""home"":2.0},""raw_probs"":{""away"":0.5319,""home"":0.5}},{""book"":""BetOnline.ag"",""fair_probs"":{""away"":0.5155,""home"":0.4845},""hold"":0.0319,""last_update"":""2026-04-06T12:57:55Z"",""outcomes"":{""away"":1.88,""home"":2.0},""raw_probs"":{""away"":0.5319,""home"":0.5}},{""book"":""BetMGM"",""fair_probs"":{""away"":0.517,""home"":0.483},""hold"":0.0456,""last_update"":""2026-04-06T12:59:06Z"",""outcomes"":{""away"":1.85,""home"":1.98},""raw_probs"":{""away"":0.5405,""home"":0.5051}},{""book"":""BetUS"",""fair_probs"":{""away"":0.5105,""home"":0.4895},""hold"":0.0476,""last_update"":""2026-04-06T12:59:06Z"",""outcomes"":{""away"":1.87,""home"":1.95},""raw_probs"":{""away"":0.5348,""home"":0.5128}},{""book"":""Bovada"",""fair_probs"":{""away"":0.5222,""home"":0.4778},""hold"":0.0464,""last_update"":""2026-04-06T12:53:41Z"",""outcomes"":{""away"":1.83,""home"":2.0},""raw_probs"":{""away"":0.5464,""home"":0.5}},{""book"":""MyBookie.ag"",""fair_probs"":{""away"":0.5118,""home"":0.4882},""hold"":0.0505,""last_update"":""2026-04-06T12:59:05Z"",""outcomes"":{""away"":1.86,""home"":1.95},""raw_probs"":{""away"":0.5376,""home"":0.5128}}],""execution_prices"":{""away"":1.88,""home"":2.0}},""matchday"":null,""model_prob"":0.5219,""model_probs"":{""away"":0.5219,""home"":0.4781},""neutral"":false,""pick"":""away"",""qualitative_analysis"":{""away_impact"":-5.0,""away_team"":""Lightning"",""home_impact"":-0.5,""home_team"":""Sabres"",""individual_factors"":[{""confidence"":0.8,""description"":""Multiple depth players (Noah Ostlund, Sam Carrick, Jiri Kulich, Justin Danforth) are out or day-to-day."",""direction"":""negative"",""magnitude"":0.5,""team"":""Sabres""},{""confidence"":1.0,""description"":""Elite defenseman Victor Hedman is on Injured Reserve, significantly impacting their blueline and power play."",""direction"":""negative"",""magnitude"":3.0,""team"":""Lightning""},{""confidence"":0.9,""description"":""Top-6 forward Brandon Hagel is day-to-day and assumed out, impacting their offensive depth and penalty kill."",""direction"":""negative"",""magnitude"":1.5,""team"":""Lightning""},{""confidence"":0.8,""description"":""Multiple depth players (Scott Sabourin, Maxwell Crozier, Declan Carlile) are out or day-to-day."",""direction"":""negative"",""magnitude"":0.5,""team"":""Lightning""}],""net_qualitative_edge"":""home"",""sport"":""nhl"",""summary"":""The Lightning are severely hampered by the absence of elite defenseman Victor Hedman and key forward Brandon Hagel, while the Sabres face minor depth injuries.""},""qualitative_summary"":""Qualitative (H:-0.5 A:-5.0): disagreed. Multiple depth players (Noah Ostlund, Sam Carrick, Jiri Kulich, Justin Danforth) are out or day-to-day.; Elite defenseman Victor Hedman is on Injured Reserve, significantly impacting their blueline and power play."",""run_id"":""daily-20260406T125806492257Z"",""run_type"":""daily"",""snapshot_path"":""tracking/snapshots/2026-04-06/nhl/daily-20260406T125806492257Z.json"",""snapshot_timestamp"":""2026-04-06T12:58:06Z"",""start_time"":""2026-04-06T23:00Z"",""weather"":null}","{""pick_type"":""slop_lock"",""publication_guard"":{""allow_moneyline"":false,""allow_totals"":false,""enforced"":true,""evaluated_picks"":5,""evaluated_totals_picks"":0,""min_evaluated_picks"":20,""min_evaluated_totals_picks"":0,""reason"":""hold moneylines until settled picks reach 5/20"",""status"":""suppressed""},""selection_config"":{""additional_confidence_floor"":50,""confidence_dropoff"":7,""edge_floor"":0.015,""max_picks"":4,""min_expected_value"":0.0,""probability_floor"":0.5}}"
2026-04-06T13:00:06Z,daily-20260406T125806492257Z,daily,2026-04-06T12:58:06Z,tracking/snapshots/2026-04-06/ncaam/daily-20260406T125806492257Z.json,ncaam,slop_lock,moneyline,Michigan,UConn,2026-04-06,2026-04-07T00:50Z,home,,,,0.7307,0.7246,0.7519,0.0061,-0.0208,-294,1.34,54.4,0.0,0.0,median_complete_book_no_vig,9,0.0417,suppressed,hold moneylines until settled picks reach 6/20,True,6,0,230,0.0,0.02,0.5,52,8,5,"{""benchmark"":{""books_tracked"":9,""fair_probs"":{""away"":0.2754,""home"":0.7246},""hold"":0.0417,""raw_probs"":{""away"":0.2882,""home"":0.7519},""source"":""median_complete_book_no_vig""},""books"":[{""book"":""DraftKings"",""fair_probs"":{""away"":0.2827,""home"":0.7173},""hold"":0.0404,""last_update"":""2026-04-06T12:59:47Z"",""outcomes"":{""away"":3.4,""home"":1.34},""raw_probs"":{""away"":0.2941,""home"":0.7463}},{""book"":""FanDuel"",""fair_probs"":{""away"":0.2739,""home"":0.7261},""hold"":0.0433,""last_update"":""2026-04-06T12:59:47Z"",""outcomes"":{""away"":3.5,""home"":1.32},""raw_probs"":{""away"":0.2857,""home"":0.7576}},{""book"":""BetOnline.ag"",""fair_probs"":{""away"":0.2782,""home"":0.7218},""hold"":0.0417,""last_update"":""2026-04-06T12:59:01Z"",""outcomes"":{""away"":3.45,""home"":1.33},""raw_probs"":{""away"":0.2899,""home"":0.7519}},{""book"":""LowVig.ag"",""fair_probs"":{""away"":0.2782,""home"":0.7218},""hold"":0.0417,""last_update"":""2026-04-06T12:59:00Z"",""outcomes"":{""away"":3.45,""home"":1.33},""raw_probs"":{""away"":0.2899,""home"":0.7519}},{""book"":""BetRivers"",""fair_probs"":{""away"":0.2827,""home"":0.7173},""hold"":0.0561,""last_update"":""2026-04-06T12:59:47Z"",""outcomes"":{""away"":3.35,""home"":1.32},""raw_probs"":{""away"":0.2985,""home"":0.7576}},{""book"":""BetMGM"",""fair_probs"":{""away"":0.2668,""home"":0.7332},""hold"":0.0411,""last_update"":""2026-04-06T12:59:27Z"",""outcomes"":{""away"":3.6,""home"":1.31},""raw_probs"":{""away"":0.2778,""home"":0.7634}},{""book"":""Bovada"",""fair_probs"":{""away"":0.2754,""home"":0.7246},""hold"":0.0376,""last_update"":""2026-04-06T12:56:13Z"",""outcomes"":{""away"":3.5,""home"":1.33},""raw_probs"":{""away"":0.2857,""home"":0.7519}},{""book"":""MyBookie.ag"",""fair_probs"":{""away"":0.2741,""home"":0.7259},""hold"":0.0515,""last_update"":""2026-04-06T12:58:17Z"",""outcomes"":{""away"":3.47,""home"":1.31},""raw_probs"":{""away"":0.2882,""home"":0.7634}},{""book"":""BetUS"",""fair_probs"":{""away"":0.2754,""home"":0.7246},""hold"":0.0376,""last_update"":""2026-04-06T12:59:19Z"",""outcomes"":{""away"":3.5,""home"":1.33},""raw_probs"":{""away"":0.2857,""home"":0.7519}}],""execution_prices"":{""away"":3.6,""home"":1.34}}","{""away"":0.2652,""home"":0.7348}","{""efficiency"":{""away"":0.3339,""home"":0.6661},""elo"":{""away"":0.241,""home"":0.759},""four_factors"":{""away"":0.3055,""home"":0.6945},""recent_boxscore"":{""away"":0.259,""home"":0.741},""results_features"":{""away"":0.2439,""home"":0.7561}}","{""american_odds"":-294,""away_availability_profile"":null,""away_bullpen_tax"":null,""away_goalie"":null,""away_goalie_status"":null,""away_injury_profile"":null,""away_lineup_profile"":null,""away_pitcher"":null,""away_pitcher_hand"":null,""away_team"":""UConn"",""best_odds"":{""away"":260,""home"":-294},""completed"":false,""confidence_score"":54.4,""confidence_stars"":2,""date"":""2026-04-06"",""edge"":0.0061,""edges"":{""away"":{""american_odds"":260,""confidence_score"":13.0,""decimal_odds"":3.6,""edge"":-0.0061,""expected_value"":-0.0306,""fractional_kelly"":0.0,""hold"":0.0417,""implied_prob"":0.2754,""is_value"":false,""kelly_fraction"":0.0,""market_books"":9,""market_implied_prob"":0.2882,""market_source"":""median_complete_book_no_vig"",""model_prob"":0.2693,""raw_model_prob"":0.2652,""unrealistic_flag"":false},""home"":{""american_odds"":-294,""confidence_score"":54.4,""decimal_odds"":1.34,""edge"":0.0061,""expected_value"":-0.0208,""fractional_kelly"":0.0,""hold"":0.0417,""implied_prob"":0.7246,""is_value"":false,""kelly_fraction"":0.0,""market_books"":9,""market_implied_prob"":0.7519,""market_source"":""median_complete_book_no_vig"",""model_prob"":0.7307,""raw_model_prob"":0.7348,""unrealistic_flag"":false}},""expected_value"":-0.0208,""fractional_kelly"":0.0,""home_availability_profile"":null,""home_bullpen_tax"":null,""home_goalie"":null,""home_goalie_status"":null,""home_injury_profile"":null,""home_lineup_profile"":null,""home_pitcher"":null,""home_pitcher_hand"":null,""home_team"":""Michigan"",""individual_models"":{""efficiency"":{""away"":0.3339,""home"":0.6661},""elo"":{""away"":0.241,""home"":0.759},""four_factors"":{""away"":0.3055,""home"":0.6945},""recent_boxscore"":{""away"":0.259,""home"":0.741},""results_features"":{""away"":0.2439,""home"":0.7561}},""kelly_fraction"":0.0,""market_snapshot"":{""benchmark"":{""books_tracked"":9,""fair_probs"":{""away"":0.2754,""home"":0.7246},""hold"":0.0417,""raw_probs"":{""away"":0.2882,""home"":0.7519},""source"":""median_complete_book_no_vig""},""books"":[{""book"":""DraftKings"",""fair_probs"":{""away"":0.2827,""home"":0.7173},""hold"":0.0404,""last_update"":""2026-04-06T12:59:47Z"",""outcomes"":{""away"":3.4,""home"":1.34},""raw_probs"":{""away"":0.2941,""home"":0.7463}},{""book"":""FanDuel"",""fair_probs"":{""away"":0.2739,""home"":0.7261},""hold"":0.0433,""last_update"":""2026-04-06T12:59:47Z"",""outcomes"":{""away"":3.5,""home"":1.32},""raw_probs"":{""away"":0.2857,""home"":0.7576}},{""book"":""BetOnline.ag"",""fair_probs"":{""away"":0.2782,""home"":0.7218},""hold"":0.0417,""last_update"":""2026-04-06T12:59:01Z"",""outcomes"":{""away"":3.45,""home"":1.33},""raw_probs"":{""away"":0.2899,""home"":0.7519}},{""book"":""LowVig.ag"",""fair_probs"":{""away"":0.2782,""home"":0.7218},""hold"":0.0417,""last_update"":""2026-04-06T12:59:00Z"",""outcomes"":{""away"":3.45,""home"":1.33},""raw_probs"":{""away"":0.2899,""home"":0.7519}},{""book"":""BetRivers"",""fair_probs"":{""away"":0.2827,""home"":0.7173},""hold"":0.0561,""last_update"":""2026-04-06T12:59:47Z"",""outcomes"":{""away"":3.35,""home"":1.32},""raw_probs"":{""away"":0.2985,""home"":0.7576}},{""book"":""BetMGM"",""fair_probs"":{""away"":0.2668,""home"":0.7332},""hold"":0.0411,""last_update"":""2026-04-06T12:59:27Z"",""outcomes"":{""away"":3.6,""home"":1.31},""raw_probs"":{""away"":0.2778,""home"":0.7634}},{""book"":""Bovada"",""fair_probs"":{""away"":0.2754,""home"":0.7246},""hold"":0.0376,""last_update"":""2026-04-06T12:56:13Z"",""outcomes"":{""away"":3.5,""home"":1.33},""raw_probs"":{""away"":0.2857,""home"":0.7519}},{""book"":""MyBookie.ag"",""fair_probs"":{""away"":0.2741,""home"":0.7259},""hold"":0.0515,""last_update"":""2026-04-06T12:58:17Z"",""outcomes"":{""away"":3.47,""home"":1.31},""raw_probs"":{""away"":0.2882,""home"":0.7634}},{""book"":""BetUS"",""fair_probs"":{""away"":0.2754,""home"":0.7246},""hold"":0.0376,""last_update"":""2026-04-06T12:59:19Z"",""outcomes"":{""away"":3.5,""home"":1.33},""raw_probs"":{""away"":0.2857,""home"":0.7519}}],""execution_prices"":{""away"":3.6,""home"":1.34}},""matchday"":null,""model_prob"":0.7348,""model_probs"":{""away"":0.2652,""home"":0.7348},""neutral"":true,""pick"":""home"",""qualitative_analysis"":{""away_impact"":0.0,""away_team"":""UConn"",""home_impact"":0.0,""home_team"":""Michigan"",""individual_factors"":[],""net_qualitative_edge"":""none"",""sport"":""ncaam"",""summary"":""No significant qualitative factors identified for this neutral site game based on the provided context.""},""qualitative_summary"":""Qualitative (H:0.0 A:0.0): no effect. "",""run_id"":""daily-20260406T125806492257Z"",""run_type"":""daily"",""snapshot_path"":""tracking/snapshots/2026-04-06/ncaam/daily-20260406T125806492257Z.json"",""snapshot_timestamp"":""2026-04-06T12:58:06Z"",""start_time"":""2026-04-07T00:50Z"",""weather"":null}","{""pick_type"":""slop_lock"",""publication_guard"":{""allow_moneyline"":false,""allow_totals"":false,""enforced"":true,""evaluated_picks"":6,""evaluated_totals_picks"":0,""min_evaluated_picks"":20,""min_evaluated_totals_picks"":0,""reason"":""hold moneylines until settled picks reach 6/20"",""status"":""suppressed""},""selection_config"":{""additional_confidence_floor"":52,""confidence_dropoff"":8,""edge_floor"":0.02,""max_picks"":5,""min_expected_value"":0.0,""probability_floor"":0.5}}"
2026-04-06T13:05:22Z,daily-20260406T125806492257Z,daily,2026-04-06T12:58:06Z,tracking/snapshots/2026-04-06/mlb/daily-20260406T125806492257Z.json,mlb,slop_lock,moneyline,Nationals,Cardinals,2026-04-06,2026-04-06T22:45Z,away,,,,0.6125,0.517,0.5376,0.0955,0.1515,-114,1.88,74.1,0.1722,0.0344,median_complete_book_no_vig,9,0.0427,live,,True,68,27,109,0.0,0.015,0.52,48,6,4,"{""benchmark"":{""books_tracked"":9,""fair_probs"":{""away"":0.517,""home"":0.483},""hold"":0.0427,""raw_probs"":{""away"":0.5376,""home"":0.5025},""source"":""median_complete_book_no_vig""},""books"":[{""book"":""FanDuel"",""fair_probs"":{""away"":0.5156,""home"":0.4844},""hold"":0.0427,""last_update"":""2026-04-06T13:02:03Z"",""outcomes"":{""away"":1.86,""home"":1.98},""raw_probs"":{""away"":0.5376,""home"":0.5051}},{""book"":""LowVig.ag"",""fair_probs"":{""away"":0.5192,""home"":0.4808},""hold"":0.0245,""last_update"":""2026-04-06T13:01:50Z"",""outcomes"":{""away"":1.88,""home"":2.03},""raw_probs"":{""away"":0.5319,""home"":0.4926}},{""book"":""BetOnline.ag"",""fair_probs"":{""away"":0.5192,""home"":0.4808},""hold"":0.0245,""last_update"":""2026-04-06T13:01:52Z"",""outcomes"":{""away"":1.88,""home"":2.03},""raw_probs"":{""away"":0.5319,""home"":0.4926}},{""book"":""DraftKings"",""fair_probs"":{""away"":0.517,""home"":0.483},""hold"":0.0456,""last_update"":""2026-04-06T13:01:31Z"",""outcomes"":{""away"":1.85,""home"":1.98},""raw_probs"":{""away"":0.5405,""home"":0.5051}},{""book"":""BetMGM"",""fair_probs"":{""away"":0.5105,""home"":0.4895},""hold"":0.0476,""last_update"":""2026-04-06T13:01:07Z"",""outcomes"":{""away"":1.87,""home"":1.95},""raw_probs"":{""away"":0.5348,""home"":0.5128}},{""book"":""MyBookie.ag"",""fair_probs"":{""away"":0.5169,""home"":0.4831},""hold"":0.0401,""last_update"":""2026-04-06T13:00:21Z"",""outcomes"":{""away"":1.86,""home"":1.99},""raw_probs"":{""away"":0.5376,""home"":0.5025}},{""book"":""BetUS"",""fair_probs"":{""away"":0.5192,""home"":0.4808},""hold"":0.0245,""last_update"":""2026-04-06T13:01:51Z"",""outcomes"":{""away"":1.88,""home"":2.03},""raw_probs"":{""away"":0.5319,""home"":0.4926}},{""book"":""BetRivers"",""fair_probs"":{""away"":0.5288,""home"":0.4712},""hold"":0.0506,""last_update"":""2026-04-06T13:01:53Z"",""outcomes"":{""away"":1.8,""home"":2.02},""raw_probs"":{""away"":0.5556,""home"":0.495}},{""book"":""Bovada"",""fair_probs"":{""away"":0.5131,""home"":0.4869},""hold"":0.0478,""last_update"":""2026-04-06T12:58:16Z"",""outcomes"":{""away"":1.86,""home"":1.96},""raw_probs"":{""away"":0.5376,""home"":0.5102}}],""execution_prices"":{""away"":1.88,""home"":2.03}}","{""away"":0.6762,""home"":0.3238}","{""bullpen_features"":{""away"":0.3811,""home"":0.6189},""elo"":{""away"":0.5128,""home"":0.4872},""handedness_features"":{""away"":0.4972,""home"":0.5028},""pitcher_features"":{""away"":0.6043,""home"":0.3957},""results_features"":{""away"":0.5024,""home"":0.4976},""run_environment"":{""away"":0.4728,""home"":0.5272}}","{""american_odds"":-114,""away_availability_profile"":null,""away_bullpen_tax"":0.608,""away_goalie"":null,""away_goalie_status"":null,""away_injury_profile"":null,""away_lineup_profile"":{""active_hitters"":13,""available_hitters"":13,""injured_hitters"":0,""key_bat_absence_score"":0.0,""leader_absence_burden"":0.0,""left_handed_batters"":5,""lefty_share"":0.3846,""right_handed_batters"":8,""righty_share"":0.6154,""switch_hitters"":0,""switch_share"":0.0},""away_pitcher"":""Andre Pallante"",""away_pitcher_hand"":""R"",""away_team"":""Cardinals"",""best_odds"":{""away"":-114,""home"":103},""completed"":false,""confidence_score"":74.1,""confidence_stars"":3,""date"":""2026-04-06"",""edge"":0.0955,""edges"":{""away"":{""american_odds"":-114,""confidence_score"":74.1,""decimal_odds"":1.88,""edge"":0.0955,""expected_value"":0.1515,""fractional_kelly"":0.0344,""hold"":0.0427,""implied_prob"":0.517,""is_value"":true,""kelly_fraction"":0.1722,""market_books"":9,""market_implied_prob"":0.5376,""market_source"":""median_complete_book_no_vig"",""model_prob"":0.6125,""raw_model_prob"":0.6762,""unrealistic_flag"":false},""home"":{""american_odds"":103,""confidence_score"":8.5,""decimal_odds"":2.03,""edge"":-0.0955,""expected_value"":-0.2134,""fractional_kelly"":0.0,""hold"":0.0427,""implied_prob"":0.483,""is_value"":false,""kelly_fraction"":0.0,""market_books"":9,""market_implied_prob"":0.5025,""market_source"":""median_complete_book_no_vig"",""model_prob"":0.3875,""raw_model_prob"":0.3238,""unrealistic_flag"":false}},""expected_value"":0.1515,""fractional_kelly"":0.0344,""home_availability_profile"":null,""home_bullpen_tax"":0.924,""home_goalie"":null,""home_goalie_status"":null,""home_injury_profile"":null,""home_lineup_profile"":{""active_hitters"":13,""available_hitters"":13,""injured_hitters"":0,""key_bat_absence_score"":0.0,""leader_absence_burden"":0.0,""left_handed_batters"":6,""lefty_share"":0.4615,""right_handed_batters"":7,""righty_share"":0.5385,""switch_hitters"":0,""switch_share"":0.0},""home_pitcher"":""Zack Littell"",""home_pitcher_hand"":""R"",""home_team"":""Nationals"",""individual_models"":{""bullpen_features"":{""away"":0.3811,""home"":0.6189},""elo"":{""away"":0.5128,""home"":0.4872},""handedness_features"":{""away"":0.4972,""home"":0.5028},""pitcher_features"":{""away"":0.6043,""home"":0.3957},""results_features"":{""away"":0.5024,""home"":0.4976},""run_environment"":{""away"":0.4728,""home"":0.5272}},""kelly_fraction"":0.1722,""market_snapshot"":{""benchmark"":{""books_tracked"":9,""fair_probs"":{""away"":0.517,""home"":0.483},""hold"":0.0427,""raw_probs"":{""away"":0.5376,""home"":0.5025},""source"":""median_complete_book_no_vig""},""books"":[{""book"":""FanDuel"",""fair_probs"":{""away"":0.5156,""home"":0.4844},""hold"":0.0427,""last_update"":""2026-04-06T13:02:03Z"",""outcomes"":{""away"":1.86,""home"":1.98},""raw_probs"":{""away"":0.5376,""home"":0.5051}},{""book"":""LowVig.ag"",""fair_probs"":{""away"":0.5192,""home"":0.4808},""hold"":0.0245,""last_update"":""2026-04-06T13:01:50Z"",""outcomes"":{""away"":1.88,""home"":2.03},""raw_probs"":{""away"":0.5319,""home"":0.4926}},{""book"":""BetOnline.ag"",""fair_probs"":{""away"":0.5192,""home"":0.4808},""hold"":0.0245,""last_update"":""2026-04-06T13:01:52Z"",""outcomes"":{""away"":1.88,""home"":2.03},""raw_probs"":{""away"":0.5319,""home"":0.4926}},{""book"":""DraftKings"",""fair_probs"":{""away"":0.517,""home"":0.483},""hold"":0.0456,""last_update"":""2026-04-06T13:01:31Z"",""outcomes"":{""away"":1.85,""home"":1.98},""raw_probs"":{""away"":0.5405,""home"":0.5051}},{""book"":""BetMGM"",""fair_probs"":{""away"":0.5105,""home"":0.4895},""hold"":0.0476,""last_update"":""2026-04-06T13:01:07Z"",""outcomes"":{""away"":1.87,""home"":1.95},""raw_probs"":{""away"":0.5348,""home"":0.5128}},{""book"":""MyBookie.ag"",""fair_probs"":{""away"":0.5169,""home"":0.4831},""hold"":0.0401,""last_update"":""2026-04-06T13:00:21Z"",""outcomes"":{""away"":1.86,""home"":1.99},""raw_probs"":{""away"":0.5376,""home"":0.5025}},{""book"":""BetUS"",""fair_probs"":{""away"":0.5192,""home"":0.4808},""hold"":0.0245,""last_update"":""2026-04-06T13:01:51Z"",""outcomes"":{""away"":1.88,""home"":2.03},""raw_probs"":{""away"":0.5319,""home"":0.4926}},{""book"":""BetRivers"",""fair_probs"":{""away"":0.5288,""home"":0.4712},""hold"":0.0506,""last_update"":""2026-04-06T13:01:53Z"",""outcomes"":{""away"":1.8,""home"":2.02},""raw_probs"":{""away"":0.5556,""home"":0.495}},{""book"":""Bovada"",""fair_probs"":{""away"":0.5131,""home"":0.4869},""hold"":0.0478,""last_update"":""2026-04-06T12:58:16Z"",""outcomes"":{""away"":1.86,""home"":1.96},""raw_probs"":{""away"":0.5376,""home"":0.5102}}],""execution_prices"":{""away"":1.88,""home"":2.03}},""matchday"":null,""model_prob"":0.6762,""model_probs"":{""away"":0.6762,""home"":0.3238},""neutral"":false,""pick"":""away"",""qualitative_analysis"":{""away_impact"":-3.0,""away_team"":""Cardinals"",""home_impact"":-4.0,""home_team"":""Nationals"",""individual_factors"":[{""confidence"":0.9,""description"":""Josiah Gray (60-Day-IL), Trevor Williams (60-Day-IL), and DJ Herz (60-Day-IL) are all key starting pitchers on the long-term injured list, severely depleting the rotation's quality and depth."",""direction"":""negative"",""magnitude"":3.5,""team"":""Nationals""},{""confidence"":0.8,""description"":""Joan Adon (Out) and Paxton Schultz (15-Day-IL) are additional pitching absences, further straining bullpen and depth."",""direction"":""negative"",""magnitude"":0.5,""team"":""Nationals""},{""confidence"":0.9,""description"":""Lars Nootbaar (60-Day-IL) is a key everyday outfielder on the long-term injured list, significantly impacting the team's offensive lineup."",""direction"":""negative"",""magnitude"":2.5,""team"":""Cardinals""},{""confidence"":0.7,""description"":""Masyn Winn (Day-To-Day) is a starting shortstop whose availability is uncertain, potentially creating a hole in the lineup."",""direction"":""negative"",""magnitude"":0.5,""team"":""Cardinals""},{""confidence"":0.6,""description"":""Hunter Dobbins (15-Day-IL) and Matt Pushard (15-Day-IL) are bullpen/depth pitchers on the injured list."",""direction"":""negative"",""magnitude"":0.0,""team"":""Cardinals""}],""net_qualitative_edge"":""away"",""sport"":""mlb"",""summary"":""The Nationals face a major negative impact due to multiple key starting pitchers on the 60-day IL, while the Cardinals are significantly affected by the absence of a key outfielder and a day-to-day starting shortstop.""},""qualitative_summary"":""Qualitative (H:-4.0 A:-3.0): agreed. Josiah Gray (60-Day-IL), Trevor Williams (60-Day-IL), and DJ Herz (60-Day-IL) are all key starting pitchers on the long-term injured list, severely depleting the rotation's quality and depth.; Joan Adon (Out) and Paxton Schultz (15-Day-IL) are additional pitching absences, further straining bullpen and depth."",""run_id"":""daily-20260406T125806492257Z"",""run_type"":""daily"",""snapshot_path"":""tracking/snapshots/2026-04-06/mlb/daily-20260406T125806492257Z.json"",""snapshot_timestamp"":""2026-04-06T12:58:06Z"",""start_time"":""2026-04-06T22:45Z"",""weather"":{""precipitation_probability"":0,""temperature_f"":62.6,""weather_exposed"":true,""wind_mph"":11.4}}","{""pick_type"":""slop_lock"",""publication_guard"":{""allow_moneyline"":true,""allow_totals"":true,""enforced"":true,""evaluated_picks"":68,""evaluated_totals_picks"":27,""min_evaluated_picks"":20,""min_evaluated_totals_picks"":10,""reason"":null,""status"":""live""},""selection_config"":{""additional_confidence_floor"":48,""confidence_dropoff"":6,""edge_floor"":0.015,""max_picks"":4,""min_expected_value"":0.0,""probability_floor"":0.52}}"
2026-04-06T13:05:22Z,daily-20260406T125806492257Z,daily,2026-04-06T12:58:06Z,tracking/snapshots/2026-04-06/mlb/daily-20260406T125806492257Z.json,mlb,slop_lock,moneyline,Guardians,Royals,2026-04-06,2026-04-06T22:10Z,home,,,,0.58,0.5192,0.5348,0.0608,0.0904,-114,1.88,73.2,0.1028,0.0206,median_complete_book_no_vig,9,0.0405,live,,True,68,27,109,0.0,0.015,0.52,48,6,4,"{""benchmark"":{""books_tracked"":9,""fair_probs"":{""away"":0.4808,""home"":0.5192},""hold"":0.0405,""raw_probs"":{""away"":0.5,""home"":0.5348},""source"":""median_complete_book_no_vig""},""books"":[{""book"":""FanDuel"",""fair_probs"":{""away"":0.4805,""home"":0.5195},""hold"":0.0405,""last_update"":""2026-04-06T13:02:03Z"",""outcomes"":{""away"":2.0,""home"":1.85},""raw_probs"":{""away"":0.5,""home"":0.5405}},{""book"":""BetOnline.ag"",""fair_probs"":{""away"":0.4808,""home"":0.5192},""hold"":0.0245,""last_update"":""2026-04-06T13:01:52Z"",""outcomes"":{""away"":2.03,""home"":1.88},""raw_probs"":{""away"":0.4926,""home"":0.5319}},{""book"":""LowVig.ag"",""fair_probs"":{""away"":0.4808,""home"":0.5192},""hold"":0.0245,""last_update"":""2026-04-06T13:01:50Z"",""outcomes"":{""away"":2.03,""home"":1.88},""raw_probs"":{""away"":0.4926,""home"":0.5319}},{""book"":""BetUS"",""fair_probs"":{""away"":0.4808,""home"":0.5192},""hold"":0.0245,""last_update"":""2026-04-06T13:01:51Z"",""outcomes"":{""away"":2.03,""home"":1.88},""raw_probs"":{""away"":0.4926,""home"":0.5319}},{""book"":""DraftKings"",""fair_probs"":{""away"":0.483,""home"":0.517},""hold"":0.0456,""last_update"":""2026-04-06T13:01:31Z"",""outcomes"":{""away"":1.98,""home"":1.85},""raw_probs"":{""away"":0.5051,""home"":0.5405}},{""book"":""BetMGM"",""fair_probs"":{""away"":0.4895,""home"":0.5105},""hold"":0.0476,""last_update"":""2026-04-06T13:01:07Z"",""outcomes"":{""away"":1.95,""home"":1.87},""raw_probs"":{""away"":0.5128,""home"":0.5348}},{""book"":""MyBookie.ag"",""fair_probs"":{""away"":0.4805,""home"":0.5195},""hold"":0.0405,""last_update"":""2026-04-06T13:00:21Z"",""outcomes"":{""away"":2.0,""home"":1.85},""raw_probs"":{""away"":0.5,""home"":0.5405}},{""book"":""BetRivers"",""fair_probs"":{""away"":0.4802,""home"":0.5198},""hold"":0.0571,""last_update"":""2026-04-06T13:01:53Z"",""outcomes"":{""away"":1.97,""home"":1.82},""raw_probs"":{""away"":0.5076,""home"":0.5495}},{""book"":""Bovada"",""fair_probs"":{""away"":0.4895,""home"":0.5105},""hold"":0.0476,""last_update"":""2026-04-06T12:58:16Z"",""outcomes"":{""away"":1.95,""home"":1.87},""raw_probs"":{""away"":0.5128,""home"":0.5348}}],""execution_prices"":{""away"":2.03,""home"":1.88}}","{""away"":0.3794,""home"":0.6206}","{""bullpen_features"":{""away"":0.4151,""home"":0.5849},""elo"":{""away"":0.4246,""home"":0.5754},""handedness_features"":{""away"":0.3201,""home"":0.6799},""pitcher_features"":{""away"":0.4164,""home"":0.5836},""results_features"":{""away"":0.4349,""home"":0.5651},""run_environment"":{""away"":0.3808,""home"":0.6192}}","{""american_odds"":-114,""away_availability_profile"":null,""away_bullpen_tax"":0.727,""away_goalie"":null,""away_goalie_status"":null,""away_injury_profile"":null,""away_lineup_profile"":{""active_hitters"":13,""available_hitters"":13,""injured_hitters"":0,""key_bat_absence_score"":0.0,""leader_absence_burden"":0.0,""left_handed_batters"":4,""lefty_share"":0.3077,""right_handed_batters"":9,""righty_share"":0.6923,""switch_hitters"":0,""switch_share"":0.0},""away_pitcher"":""Michael Wacha"",""away_pitcher_hand"":""R"",""away_team"":""Royals"",""best_odds"":{""away"":103,""home"":-114},""completed"":false,""confidence_score"":73.2,""confidence_stars"":3,""date"":""2026-04-06"",""edge"":0.0608,""edges"":{""away"":{""american_odds"":103,""confidence_score"":15.2,""decimal_odds"":2.03,""edge"":-0.0608,""expected_value"":-0.1474,""fractional_kelly"":0.0,""hold"":0.0405,""implied_prob"":0.4808,""is_value"":false,""kelly_fraction"":0.0,""market_books"":9,""market_implied_prob"":0.5,""market_source"":""median_complete_book_no_vig"",""model_prob"":0.42,""raw_model_prob"":0.3794,""unrealistic_flag"":false},""home"":{""american_odds"":-114,""confidence_score"":73.2,""decimal_odds"":1.88,""edge"":0.0608,""expected_value"":0.0904,""fractional_kelly"":0.0206,""hold"":0.0405,""implied_prob"":0.5192,""is_value"":true,""kelly_fraction"":0.1028,""market_books"":9,""market_implied_prob"":0.5348,""market_source"":""median_complete_book_no_vig"",""model_prob"":0.58,""raw_model_prob"":0.6206,""unrealistic_flag"":false}},""expected_value"":0.0904,""fractional_kelly"":0.0206,""home_availability_profile"":null,""home_bullpen_tax"":0.47,""home_goalie"":null,""home_goalie_status"":null,""home_injury_profile"":null,""home_lineup_profile"":{""active_hitters"":13,""available_hitters"":12,""injured_hitters"":1,""key_bat_absence_score"":0.0,""leader_absence_burden"":0.0,""left_handed_batters"":6,""lefty_share"":0.5,""right_handed_batters"":6,""righty_share"":0.5,""switch_hitters"":0,""switch_share"":0.0},""home_pitcher"":""Tanner Bibee"",""home_pitcher_hand"":""R"",""home_team"":""Guardians"",""individual_models"":{""bullpen_features"":{""away"":0.4151,""home"":0.5849},""elo"":{""away"":0.4246,""home"":0.5754},""handedness_features"":{""away"":0.3201,""home"":0.6799},""pitcher_features"":{""away"":0.4164,""home"":0.5836},""results_features"":{""away"":0.4349,""home"":0.5651},""run_environment"":{""away"":0.3808,""home"":0.6192}},""kelly_fraction"":0.1028,""market_snapshot"":{""benchmark"":{""books_tracked"":9,""fair_probs"":{""away"":0.4808,""home"":0.5192},""hold"":0.0405,""raw_probs"":{""away"":0.5,""home"":0.5348},""source"":""median_complete_book_no_vig""},""books"":[{""book"":""FanDuel"",""fair_probs"":{""away"":0.4805,""home"":0.5195},""hold"":0.0405,""last_update"":""2026-04-06T13:02:03Z"",""outcomes"":{""away"":2.0,""home"":1.85},""raw_probs"":{""away"":0.5,""home"":0.5405}},{""book"":""BetOnline.ag"",""fair_probs"":{""away"":0.4808,""home"":0.5192},""hold"":0.0245,""last_update"":""2026-04-06T13:01:52Z"",""outcomes"":{""away"":2.03,""home"":1.88},""raw_probs"":{""away"":0.4926,""home"":0.5319}},{""book"":""LowVig.ag"",""fair_probs"":{""away"":0.4808,""home"":0.5192},""hold"":0.0245,""last_update"":""2026-04-06T13:01:50Z"",""outcomes"":{""away"":2.03,""home"":1.88},""raw_probs"":{""away"":0.4926,""home"":0.5319}},{""book"":""BetUS"",""fair_probs"":{""away"":0.4808,""home"":0.5192},""hold"":0.0245,""last_update"":""2026-04-06T13:01:51Z"",""outcomes"":{""away"":2.03,""home"":1.88},""raw_probs"":{""away"":0.4926,""home"":0.5319}},{""book"":""DraftKings"",""fair_probs"":{""away"":0.483,""home"":0.517},""hold"":0.0456,""last_update"":""2026-04-06T13:01:31Z"",""outcomes"":{""away"":1.98,""home"":1.85},""raw_probs"":{""away"":0.5051,""home"":0.5405}},{""book"":""BetMGM"",""fair_probs"":{""away"":0.4895,""home"":0.5105},""hold"":0.0476,""last_update"":""2026-04-06T13:01:07Z"",""outcomes"":{""away"":1.95,""home"":1.87},""raw_probs"":{""away"":0.5128,""home"":0.5348}},{""book"":""MyBookie.ag"",""fair_probs"":{""away"":0.4805,""home"":0.5195},""hold"":0.0405,""last_update"":""2026-04-06T13:00:21Z"",""outcomes"":{""away"":2.0,""home"":1.85},""raw_probs"":{""away"":0.5,""home"":0.5405}},{""book"":""BetRivers"",""fair_probs"":{""away"":0.4802,""home"":0.5198},""hold"":0.0571,""last_update"":""2026-04-06T13:01:53Z"",""outcomes"":{""away"":1.97,""home"":1.82},""raw_probs"":{""away"":0.5076,""home"":0.5495}},{""book"":""Bovada"",""fair_probs"":{""away"":0.4895,""home"":0.5105},""hold"":0.0476,""last_update"":""2026-04-06T12:58:16Z"",""outcomes"":{""away"":1.95,""home"":1.87},""raw_probs"":{""away"":0.5128,""home"":0.5348}}],""execution_prices"":{""away"":2.03,""home"":1.88}},""matchday"":null,""model_prob"":0.6206,""model_probs"":{""away"":0.3794,""home"":0.6206},""neutral"":false,""pick"":""home"",""qualitative_analysis"":{""away_impact"":-1.5,""away_team"":""Royals"",""home_impact"":-1.0,""home_team"":""Guardians"",""individual_factors"":[{""confidence"":0.8,""description"":""Multiple relief pitchers (Hunter Gaddis, Andrew Walters, Carlos Hernandez) are on the IL, thinning bullpen depth. George Valera (minor league) is also out."",""direction"":""negative"",""magnitude"":1.0,""team"":""Guardians""},{""confidence"":0.7,""description"":""Infielder Michael Massey (likely a regular or key bench player) is on the IL, impacting lineup depth. Several pitchers (Stephen Kolek, Carlos Estevez, Bailey Falter, James McArthur) are also out, affecting bullpen depth."",""direction"":""negative"",""magnitude"":1.5,""team"":""Royals""}],""net_qualitative_edge"":""home"",""sport"":""mlb"",""summary"":""The Guardians face a minor negative impact from bullpen depth injuries, while the Royals have a slightly larger negative impact due to an injured infielder and multiple bullpen arms.""},""qualitative_summary"":""Qualitative (H:-1.0 A:-1.5): no effect. Multiple relief pitchers (Hunter Gaddis, Andrew Walters, Carlos Hernandez) are on the IL, thinning bullpen depth. George Valera (minor league) is also out.; Infielder Michael Massey (likely a regular or key bench player) is on the IL, impacting lineup depth. Several pitchers (Stephen Kolek, Carlos Estevez, Bailey Falter, James McArthur) are also out, affecting bullpen depth."",""run_id"":""daily-20260406T125806492257Z"",""run_type"":""daily"",""snapshot_path"":""tracking/snapshots/2026-04-06/mlb/daily-20260406T125806492257Z.json"",""snapshot_timestamp"":""2026-04-06T12:58:06Z"",""start_time"":""2026-04-06T22:10Z"",""weather"":{""precipitation_probability"":8,""temperature_f"":46.9,""weather_exposed"":true,""wind_mph"":17.0}}","{""pick_type"":""slop_lock"",""publication_guard"":{""allow_moneyline"":true,""allow_totals"":true,""enforced"":true,""evaluated_picks"":68,""evaluated_totals_picks"":27,""min_evaluated_picks"":20,""min_evaluated_totals_picks"":10,""reason"":null,""status"":""live""},""selection_config"":{""additional_confidence_floor"":48,""confidence_dropoff"":6,""edge_floor"":0.015,""max_picks"":4,""min_expected_value"":0.0,""probability_floor"":0.52}}"
2026-04-06T13:05:22Z,daily-20260406T125806492257Z,daily,2026-04-06T12:58:06Z,tracking/snapshots/2026-04-06/mlb/daily-20260406T125806492257Z.json,mlb,slop_lock,moneyline,Rays,Cubs,2026-04-06,2026-04-06T20:10Z,home,,,,0.5805,0.5222,0.5405,0.0583,0.0855,-115,1.87,72.1,0.0983,0.0197,median_complete_book_no_vig,9,0.0427,live,,True,68,27,109,0.0,0.015,0.52,48,6,4,"{""benchmark"":{""books_tracked"":9,""fair_probs"":{""away"":0.4778,""home"":0.5222},""hold"":0.0427,""raw_probs"":{""away"":0.5,""home"":0.5405},""source"":""median_complete_book_no_vig""},""books"":[{""book"":""FanDuel"",""fair_probs"":{""away"":0.4844,""home"":0.5156},""hold"":0.0427,""last_update"":""2026-04-06T13:02:03Z"",""outcomes"":{""away"":1.98,""home"":1.86},""raw_probs"":{""away"":0.5051,""home"":0.5376}},{""book"":""BetOnline.ag"",""fair_probs"":{""away"":0.4731,""home"":0.5269},""hold"":0.026,""last_update"":""2026-04-06T13:01:52Z"",""outcomes"":{""away"":2.06,""home"":1.85},""raw_probs"":{""away"":0.4854,""home"":0.5405}},{""book"":""LowVig.ag"",""fair_probs"":{""away"":0.4731,""home"":0.5269},""hold"":0.026,""last_update"":""2026-04-06T13:01:50Z"",""outcomes"":{""away"":2.06,""home"":1.85},""raw_probs"":{""away"":0.4854,""home"":0.5405}},{""book"":""MyBookie.ag"",""fair_probs"":{""away"":0.4805,""home"":0.5195},""hold"":0.0405,""last_update"":""2026-04-06T13:00:21Z"",""outcomes"":{""away"":2.0,""home"":1.85},""raw_probs"":{""away"":0.5,""home"":0.5405}},{""book"":""BetMGM"",""fair_probs"":{""away"":0.4778,""home"":0.5222},""hold"":0.0464,""last_update"":""2026-04-06T13:01:07Z"",""outcomes"":{""away"":2.0,""home"":1.83},""raw_probs"":{""away"":0.5,""home"":0.5464}},{""book"":""DraftKings"",""fair_probs"":{""away"":0.4778,""home"":0.5222},""hold"":0.0464,""last_update"":""2026-04-06T13:01:31Z"",""outcomes"":{""away"":2.0,""home"":1.83},""raw_probs"":{""away"":0.5,""home"":0.5464}},{""book"":""BetUS"",""fair_probs"":{""away"":0.4719,""home"":0.5281},""hold"":0.0236,""last_update"":""2026-04-06T13:01:51Z"",""outcomes"":{""away"":2.07,""home"":1.85},""raw_probs"":{""away"":0.4831,""home"":0.5405}},{""book"":""BetRivers"",""fair_probs"":{""away"":0.4921,""home"":0.5079},""hold"":0.0529,""last_update"":""2026-04-06T13:01:53Z"",""outcomes"":{""away"":1.93,""home"":1.87},""raw_probs"":{""away"":0.5181,""home"":0.5348}},{""book"":""Bovada"",""fair_probs"":{""away"":0.4766,""home"":0.5234},""hold"":0.044,""last_update"":""2026-04-06T12:58:16Z"",""outcomes"":{""away"":2.01,""home"":1.83},""raw_probs"":{""away"":0.4975,""home"":0.5464}}],""execution_prices"":{""away"":2.07,""home"":1.87}}","{""away"":0.3806,""home"":0.6194}","{""bullpen_features"":{""away"":0.3782,""home"":0.6218},""elo"":{""away"":0.4692,""home"":0.5308},""handedness_features"":{""away"":0.4377,""home"":0.5623},""pitcher_features"":{""away"":0.436,""home"":0.564},""results_features"":{""away"":0.3656,""home"":0.6344},""run_environment"":{""away"":0.4438,""home"":0.5562}}","{""american_odds"":-115,""away_availability_profile"":null,""away_bullpen_tax"":0.753,""away_goalie"":null,""away_goalie_status"":null,""away_injury_profile"":null,""away_lineup_profile"":{""active_hitters"":13,""available_hitters"":13,""injured_hitters"":0,""key_bat_absence_score"":0.0,""leader_absence_burden"":0.0,""left_handed_batters"":4,""lefty_share"":0.3077,""right_handed_batters"":9,""righty_share"":0.6923,""switch_hitters"":0,""switch_share"":0.0},""away_pitcher"":""Jameson Taillon"",""away_pitcher_hand"":""R"",""away_team"":""Cubs"",""best_odds"":{""away"":107,""home"":-115},""completed"":false,""confidence_score"":72.1,""confidence_stars"":3,""date"":""2026-04-06"",""edge"":0.0583,""edges"":{""away"":{""american_odds"":107,""confidence_score"":15.6,""decimal_odds"":2.07,""edge"":-0.0583,""expected_value"":-0.1316,""fractional_kelly"":0.0,""hold"":0.0427,""implied_prob"":0.4778,""is_value"":false,""kelly_fraction"":0.0,""market_books"":9,""market_implied_prob"":0.5,""market_source"":""median_complete_book_no_vig"",""model_prob"":0.4195,""raw_model_prob"":0.3806,""unrealistic_flag"":false},""home"":{""american_odds"":-115,""confidence_score"":72.1,""decimal_odds"":1.87,""edge"":0.0583,""expected_value"":0.0855,""fractional_kelly"":0.0197,""hold"":0.0427,""implied_prob"":0.5222,""is_value"":true,""kelly_fraction"":0.0983,""market_books"":9,""market_implied_prob"":0.5405,""market_source"":""median_complete_book_no_vig"",""model_prob"":0.5805,""raw_model_prob"":0.6194,""unrealistic_flag"":false}},""expected_value"":0.0855,""fractional_kelly"":0.0197,""home_availability_profile"":null,""home_bullpen_tax"":0.411,""home_goalie"":null,""home_goalie_status"":null,""home_injury_profile"":null,""home_lineup_profile"":{""active_hitters"":13,""available_hitters"":12,""injured_hitters"":1,""key_bat_absence_score"":0.0,""leader_absence_burden"":0.0,""left_handed_batters"":5,""lefty_share"":0.4167,""right_handed_batters"":7,""righty_share"":0.5833,""switch_hitters"":0,""switch_share"":0.0},""home_pitcher"":""Shane McClanahan"",""home_pitcher_hand"":""L"",""home_team"":""Rays"",""individual_models"":{""bullpen_features"":{""away"":0.3782,""home"":0.6218},""elo"":{""away"":0.4692,""home"":0.5308},""handedness_features"":{""away"":0.4377,""home"":0.5623},""pitcher_features"":{""away"":0.436,""home"":0.564},""results_features"":{""away"":0.3656,""home"":0.6344},""run_environment"":{""away"":0.4438,""home"":0.5562}},""kelly_fraction"":0.0983,""market_snapshot"":{""benchmark"":{""books_tracked"":9,""fair_probs"":{""away"":0.4778,""home"":0.5222},""hold"":0.0427,""raw_probs"":{""away"":0.5,""home"":0.5405},""source"":""median_complete_book_no_vig""},""books"":[{""book"":""FanDuel"",""fair_probs"":{""away"":0.4844,""home"":0.5156},""hold"":0.0427,""last_update"":""2026-04-06T13:02:03Z"",""outcomes"":{""away"":1.98,""home"":1.86},""raw_probs"":{""away"":0.5051,""home"":0.5376}},{""book"":""BetOnline.ag"",""fair_probs"":{""away"":0.4731,""home"":0.5269},""hold"":0.026,""last_update"":""2026-04-06T13:01:52Z"",""outcomes"":{""away"":2.06,""home"":1.85},""raw_probs"":{""away"":0.4854,""home"":0.5405}},{""book"":""LowVig.ag"",""fair_probs"":{""away"":0.4731,""home"":0.5269},""hold"":0.026,""last_update"":""2026-04-06T13:01:50Z"",""outcomes"":{""away"":2.06,""home"":1.85},""raw_probs"":{""away"":0.4854,""home"":0.5405}},{""book"":""MyBookie.ag"",""fair_probs"":{""away"":0.4805,""home"":0.5195},""hold"":0.0405,""last_update"":""2026-04-06T13:00:21Z"",""outcomes"":{""away"":2.0,""home"":1.85},""raw_probs"":{""away"":0.5,""home"":0.5405}},{""book"":""BetMGM"",""fair_probs"":{""away"":0.4778,""home"":0.5222},""hold"":0.0464,""last_update"":""2026-04-06T13:01:07Z"",""outcomes"":{""away"":2.0,""home"":1.83},""raw_probs"":{""away"":0.5,""home"":0.5464}},{""book"":""DraftKings"",""fair_probs"":{""away"":0.4778,""home"":0.5222},""hold"":0.0464,""last_update"":""2026-04-06T13:01:31Z"",""outcomes"":{""away"":2.0,""home"":1.83},""raw_probs"":{""away"":0.5,""home"":0.5464}},{""book"":""BetUS"",""fair_probs"":{""away"":0.4719,""home"":0.5281},""hold"":0.0236,""last_update"":""2026-04-06T13:01:51Z"",""outcomes"":{""away"":2.07,""home"":1.85},""raw_probs"":{""away"":0.4831,""home"":0.5405}},{""book"":""BetRivers"",""fair_probs"":{""away"":0.4921,""home"":0.5079},""hold"":0.0529,""last_update"":""2026-04-06T13:01:53Z"",""outcomes"":{""away"":1.93,""home"":1.87},""raw_probs"":{""away"":0.5181,""home"":0.5348}},{""book"":""Bovada"",""fair_probs"":{""away"":0.4766,""home"":0.5234},""hold"":0.044,""last_update"":""2026-04-06T12:58:16Z"",""outcomes"":{""away"":2.01,""home"":1.83},""raw_probs"":{""away"":0.4975,""home"":0.5464}}],""execution_prices"":{""away"":2.07,""home"":1.87}},""matchday"":null,""model_prob"":0.6194,""model_probs"":{""away"":0.3806,""home"":0.6194},""neutral"":false,""pick"":""home"",""qualitative_analysis"":{""away_impact"":-3.0,""away_team"":""Cubs"",""home_impact"":-0.5,""home_team"":""Rays"",""individual_factors"":[{""confidence"":0.9,""description"":""Starting pitcher Ryan Pepiot is on the 15-Day IL, impacting rotation depth."",""direction"":""negative"",""magnitude"":0.5,""team"":""Rays""},{""confidence"":0.7,""description"":""Multiple other players (Rooney, Driscoll, Lux, Vernon) are out or day-to-day, affecting overall team depth."",""direction"":""negative"",""magnitude"":0.5,""team"":""Rays""},{""confidence"":0.9,""description"":""Key offensive player Seiya Suzuki is on the 10-Day IL, significantly weakening the lineup."",""direction"":""negative"",""magnitude"":2.5,""team"":""Cubs""},{""confidence"":0.9,""description"":""Pitchers Jordan Wicks and Cade Horton are on the 15-Day IL, impacting pitching depth."",""direction"":""negative"",""magnitude"":0.5,""team"":""Cubs""},{""confidence"":0.7,""description"":""Multiple other players (Brigham, Thornton) are day-to-day, affecting overall team depth."",""direction"":""negative"",""magnitude"":0.5,""team"":""Cubs""}],""net_qualitative_edge"":""home"",""sport"":""mlb"",""summary"":""The Cubs face a significant negative impact with key offensive player Seiya Suzuki on the IL, while the Rays have minor depth concerns.""},""qualitative_summary"":""Qualitative (H:-0.5 A:-3.0): agreed. Starting pitcher Ryan Pepiot is on the 15-Day IL, impacting rotation depth.; Multiple other players (Rooney, Driscoll, Lux, Vernon) are out or day-to-day, affecting overall team depth."",""run_id"":""daily-20260406T125806492257Z"",""run_type"":""daily"",""snapshot_path"":""tracking/snapshots/2026-04-06/mlb/daily-20260406T125806492257Z.json"",""snapshot_timestamp"":""2026-04-06T12:58:06Z"",""start_time"":""2026-04-06T20:10Z"",""weather"":{""precipitation_probability"":null,""temperature_f"":null,""weather_exposed"":false,""wind_mph"":null}}","{""pick_type"":""slop_lock"",""publication_guard"":{""allow_moneyline"":true,""allow_totals"":true,""enforced"":true,""evaluated_picks"":68,""evaluated_totals_picks"":27,""min_evaluated_picks"":20,""min_evaluated_totals_picks"":10,""reason"":null,""status"":""live""},""selection_config"":{""additional_confidence_floor"":48,""confidence_dropoff"":6,""edge_floor"":0.015,""max_picks"":4,""min_expected_value"":0.0,""probability_floor"":0.52}}"
2026-04-06T13:05:22Z,daily-20260406T125806492257Z,daily,2026-04-06T12:58:06Z,tracking/snapshots/2026-04-06/mlb/daily-20260406T125806492257Z.json,mlb,slop_lock,moneyline,Giants,Phillies,2026-04-06,2026-04-07T01:45Z,home,,,,0.5735,0.4783,0.5,0.0952,0.1757,105,2.05,71.3,0.1674,0.0335,median_complete_book_no_vig,9,0.0427,live,,True,68,27,109,0.0,0.015,0.52,48,6,4,"{""benchmark"":{""books_tracked"":9,""fair_probs"":{""away"":0.5217,""home"":0.4783},""hold"":0.0427,""raw_probs"":{""away"":0.5376,""home"":0.5},""source"":""median_complete_book_no_vig""},""books"":[{""book"":""FanDuel"",""fair_probs"":{""away"":0.5156,""home"":0.4844},""hold"":0.0427,""last_update"":""2026-04-06T13:02:03Z"",""outcomes"":{""away"":1.86,""home"":1.98},""raw_probs"":{""away"":0.5376,""home"":0.5051}},{""book"":""DraftKings"",""fair_probs"":{""away"":0.5222,""home"":0.4778},""hold"":0.0464,""last_update"":""2026-04-06T13:01:31Z"",""outcomes"":{""away"":1.83,""home"":2.0},""raw_probs"":{""away"":0.5464,""home"":0.5}},{""book"":""BetMGM"",""fair_probs"":{""away"":0.5105,""home"":0.4895},""hold"":0.0476,""last_update"":""2026-04-06T13:01:07Z"",""outcomes"":{""away"":1.87,""home"":1.95},""raw_probs"":{""away"":0.5348,""home"":0.5128}},{""book"":""BetRivers"",""fair_probs"":{""away"":0.5106,""home"":0.4894},""hold"":0.0587,""last_update"":""2026-04-06T13:01:53Z"",""outcomes"":{""away"":1.85,""home"":1.93},""raw_probs"":{""away"":0.5405,""home"":0.5181}},{""book"":""LowVig.ag"",""fair_probs"":{""away"":0.5217,""home"":0.4783},""hold"":0.025,""last_update"":""2026-04-06T13:01:50Z"",""outcomes"":{""away"":1.87,""home"":2.04},""raw_probs"":{""away"":0.5348,""home"":0.4902}},{""book"":""BetOnline.ag"",""fair_probs"":{""away"":0.5217,""home"":0.4783},""hold"":0.025,""last_update"":""2026-04-06T13:01:52Z"",""outcomes"":{""away"":1.87,""home"":2.04},""raw_probs"":{""away"":0.5348,""home"":0.4902}},{""book"":""MyBookie.ag"",""fair_probs"":{""away"":0.5195,""home"":0.4805},""hold"":0.0405,""last_update"":""2026-04-06T13:00:21Z"",""outcomes"":{""away"":1.85,""home"":2.0},""raw_probs"":{""away"":0.5405,""home"":0.5}},{""book"":""BetUS"",""fair_probs"":{""away"":0.523,""home"":0.477},""hold"":0.0226,""last_update"":""2026-04-06T13:01:51Z"",""outcomes"":{""away"":1.87,""home"":2.05},""raw_probs"":{""away"":0.5348,""home"":0.4878}},{""book"":""Bovada"",""fair_probs"":{""away"":0.5222,""home"":0.4778},""hold"":0.0464,""last_update"":""2026-04-06T12:58:16Z"",""outcomes"":{""away"":1.83,""home"":2.0},""raw_probs"":{""away"":0.5464,""home"":0.5}}],""execution_prices"":{""away"":1.87,""home"":2.05}}","{""away"":0.363,""home"":0.637}","{""bullpen_features"":{""away"":0.3982,""home"":0.6018},""elo"":{""away"":0.4795,""home"":0.5205},""handedness_features"":{""away"":0.3223,""home"":0.6777},""pitcher_features"":{""away"":0.405,""home"":0.595},""results_features"":{""away"":0.4017,""home"":0.5983},""run_environment"":{""away"":0.3289,""home"":0.6711}}","{""american_odds"":105,""away_availability_profile"":null,""away_bullpen_tax"":0.127,""away_goalie"":null,""away_goalie_status"":null,""away_injury_profile"":null,""away_lineup_profile"":{""active_hitters"":13,""available_hitters"":13,""injured_hitters"":0,""key_bat_absence_score"":0.0,""leader_absence_burden"":0.0,""left_handed_batters"":5,""lefty_share"":0.3846,""right_handed_batters"":8,""righty_share"":0.6154,""switch_hitters"":0,""switch_share"":0.0},""away_pitcher"":""Andrew Painter"",""away_pitcher_hand"":""R"",""away_team"":""Phillies"",""best_odds"":{""away"":-115,""home"":105},""completed"":false,""confidence_score"":71.3,""confidence_stars"":3,""date"":""2026-04-06"",""edge"":0.0952,""edges"":{""away"":{""american_odds"":-115,""confidence_score"":12.6,""decimal_odds"":1.87,""edge"":-0.0952,""expected_value"":-0.2025,""fractional_kelly"":0.0,""hold"":0.0427,""implied_prob"":0.5217,""is_value"":false,""kelly_fraction"":0.0,""market_books"":9,""market_implied_prob"":0.5376,""market_source"":""median_complete_book_no_vig"",""model_prob"":0.4265,""raw_model_prob"":0.363,""unrealistic_flag"":false},""home"":{""american_odds"":105,""confidence_score"":71.3,""decimal_odds"":2.05,""edge"":0.0952,""expected_value"":0.1757,""fractional_kelly"":0.0335,""hold"":0.0427,""implied_prob"":0.4783,""is_value"":true,""kelly_fraction"":0.1674,""market_books"":9,""market_implied_prob"":0.5,""market_source"":""median_complete_book_no_vig"",""model_prob"":0.5735,""raw_model_prob"":0.637,""unrealistic_flag"":false}},""expected_value"":0.1757,""fractional_kelly"":0.0335,""home_availability_profile"":null,""home_bullpen_tax"":0.86,""home_goalie"":null,""home_goalie_status"":null,""home_injury_profile"":null,""home_lineup_profile"":{""active_hitters"":13,""available_hitters"":13,""injured_hitters"":0,""key_bat_absence_score"":0.0,""leader_absence_burden"":0.0,""left_handed_batters"":3,""lefty_share"":0.2308,""right_handed_batters"":10,""righty_share"":0.7692,""switch_hitters"":0,""switch_share"":0.0},""home_pitcher"":""Adrian Houser"",""home_pitcher_hand"":""R"",""home_team"":""Giants"",""individual_models"":{""bullpen_features"":{""away"":0.3982,""home"":0.6018},""elo"":{""away"":0.4795,""home"":0.5205},""handedness_features"":{""away"":0.3223,""home"":0.6777},""pitcher_features"":{""away"":0.405,""home"":0.595},""results_features"":{""away"":0.4017,""home"":0.5983},""run_environment"":{""away"":0.3289,""home"":0.6711}},""kelly_fraction"":0.1674,""market_snapshot"":{""benchmark"":{""books_tracked"":9,""fair_probs"":{""away"":0.5217,""home"":0.4783},""hold"":0.0427,""raw_probs"":{""away"":0.5376,""home"":0.5},""source"":""median_complete_book_no_vig""},""books"":[{""book"":""FanDuel"",""fair_probs"":{""away"":0.5156,""home"":0.4844},""hold"":0.0427,""last_update"":""2026-04-06T13:02:03Z"",""outcomes"":{""away"":1.86,""home"":1.98},""raw_probs"":{""away"":0.5376,""home"":0.5051}},{""book"":""DraftKings"",""fair_probs"":{""away"":0.5222,""home"":0.4778},""hold"":0.0464,""last_update"":""2026-04-06T13:01:31Z"",""outcomes"":{""away"":1.83,""home"":2.0},""raw_probs"":{""away"":0.5464,""home"":0.5}},{""book"":""BetMGM"",""fair_probs"":{""away"":0.5105,""home"":0.4895},""hold"":0.0476,""last_update"":""2026-04-06T13:01:07Z"",""outcomes"":{""away"":1.87,""home"":1.95},""raw_probs"":{""away"":0.5348,""home"":0.5128}},{""book"":""BetRivers"",""fair_probs"":{""away"":0.5106,""home"":0.4894},""hold"":0.0587,""last_update"":""2026-04-06T13:01:53Z"",""outcomes"":{""away"":1.85,""home"":1.93},""raw_probs"":{""away"":0.5405,""home"":0.5181}},{""book"":""LowVig.ag"",""fair_probs"":{""away"":0.5217,""home"":0.4783},""hold"":0.025,""last_update"":""2026-04-06T13:01:50Z"",""outcomes"":{""away"":1.87,""home"":2.04},""raw_probs"":{""away"":0.5348,""home"":0.4902}},{""book"":""BetOnline.ag"",""fair_probs"":{""away"":0.5217,""home"":0.4783},""hold"":0.025,""last_update"":""2026-04-06T13:01:52Z"",""outcomes"":{""away"":1.87,""home"":2.04},""raw_probs"":{""away"":0.5348,""home"":0.4902}},{""book"":""MyBookie.ag"",""fair_probs"":{""away"":0.5195,""home"":0.4805},""hold"":0.0405,""last_update"":""2026-04-06T13:00:21Z"",""outcomes"":{""away"":1.85,""home"":2.0},""raw_probs"":{""away"":0.5405,""home"":0.5}},{""book"":""BetUS"",""fair_probs"":{""away"":0.523,""home"":0.477},""hold"":0.0226,""last_update"":""2026-04-06T13:01:51Z"",""outcomes"":{""away"":1.87,""home"":2.05},""raw_probs"":{""away"":0.5348,""home"":0.4878}},{""book"":""Bovada"",""fair_probs"":{""away"":0.5222,""home"":0.4778},""hold"":0.0464,""last_update"":""2026-04-06T12:58:16Z"",""outcomes"":{""away"":1.83,""home"":2.0},""raw_probs"":{""away"":0.5464,""home"":0.5}}],""execution_prices"":{""away"":1.87,""home"":2.05}},""matchday"":null,""model_prob"":0.637,""model_probs"":{""away"":0.363,""home"":0.637},""neutral"":false,""pick"":""home"",""qualitative_analysis"":{""away_impact"":-4.0,""away_team"":""Phillies"",""home_impact"":-1.0,""home_team"":""Giants"",""individual_factors"":[{""confidence"":0.7,""description"":""Day-to-day status for regular infielder Casey Schmitt creates minor uncertainty and potential lineup disruption."",""direction"":""negative"",""magnitude"":0.5,""team"":""Giants""},{""confidence"":0.8,""description"":""Multiple depth players and relievers (Peguero, Hentges, Harber, Sanmartin) on IL or out, slightly thinning roster depth."",""direction"":""negative"",""magnitude"":0.5,""team"":""Giants""},{""confidence"":1.0,""description"":""Ace starting pitcher Zack Wheeler on 15-Day IL, representing a major downgrade to the starting rotation."",""direction"":""negative"",""magnitude"":3.5,""team"":""Phillies""},{""confidence"":0.8,""description"":""Multiple relievers and depth players (Kerkering, Lazar, Bechtold, Mercado) on IL or day-to-day, slightly impacting bullpen and bench depth."",""direction"":""negative"",""magnitude"":0.5,""team"":""Phillies""}],""net_qualitative_edge"":""home"",""sport"":""mlb"",""summary"":""The Phillies face a major negative impact due to the absence of ace pitcher Zack Wheeler, while the Giants have minor depth concerns.""},""qualitative_summary"":""Qualitative (H:-1.0 A:-4.0): agreed. Day-to-day status for regular infielder Casey Schmitt creates minor uncertainty and potential lineup disruption.; Multiple depth players and relievers (Peguero, Hentges, Harber, Sanmartin) on IL or out, slightly thinning roster depth."",""run_id"":""daily-20260406T125806492257Z"",""run_type"":""daily"",""snapshot_path"":""tracking/snapshots/2026-04-06/mlb/daily-20260406T125806492257Z.json"",""snapshot_timestamp"":""2026-04-06T12:58:06Z"",""start_time"":""2026-04-07T01:45Z"",""weather"":{""weather_exposed"":true}}","{""pick_type"":""slop_lock"",""publication_guard"":{""allow_moneyline"":true,""allow_totals"":true,""enforced"":true,""evaluated_picks"":68,""evaluated_totals_picks"":27,""min_evaluated_picks"":20,""min_evaluated_totals_picks"":10,""reason"":null,""status"":""live""},""selection_config"":{""additional_confidence_floor"":48,""confidence_dropoff"":6,""edge_floor"":0.015,""max_picks"":4,""min_expected_value"":0.0,""probability_floor"":0.52}}"
2026-04-06T13:05:22Z,daily-20260406T125806492257Z,daily,2026-04-06T12:58:06Z,tracking/snapshots/2026-04-06/mlb/daily-20260406T125806492257Z.json,mlb,total_lock,total,Angels,Braves,2026-04-06,2026-04-07T01:38Z,over,7.5,10.206,6.233,0.6076,0.517,0.5405,0.0906,0.1361,-115,1.87,80.8,0.1565,0.0313,median_complete_book_no_vig,9,0.0464,live,,True,68,27,109,0.0,0.02,0.53,54,,3,"{""benchmark"":{""books_tracked"":9,""fair_probs"":{""over"":0.517,""under"":0.483},""hold"":0.0464,""raw_probs"":{""over"":0.5405,""under"":0.5051},""source"":""median_complete_book_no_vig""},""books"":[{""book"":""FanDuel"",""fair_probs"":{""over"":0.5105,""under"":0.4895},""hold"":0.0476,""last_update"":""2026-04-06T13:02:03Z"",""outcomes"":{""over"":1.87,""under"":1.95},""raw_probs"":{""over"":0.5348,""under"":0.5128}},{""book"":""BetMGM"",""fair_probs"":{""over"":0.517,""under"":0.483},""hold"":0.0456,""last_update"":""2026-04-06T13:01:07Z"",""outcomes"":{""over"":1.85,""under"":1.98},""raw_probs"":{""over"":0.5405,""under"":0.5051}},{""book"":""DraftKings"",""fair_probs"":{""over"":0.5105,""under"":0.4895},""hold"":0.0476,""last_update"":""2026-04-06T13:01:31Z"",""outcomes"":{""over"":1.87,""under"":1.95},""raw_probs"":{""over"":0.5348,""under"":0.5128}},{""book"":""BetRivers"",""fair_probs"":{""over"":0.5159,""under"":0.4841},""hold"":0.0593,""last_update"":""2026-04-06T13:01:53Z"",""outcomes"":{""over"":1.83,""under"":1.95},""raw_probs"":{""over"":0.5464,""under"":0.5128}},{""book"":""BetOnline.ag"",""fair_probs"":{""over"":0.517,""under"":0.483},""hold"":0.0456,""last_update"":""2026-04-06T13:01:52Z"",""outcomes"":{""over"":1.85,""under"":1.98},""raw_probs"":{""over"":0.5405,""under"":0.5051}},{""book"":""LowVig.ag"",""fair_probs"":{""over"":0.5194,""under"":0.4806},""hold"":0.0351,""last_update"":""2026-04-06T13:01:50Z"",""outcomes"":{""over"":1.86,""under"":2.01},""raw_probs"":{""over"":0.5376,""under"":0.4975}},{""book"":""MyBookie.ag"",""fair_probs"":{""over"":0.5171,""under"":0.4829},""hold"":0.0511,""last_update"":""2026-04-06T13:00:21Z"",""outcomes"":{""over"":1.84,""under"":1.97},""raw_probs"":{""over"":0.5435,""under"":0.5076}},{""book"":""BetUS"",""fair_probs"":{""over"":0.5222,""under"":0.4778},""hold"":0.0464,""last_update"":""2026-04-06T13:01:51Z"",""outcomes"":{""over"":1.83,""under"":2.0},""raw_probs"":{""over"":0.5464,""under"":0.5}},{""book"":""Bovada"",""fair_probs"":{""over"":0.5222,""under"":0.4778},""hold"":0.0464,""last_update"":""2026-04-06T12:58:16Z"",""outcomes"":{""over"":1.83,""under"":2.0},""raw_probs"":{""over"":0.5464,""under"":0.5}}],""execution_prices"":{""over"":1.87,""under"":2.01},""line"":7.5}","{""over"":0.6679,""under"":0.3321}","{""totals_model"":{""over"":0.6679,""under"":0.3321}}","{""american_odds"":-115,""away_bullpen_tax"":0.508,""away_lineup_profile"":{""active_hitters"":13,""available_hitters"":13,""injured_hitters"":0,""key_bat_absence_score"":0.0,""leader_absence_burden"":0.0,""left_handed_batters"":5,""lefty_share"":0.3846,""right_handed_batters"":8,""righty_share"":0.6154,""switch_hitters"":0,""switch_share"":0.0},""away_pitcher"":""Chris Sale"",""away_team"":""Braves"",""completed"":false,""confidence_score"":80.8,""date"":""2026-04-06"",""edges"":{""over"":{""american_odds"":-115,""confidence_score"":80.8,""decimal_odds"":1.87,""edge"":0.0906,""expected_value"":0.1361,""fractional_kelly"":0.0313,""hold"":0.0464,""implied_prob"":0.517,""is_value"":true,""kelly_fraction"":0.1565,""market_books"":9,""market_implied_prob"":0.5405,""market_source"":""median_complete_book_no_vig"",""model_prob"":0.6076,""raw_model_prob"":0.6679,""unrealistic_flag"":false},""under"":{""american_odds"":101,""confidence_score"":14.1,""decimal_odds"":2.01,""edge"":-0.0906,""expected_value"":-0.2112,""fractional_kelly"":0.0,""hold"":0.0464,""implied_prob"":0.483,""is_value"":false,""kelly_fraction"":0.0,""market_books"":9,""market_implied_prob"":0.5051,""market_source"":""median_complete_book_no_vig"",""model_prob"":0.3924,""raw_model_prob"":0.3321,""unrealistic_flag"":false}},""expected_total"":10.206,""home_bullpen_tax"":1.234,""home_lineup_profile"":{""active_hitters"":13,""available_hitters"":13,""injured_hitters"":0,""key_bat_absence_score"":0.0,""leader_absence_burden"":0.0,""left_handed_batters"":3,""lefty_share"":0.2308,""right_handed_batters"":10,""righty_share"":0.7692,""switch_hitters"":0,""switch_share"":0.0},""home_pitcher"":""Jose Soriano"",""home_team"":""Angels"",""individual_models"":{""totals_model"":{""over"":0.6679,""under"":0.3321}},""market_snapshot"":{""benchmark"":{""books_tracked"":9,""fair_probs"":{""over"":0.517,""under"":0.483},""hold"":0.0464,""raw_probs"":{""over"":0.5405,""under"":0.5051},""source"":""median_complete_book_no_vig""},""books"":[{""book"":""FanDuel"",""fair_probs"":{""over"":0.5105,""under"":0.4895},""hold"":0.0476,""last_update"":""2026-04-06T13:02:03Z"",""outcomes"":{""over"":1.87,""under"":1.95},""raw_probs"":{""over"":0.5348,""under"":0.5128}},{""book"":""BetMGM"",""fair_probs"":{""over"":0.517,""under"":0.483},""hold"":0.0456,""last_update"":""2026-04-06T13:01:07Z"",""outcomes"":{""over"":1.85,""under"":1.98},""raw_probs"":{""over"":0.5405,""under"":0.5051}},{""book"":""DraftKings"",""fair_probs"":{""over"":0.5105,""under"":0.4895},""hold"":0.0476,""last_update"":""2026-04-06T13:01:31Z"",""outcomes"":{""over"":1.87,""under"":1.95},""raw_probs"":{""over"":0.5348,""under"":0.5128}},{""book"":""BetRivers"",""fair_probs"":{""over"":0.5159,""under"":0.4841},""hold"":0.0593,""last_update"":""2026-04-06T13:01:53Z"",""outcomes"":{""over"":1.83,""under"":1.95},""raw_probs"":{""over"":0.5464,""under"":0.5128}},{""book"":""BetOnline.ag"",""fair_probs"":{""over"":0.517,""under"":0.483},""hold"":0.0456,""last_update"":""2026-04-06T13:01:52Z"",""outcomes"":{""over"":1.85,""under"":1.98},""raw_probs"":{""over"":0.5405,""under"":0.5051}},{""book"":""LowVig.ag"",""fair_probs"":{""over"":0.5194,""under"":0.4806},""hold"":0.0351,""last_update"":""2026-04-06T13:01:50Z"",""outcomes"":{""over"":1.86,""under"":2.01},""raw_probs"":{""over"":0.5376,""under"":0.4975}},{""book"":""MyBookie.ag"",""fair_probs"":{""over"":0.5171,""under"":0.4829},""hold"":0.0511,""last_update"":""2026-04-06T13:00:21Z"",""outcomes"":{""over"":1.84,""under"":1.97},""raw_probs"":{""over"":0.5435,""under"":0.5076}},{""book"":""BetUS"",""fair_probs"":{""over"":0.5222,""under"":0.4778},""hold"":0.0464,""last_update"":""2026-04-06T13:01:51Z"",""outcomes"":{""over"":1.83,""under"":2.0},""raw_probs"":{""over"":0.5464,""under"":0.5}},{""book"":""Bovada"",""fair_probs"":{""over"":0.5222,""under"":0.4778},""hold"":0.0464,""last_update"":""2026-04-06T12:58:16Z"",""outcomes"":{""over"":1.83,""under"":2.0},""raw_probs"":{""over"":0.5464,""under"":0.5}}],""execution_prices"":{""over"":1.87,""under"":2.01},""line"":7.5},""market_type"":""total"",""model_prob"":0.6679,""model_probs"":{""over"":0.6679,""under"":0.3321},""pick"":""over"",""run_id"":""daily-20260406T125806492257Z"",""run_type"":""daily"",""snapshot_path"":""tracking/snapshots/2026-04-06/mlb/daily-20260406T125806492257Z.json"",""snapshot_timestamp"":""2026-04-06T12:58:06Z"",""start_time"":""2026-04-07T01:38Z"",""total_line"":7.5,""total_stddev"":6.233,""weather"":{""weather_exposed"":true}}","{""pick_type"":""total_lock"",""publication_guard"":{""allow_moneyline"":true,""allow_totals"":true,""enforced"":true,""evaluated_picks"":68,""evaluated_totals_picks"":27,""min_evaluated_picks"":20,""min_evaluated_totals_picks"":10,""reason"":null,""status"":""live""},""selection_config"":{""confidence_floor"":54,""edge_floor"":0.02,""max_picks"":3,""min_expected_value"":0.0,""probability_floor"":0.53}}"
2026-04-06T13:05:22Z,daily-20260406T125806492257Z,daily,2026-04-06T12:58:06Z,tracking/snapshots/2026-04-06/mlb/daily-20260406T125806492257Z.json,mlb,total_lock,total,Twins,Tigers,2026-04-06,2026-04-06T23:40Z,over,7.0,9.763,6.233,0.6069,0.5105,0.5348,0.0964,0.1592,-110,1.91,80.7,0.175,0.035,median_complete_book_no_vig,9,0.0476,live,,True,68,27,109,0.0,0.02,0.53,54,,3,"{""benchmark"":{""books_tracked"":9,""fair_probs"":{""over"":0.5105,""under"":0.4895},""hold"":0.0476,""raw_probs"":{""over"":0.5348,""under"":0.5128},""source"":""median_complete_book_no_vig""},""books"":[{""book"":""FanDuel"",""fair_probs"":{""over"":0.5105,""under"":0.4895},""hold"":0.0476,""last_update"":""2026-04-06T13:02:03Z"",""outcomes"":{""over"":1.87,""under"":1.95},""raw_probs"":{""over"":0.5348,""under"":0.5128}},{""book"":""BetOnline.ag"",""fair_probs"":{""over"":0.5066,""under"":0.4934},""hold"":0.05,""last_update"":""2026-04-06T13:01:52Z"",""outcomes"":{""over"":1.88,""under"":1.93},""raw_probs"":{""over"":0.5319,""under"":0.5181}},{""book"":""LowVig.ag"",""fair_probs"":{""over"":0.5065,""under"":0.4935},""hold"":0.0338,""last_update"":""2026-04-06T13:01:50Z"",""outcomes"":{""over"":1.91,""under"":1.96},""raw_probs"":{""over"":0.5236,""under"":0.5102}},{""book"":""BetUS"",""fair_probs"":{""over"":0.5105,""under"":0.4895},""hold"":0.0476,""last_update"":""2026-04-06T13:01:51Z"",""outcomes"":{""over"":1.87,""under"":1.95},""raw_probs"":{""over"":0.5348,""under"":0.5128}},{""book"":""DraftKings"",""fair_probs"":{""over"":0.5105,""under"":0.4895},""hold"":0.0476,""last_update"":""2026-04-06T13:01:31Z"",""outcomes"":{""over"":1.87,""under"":1.95},""raw_probs"":{""over"":0.5348,""under"":0.5128}},{""book"":""BetMGM"",""fair_probs"":{""over"":0.517,""under"":0.483},""hold"":0.0456,""last_update"":""2026-04-06T13:01:07Z"",""outcomes"":{""over"":1.85,""under"":1.98},""raw_probs"":{""over"":0.5405,""under"":0.5051}},{""book"":""MyBookie.ag"",""fair_probs"":{""over"":0.5118,""under"":0.4882},""hold"":0.0505,""last_update"":""2026-04-06T13:00:21Z"",""outcomes"":{""over"":1.86,""under"":1.95},""raw_probs"":{""over"":0.5376,""under"":0.5128}},{""book"":""BetRivers"",""fair_probs"":{""over"":0.5079,""under"":0.4921},""hold"":0.0529,""last_update"":""2026-04-06T13:01:53Z"",""outcomes"":{""over"":1.87,""under"":1.93},""raw_probs"":{""over"":0.5348,""under"":0.5181}},{""book"":""Bovada"",""fair_probs"":{""over"":0.5222,""under"":0.4778},""hold"":0.0464,""last_update"":""2026-04-06T12:58:16Z"",""outcomes"":{""over"":1.83,""under"":2.0},""raw_probs"":{""over"":0.5464,""under"":0.5}}],""execution_prices"":{""over"":1.91,""under"":2.0},""line"":7.0}","{""over"":0.6712,""under"":0.3288}","{""totals_model"":{""over"":0.6712,""under"":0.3288}}","{""american_odds"":-110,""away_bullpen_tax"":0.565,""away_lineup_profile"":{""active_hitters"":13,""available_hitters"":13,""injured_hitters"":0,""key_bat_absence_score"":0.0,""leader_absence_burden"":0.0,""left_handed_batters"":6,""lefty_share"":0.4615,""right_handed_batters"":7,""righty_share"":0.5385,""switch_hitters"":0,""switch_share"":0.0},""away_pitcher"":""Casey Mize"",""away_team"":""Tigers"",""completed"":false,""confidence_score"":80.7,""date"":""2026-04-06"",""edges"":{""over"":{""american_odds"":-110,""confidence_score"":80.7,""decimal_odds"":1.91,""edge"":0.0964,""expected_value"":0.1592,""fractional_kelly"":0.035,""hold"":0.0476,""implied_prob"":0.5105,""is_value"":true,""kelly_fraction"":0.175,""market_books"":9,""market_implied_prob"":0.5348,""market_source"":""median_complete_book_no_vig"",""model_prob"":0.6069,""raw_model_prob"":0.6712,""unrealistic_flag"":false},""under"":{""american_odds"":100,""confidence_score"":14.1,""decimal_odds"":2.0,""edge"":-0.0964,""expected_value"":-0.2139,""fractional_kelly"":0.0,""hold"":0.0476,""implied_prob"":0.4895,""is_value"":false,""kelly_fraction"":0.0,""market_books"":9,""market_implied_prob"":0.5128,""market_source"":""median_complete_book_no_vig"",""model_prob"":0.3931,""raw_model_prob"":0.3288,""unrealistic_flag"":false}},""expected_total"":9.763,""home_bullpen_tax"":0.678,""home_lineup_profile"":{""active_hitters"":13,""available_hitters"":13,""injured_hitters"":0,""key_bat_absence_score"":0.0,""leader_absence_burden"":0.0,""left_handed_batters"":5,""lefty_share"":0.3846,""right_handed_batters"":8,""righty_share"":0.6154,""switch_hitters"":0,""switch_share"":0.0},""home_pitcher"":""Joe Ryan"",""home_team"":""Twins"",""individual_models"":{""totals_model"":{""over"":0.6712,""under"":0.3288}},""market_snapshot"":{""benchmark"":{""books_tracked"":9,""fair_probs"":{""over"":0.5105,""under"":0.4895},""hold"":0.0476,""raw_probs"":{""over"":0.5348,""under"":0.5128},""source"":""median_complete_book_no_vig""},""books"":[{""book"":""FanDuel"",""fair_probs"":{""over"":0.5105,""under"":0.4895},""hold"":0.0476,""last_update"":""2026-04-06T13:02:03Z"",""outcomes"":{""over"":1.87,""under"":1.95},""raw_probs"":{""over"":0.5348,""under"":0.5128}},{""book"":""BetOnline.ag"",""fair_probs"":{""over"":0.5066,""under"":0.4934},""hold"":0.05,""last_update"":""2026-04-06T13:01:52Z"",""outcomes"":{""over"":1.88,""under"":1.93},""raw_probs"":{""over"":0.5319,""under"":0.5181}},{""book"":""LowVig.ag"",""fair_probs"":{""over"":0.5065,""under"":0.4935},""hold"":0.0338,""last_update"":""2026-04-06T13:01:50Z"",""outcomes"":{""over"":1.91,""under"":1.96},""raw_probs"":{""over"":0.5236,""under"":0.5102}},{""book"":""BetUS"",""fair_probs"":{""over"":0.5105,""under"":0.4895},""hold"":0.0476,""last_update"":""2026-04-06T13:01:51Z"",""outcomes"":{""over"":1.87,""under"":1.95},""raw_probs"":{""over"":0.5348,""under"":0.5128}},{""book"":""DraftKings"",""fair_probs"":{""over"":0.5105,""under"":0.4895},""hold"":0.0476,""last_update"":""2026-04-06T13:01:31Z"",""outcomes"":{""over"":1.87,""under"":1.95},""raw_probs"":{""over"":0.5348,""under"":0.5128}},{""book"":""BetMGM"",""fair_probs"":{""over"":0.517,""under"":0.483},""hold"":0.0456,""last_update"":""2026-04-06T13:01:07Z"",""outcomes"":{""over"":1.85,""under"":1.98},""raw_probs"":{""over"":0.5405,""under"":0.5051}},{""book"":""MyBookie.ag"",""fair_probs"":{""over"":0.5118,""under"":0.4882},""hold"":0.0505,""last_update"":""2026-04-06T13:00:21Z"",""outcomes"":{""over"":1.86,""under"":1.95},""raw_probs"":{""over"":0.5376,""under"":0.5128}},{""book"":""BetRivers"",""fair_probs"":{""over"":0.5079,""under"":0.4921},""hold"":0.0529,""last_update"":""2026-04-06T13:01:53Z"",""outcomes"":{""over"":1.87,""under"":1.93},""raw_probs"":{""over"":0.5348,""under"":0.5181}},{""book"":""Bovada"",""fair_probs"":{""over"":0.5222,""under"":0.4778},""hold"":0.0464,""last_update"":""2026-04-06T12:58:16Z"",""outcomes"":{""over"":1.83,""under"":2.0},""raw_probs"":{""over"":0.5464,""under"":0.5}}],""execution_prices"":{""over"":1.91,""under"":2.0},""line"":7.0},""market_type"":""total"",""model_prob"":0.6712,""model_probs"":{""over"":0.6712,""under"":0.3288},""pick"":""over"",""run_id"":""daily-20260406T125806492257Z"",""run_type"":""daily"",""snapshot_path"":""tracking/snapshots/2026-04-06/mlb/daily-20260406T125806492257Z.json"",""snapshot_timestamp"":""2026-04-06T12:58:06Z"",""start_time"":""2026-04-06T23:40Z"",""total_line"":7.0,""total_stddev"":6.233,""weather"":{""weather_exposed"":true}}","{""pick_type"":""total_lock"",""publication_guard"":{""allow_moneyline"":true,""allow_totals"":true,""enforced"":true,""evaluated_picks"":68,""evaluated_totals_picks"":27,""min_evaluated_picks"":20,""min_evaluated_totals_picks"":10,""reason"":null,""status"":""live""},""selection_config"":{""confidence_floor"":54,""edge_floor"":0.02,""max_picks"":3,""min_expected_value"":0.0,""probability_floor"":0.53}}"
2026-04-06T13:05:22Z,daily-20260406T125806492257Z,daily,2026-04-06T12:58:06Z,tracking/snapshots/2026-04-06/mlb/daily-20260406T125806492257Z.json,mlb,total_lock,total,Rangers,Mariners,2026-04-06,2026-04-07T00:05Z,over,7.5,10.232,6.233,0.5948,0.483,0.5051,0.1118,0.2016,102,2.02,79.0,0.1976,0.0395,median_complete_book_no_vig,9,0.0471,live,,True,68,27,109,0.0,0.02,0.53,54,,3,"{""benchmark"":{""books_tracked"":9,""fair_probs"":{""over"":0.483,""under"":0.517},""hold"":0.0471,""raw_probs"":{""over"":0.5051,""under"":0.5405},""source"":""median_complete_book_no_vig""},""books"":[{""book"":""FanDuel"",""fair_probs"":{""over"":0.4895,""under"":0.5105},""hold"":0.0476,""last_update"":""2026-04-06T13:02:03Z"",""outcomes"":{""over"":1.95,""under"":1.87},""raw_probs"":{""over"":0.5128,""under"":0.5348}},{""book"":""LowVig.ag"",""fair_probs"":{""over"":0.4806,""under"":0.5194},""hold"":0.0351,""last_update"":""2026-04-06T13:01:50Z"",""outcomes"":{""over"":2.01,""under"":1.86},""raw_probs"":{""over"":0.4975,""under"":0.5376}},{""book"":""BetOnline.ag"",""fair_probs"":{""over"":0.483,""under"":0.517},""hold"":0.0456,""last_update"":""2026-04-06T13:01:52Z"",""outcomes"":{""over"":1.98,""under"":1.85},""raw_probs"":{""over"":0.5051,""under"":0.5405}},{""book"":""BetUS"",""fair_probs"":{""over"":0.5,""under"":0.5},""hold"":0.0471,""last_update"":""2026-04-06T13:01:51Z"",""outcomes"":{""over"":1.91,""under"":1.91},""raw_probs"":{""over"":0.5236,""under"":0.5236}},{""book"":""DraftKings"",""fair_probs"":{""over"":0.483,""under"":0.517},""hold"":0.0456,""last_update"":""2026-04-06T13:01:31Z"",""outcomes"":{""over"":1.98,""under"":1.85},""raw_probs"":{""over"":0.5051,""under"":0.5405}},{""book"":""BetMGM"",""fair_probs"":{""over"":0.5,""under"":0.5},""hold"":0.0471,""last_update"":""2026-04-06T13:01:07Z"",""outcomes"":{""over"":1.91,""under"":1.91},""raw_probs"":{""over"":0.5236,""under"":0.5236}},{""book"":""MyBookie.ag"",""fair_probs"":{""over"":0.4791,""under"":0.5209},""hold"":0.049,""last_update"":""2026-04-06T13:00:21Z"",""outcomes"":{""over"":1.99,""under"":1.83},""raw_probs"":{""over"":0.5025,""under"":0.5464}},{""book"":""BetRivers"",""fair_probs"":{""over"":0.4712,""under"":0.5288},""hold"":0.0506,""last_update"":""2026-04-06T13:01:53Z"",""outcomes"":{""over"":2.02,""under"":1.8},""raw_probs"":{""over"":0.495,""under"":0.5556}},{""book"":""Bovada"",""fair_probs"":{""over"":0.4778,""under"":0.5222},""hold"":0.0464,""last_update"":""2026-04-06T12:58:16Z"",""outcomes"":{""over"":2.0,""under"":1.83},""raw_probs"":{""over"":0.5,""under"":0.5464}}],""execution_prices"":{""over"":2.02,""under"":1.91},""line"":7.5}","{""over"":0.6694,""under"":0.3306}","{""totals_model"":{""over"":0.6694,""under"":0.3306}}","{""american_odds"":102,""away_bullpen_tax"":0.709,""away_lineup_profile"":{""active_hitters"":13,""available_hitters"":13,""injured_hitters"":0,""key_bat_absence_score"":0.0,""leader_absence_burden"":0.0,""left_handed_batters"":5,""lefty_share"":0.3846,""right_handed_batters"":8,""righty_share"":0.6154,""switch_hitters"":0,""switch_share"":0.0},""away_pitcher"":""Logan Gilbert"",""away_team"":""Mariners"",""completed"":false,""confidence_score"":79.0,""date"":""2026-04-06"",""edges"":{""over"":{""american_odds"":102,""confidence_score"":79.0,""decimal_odds"":2.02,""edge"":0.1118,""expected_value"":0.2016,""fractional_kelly"":0.0395,""hold"":0.0471,""implied_prob"":0.483,""is_value"":true,""kelly_fraction"":0.1976,""market_books"":9,""market_implied_prob"":0.5051,""market_source"":""median_complete_book_no_vig"",""model_prob"":0.5948,""raw_model_prob"":0.6694,""unrealistic_flag"":false},""under"":{""american_odds"":-110,""confidence_score"":16.9,""decimal_odds"":1.91,""edge"":-0.1118,""expected_value"":-0.2261,""fractional_kelly"":0.0,""hold"":0.0471,""implied_prob"":0.517,""is_value"":false,""kelly_fraction"":0.0,""market_books"":9,""market_implied_prob"":0.5405,""market_source"":""median_complete_book_no_vig"",""model_prob"":0.4052,""raw_model_prob"":0.3306,""unrealistic_flag"":false}},""expected_total"":10.232,""home_bullpen_tax"":0.449,""home_lineup_profile"":{""active_hitters"":13,""available_hitters"":13,""injured_hitters"":0,""key_bat_absence_score"":0.0,""leader_absence_burden"":0.0,""left_handed_batters"":5,""lefty_share"":0.3846,""right_handed_batters"":8,""righty_share"":0.6154,""switch_hitters"":0,""switch_share"":0.0},""home_pitcher"":""Jacob deGrom"",""home_team"":""Rangers"",""individual_models"":{""totals_model"":{""over"":0.6694,""under"":0.3306}},""market_snapshot"":{""benchmark"":{""books_tracked"":9,""fair_probs"":{""over"":0.483,""under"":0.517},""hold"":0.0471,""raw_probs"":{""over"":0.5051,""under"":0.5405},""source"":""median_complete_book_no_vig""},""books"":[{""book"":""FanDuel"",""fair_probs"":{""over"":0.4895,""under"":0.5105},""hold"":0.0476,""last_update"":""2026-04-06T13:02:03Z"",""outcomes"":{""over"":1.95,""under"":1.87},""raw_probs"":{""over"":0.5128,""under"":0.5348}},{""book"":""LowVig.ag"",""fair_probs"":{""over"":0.4806,""under"":0.5194},""hold"":0.0351,""last_update"":""2026-04-06T13:01:50Z"",""outcomes"":{""over"":2.01,""under"":1.86},""raw_probs"":{""over"":0.4975,""under"":0.5376}},{""book"":""BetOnline.ag"",""fair_probs"":{""over"":0.483,""under"":0.517},""hold"":0.0456,""last_update"":""2026-04-06T13:01:52Z"",""outcomes"":{""over"":1.98,""under"":1.85},""raw_probs"":{""over"":0.5051,""under"":0.5405}},{""book"":""BetUS"",""fair_probs"":{""over"":0.5,""under"":0.5},""hold"":0.0471,""last_update"":""2026-04-06T13:01:51Z"",""outcomes"":{""over"":1.91,""under"":1.91},""raw_probs"":{""over"":0.5236,""under"":0.5236}},{""book"":""DraftKings"",""fair_probs"":{""over"":0.483,""under"":0.517},""hold"":0.0456,""last_update"":""2026-04-06T13:01:31Z"",""outcomes"":{""over"":1.98,""under"":1.85},""raw_probs"":{""over"":0.5051,""under"":0.5405}},{""book"":""BetMGM"",""fair_probs"":{""over"":0.5,""under"":0.5},""hold"":0.0471,""last_update"":""2026-04-06T13:01:07Z"",""outcomes"":{""over"":1.91,""under"":1.91},""raw_probs"":{""over"":0.5236,""under"":0.5236}},{""book"":""MyBookie.ag"",""fair_probs"":{""over"":0.4791,""under"":0.5209},""hold"":0.049,""last_update"":""2026-04-06T13:00:21Z"",""outcomes"":{""over"":1.99,""under"":1.83},""raw_probs"":{""over"":0.5025,""under"":0.5464}},{""book"":""BetRivers"",""fair_probs"":{""over"":0.4712,""under"":0.5288},""hold"":0.0506,""last_update"":""2026-04-06T13:01:53Z"",""outcomes"":{""over"":2.02,""under"":1.8},""raw_probs"":{""over"":0.495,""under"":0.5556}},{""book"":""Bovada"",""fair_probs"":{""over"":0.4778,""under"":0.5222},""hold"":0.0464,""last_update"":""2026-04-06T12:58:16Z"",""outcomes"":{""over"":2.0,""under"":1.83},""raw_probs"":{""over"":0.5,""under"":0.5464}}],""execution_prices"":{""over"":2.02,""under"":1.91},""line"":7.5},""market_type"":""total"",""model_prob"":0.6694,""model_probs"":{""over"":0.6694,""under"":0.3306},""pick"":""over"",""run_id"":""daily-20260406T125806492257Z"",""run_type"":""daily"",""snapshot_path"":""tracking/snapshots/2026-04-06/mlb/daily-20260406T125806492257Z.json"",""snapshot_timestamp"":""2026-04-06T12:58:06Z"",""start_time"":""2026-04-07T00:05Z"",""total_line"":7.5,""total_stddev"":6.233,""weather"":{""precipitation_probability"":null,""temperature_f"":null,""weather_exposed"":false,""wind_mph"":null}}","{""pick_type"":""total_lock"",""publication_guard"":{""allow_moneyline"":true,""allow_totals"":true,""enforced"":true,""evaluated_picks"":68,""evaluated_totals_picks"":27,""min_evaluated_picks"":20,""min_evaluated_totals_picks"":10,""reason"":null,""status"":""live""},""selection_config"":{""confidence_floor"":54,""edge_floor"":0.02,""max_picks"":3,""min_expected_value"":0.0,""probability_floor"":0.53}}"
2026-04-06T13:05:23Z,refresh-20260405T212833110457Z,refresh,2026-04-05T21:28:33Z,tracking/snapshots/2026-04-05/mlb/refresh-20260405T212833110457Z.json,mlb,slop_lock,moneyline,Nationals,Dodgers,2026-04-05,2026-04-05T17:35Z,home,,,,0.813,0.9123,0.9709,-0.0993,-0.1382,-1667,1.06,0.0,0.0,0.0,median_complete_book_no_vig,5,0.0637,,,,,,0,0.0,0.015,0.52,48,6,4,"{""benchmark"":{""books_tracked"":9,""fair_probs"":{""away"":0.6158,""home"":0.3842},""hold"":0.041,""raw_probs"":{""away"":0.641,""home"":0.3937},""source"":""median_complete_book_no_vig""},""books"":[{""book"":""FanDuel"",""fair_probs"":{""away"":0.6158,""home"":0.3842},""hold"":0.041,""last_update"":""2026-04-05T14:40:28Z"",""outcomes"":{""away"":1.56,""home"":2.5},""raw_probs"":{""away"":0.641,""home"":0.4}},{""book"":""LowVig.ag"",""fair_probs"":{""away"":0.615,""home"":0.385},""hold"":0.0226,""last_update"":""2026-04-05T14:40:01Z"",""outcomes"":{""away"":1.59,""home"":2.54},""raw_probs"":{""away"":0.6289,""home"":0.3937}},{""book"":""BetOnline.ag"",""fair_probs"":{""away"":0.615,""home"":0.385},""hold"":0.0226,""last_update"":""2026-04-05T14:39:48Z"",""outcomes"":{""away"":1.59,""home"":2.54},""raw_probs"":{""away"":0.6289,""home"":0.3937}},{""book"":""DraftKings"",""fair_probs"":{""away"":0.6085,""home"":0.3915},""hold"":0.0468,""last_update"":""2026-04-05T14:39:48Z"",""outcomes"":{""away"":1.57,""home"":2.44},""raw_probs"":{""away"":0.6369,""home"":0.4098}},{""book"":""BetUS"",""fair_probs"":{""away"":0.6146,""home"":0.3854},""hold"":0.0297,""last_update"":""2026-04-05T14:39:37Z"",""outcomes"":{""away"":1.58,""home"":2.52},""raw_probs"":{""away"":0.6329,""home"":0.3968}},{""book"":""BetMGM"",""fair_probs"":{""away"":0.625,""home"":0.375},""hold"":0.0458,""last_update"":""2026-04-05T14:39:48Z"",""outcomes"":{""away"":1.53,""home"":2.55},""raw_probs"":{""away"":0.6536,""home"":0.3922}},{""book"":""Bovada"",""fair_probs"":{""away"":0.6326,""home"":0.3674},""hold"":0.0469,""last_update"":""2026-04-05T14:38:41Z"",""outcomes"":{""away"":1.51,""home"":2.6},""raw_probs"":{""away"":0.6623,""home"":0.3846}},{""book"":""MyBookie.ag"",""fair_probs"":{""away"":0.6201,""home"":0.3799},""hold"":0.0404,""last_update"":""2026-04-05T14:39:01Z"",""outcomes"":{""away"":1.55,""home"":2.53},""raw_probs"":{""away"":0.6452,""home"":0.3953}},{""book"":""BetRivers"",""fair_probs"":{""away"":0.6415,""home"":0.3585},""hold"":0.0605,""last_update"":""2026-04-05T14:37:51Z"",""outcomes"":{""away"":1.47,""home"":2.63},""raw_probs"":{""away"":0.6803,""home"":0.3802}}],""execution_prices"":{""away"":1.59,""home"":2.63}}","{""away"":0.4186,""home"":0.5814}","{""bullpen_features"":{""away"":0.4786,""home"":0.5214},""elo"":{""away"":0.5204,""home"":0.4796},""handedness_features"":{""away"":0.5207,""home"":0.4793},""pitcher_features"":{""away"":0.2791,""home"":0.7209},""results_features"":{""away"":0.4113,""home"":0.5887},""run_environment"":{""away"":0.3924,""home"":0.6076}}","{""american_odds"":-1667,""away_availability_profile"":null,""away_bullpen_tax"":0.365,""away_goalie"":null,""away_goalie_status"":null,""away_injury_profile"":null,""away_lineup_profile"":{""active_hitters"":12,""available_hitters"":12,""confirmed_hitters"":9,""confirmed_leader_absence_burden"":0,""confirmed_lefty_share"":0.3333,""confirmed_lineup"":true,""confirmed_righty_share"":0.5556,""confirmed_switch_share"":0.0,""confirmed_top_order_score"":1.0,""injured_hitters"":0,""key_bat_absence_score"":0.0,""leader_absence_burden"":0.0,""left_handed_batters"":4,""lefty_share"":0.3333,""right_handed_batters"":8,""righty_share"":0.6667,""switch_hitters"":0,""switch_share"":0.0},""away_pitcher"":""Roki Sasaki"",""away_pitcher_hand"":""R"",""away_team"":""Dodgers"",""base_model_probs"":{""away"":0.3886,""home"":0.6114},""best_odds"":{""away"":1100,""home"":-1667},""completed"":false,""confidence_score"":47.6,""confidence_stars"":1,""date"":""2026-04-05"",""edge"":-0.0993,""edges"":{""away"":{""american_odds"":1100,""confidence_score"":0.0,""decimal_odds"":12.0,""edge"":0.0993,""expected_value"":1.2436,""fractional_kelly"":0.0226,""hold"":0.0637,""implied_prob"":0.0877,""is_value"":false,""kelly_fraction"":0.1131,""market_books"":5,""market_implied_prob"":0.0952,""market_source"":""median_complete_book_no_vig"",""model_prob"":0.187,""raw_model_prob"":0.4186,""unrealistic_flag"":true},""home"":{""american_odds"":-1667,""confidence_score"":0.0,""decimal_odds"":1.06,""edge"":-0.0993,""expected_value"":-0.1382,""fractional_kelly"":0.0,""hold"":0.0637,""implied_prob"":0.9123,""is_value"":false,""kelly_fraction"":0.0,""market_books"":5,""market_implied_prob"":0.9709,""market_source"":""median_complete_book_no_vig"",""model_prob"":0.813,""raw_model_prob"":0.5814,""unrealistic_flag"":true}},""expected_value"":0.1897,""fractional_kelly"":0.0233,""home_availability_profile"":null,""home_bullpen_tax"":0.497,""home_goalie"":null,""home_goalie_status"":null,""home_injury_profile"":null,""home_lineup_profile"":{""active_hitters"":13,""available_hitters"":13,""confirmed_hitters"":9,""confirmed_leader_absence_burden"":0,""confirmed_lefty_share"":0.6667,""confirmed_lineup"":true,""confirmed_righty_share"":0.1111,""confirmed_switch_share"":0.0,""confirmed_top_order_score"":1.0,""injured_hitters"":0,""key_bat_absence_score"":0.0,""leader_absence_burden"":0.0,""left_handed_batters"":6,""lefty_share"":0.4615,""right_handed_batters"":7,""righty_share"":0.5385,""switch_hitters"":0,""switch_share"":0.0},""home_pitcher"":""Foster Griffin"",""home_pitcher_hand"":""L"",""home_team"":""Nationals"",""individual_models"":{""bullpen_features"":{""away"":0.4786,""home"":0.5214},""elo"":{""away"":0.5204,""home"":0.4796},""handedness_features"":{""away"":0.5207,""home"":0.4793},""pitcher_features"":{""away"":0.2791,""home"":0.7209},""results_features"":{""away"":0.4113,""home"":0.5887},""run_environment"":{""away"":0.3924,""home"":0.6076}},""kelly_fraction"":0.1164,""market_snapshot"":{""benchmark"":{""books_tracked"":9,""fair_probs"":{""away"":0.6158,""home"":0.3842},""hold"":0.041,""raw_probs"":{""away"":0.641,""home"":0.3937},""source"":""median_complete_book_no_vig""},""books"":[{""book"":""FanDuel"",""fair_probs"":{""away"":0.6158,""home"":0.3842},""hold"":0.041,""last_update"":""2026-04-05T14:40:28Z"",""outcomes"":{""away"":1.56,""home"":2.5},""raw_probs"":{""away"":0.641,""home"":0.4}},{""book"":""LowVig.ag"",""fair_probs"":{""away"":0.615,""home"":0.385},""hold"":0.0226,""last_update"":""2026-04-05T14:40:01Z"",""outcomes"":{""away"":1.59,""home"":2.54},""raw_probs"":{""away"":0.6289,""home"":0.3937}},{""book"":""BetOnline.ag"",""fair_probs"":{""away"":0.615,""home"":0.385},""hold"":0.0226,""last_update"":""2026-04-05T14:39:48Z"",""outcomes"":{""away"":1.59,""home"":2.54},""raw_probs"":{""away"":0.6289,""home"":0.3937}},{""book"":""DraftKings"",""fair_probs"":{""away"":0.6085,""home"":0.3915},""hold"":0.0468,""last_update"":""2026-04-05T14:39:48Z"",""outcomes"":{""away"":1.57,""home"":2.44},""raw_probs"":{""away"":0.6369,""home"":0.4098}},{""book"":""BetUS"",""fair_probs"":{""away"":0.6146,""home"":0.3854},""hold"":0.0297,""last_update"":""2026-04-05T14:39:37Z"",""outcomes"":{""away"":1.58,""home"":2.52},""raw_probs"":{""away"":0.6329,""home"":0.3968}},{""book"":""BetMGM"",""fair_probs"":{""away"":0.625,""home"":0.375},""hold"":0.0458,""last_update"":""2026-04-05T14:39:48Z"",""outcomes"":{""away"":1.53,""home"":2.55},""raw_probs"":{""away"":0.6536,""home"":0.3922}},{""book"":""Bovada"",""fair_probs"":{""away"":0.6326,""home"":0.3674},""hold"":0.0469,""last_update"":""2026-04-05T14:38:41Z"",""outcomes"":{""away"":1.51,""home"":2.6},""raw_probs"":{""away"":0.6623,""home"":0.3846}},{""book"":""MyBookie.ag"",""fair_probs"":{""away"":0.6201,""home"":0.3799},""hold"":0.0404,""last_update"":""2026-04-05T14:39:01Z"",""outcomes"":{""away"":1.55,""home"":2.53},""raw_probs"":{""away"":0.6452,""home"":0.3953}},{""book"":""BetRivers"",""fair_probs"":{""away"":0.6415,""home"":0.3585},""hold"":0.0605,""last_update"":""2026-04-05T14:37:51Z"",""outcomes"":{""away"":1.47,""home"":2.63},""raw_probs"":{""away"":0.6803,""home"":0.3802}}],""execution_prices"":{""away"":1.59,""home"":2.63}},""matchday"":null,""model_prob"":0.5814,""model_probs"":{""away"":0.4186,""home"":0.5814},""neutral"":false,""pick"":""home"",""qualitative_analysis"":{""away_impact"":3.5,""away_team"":""Dodgers"",""home_impact"":-3.5,""home_team"":""Nationals"",""individual_factors"":[{""confidence"":0.9,""description"":""Home team starting Foster Griffin, a low-leverage reliever, against a strong Dodgers lineup, indicating a likely bullpen game or a very weak starting option."",""direction"":""negative"",""magnitude"":3.5,""team"":""Nationals""},{""confidence"":0.9,""description"":""Away team starting Roki Sasaki, an elite international pitcher, providing a significant pitching advantage."",""direction"":""positive"",""magnitude"":3.5,""team"":""Dodgers""}],""net_qualitative_edge"":""away"",""sport"":""mlb"",""summary"":""The Dodgers hold a significant qualitative edge due to starting elite pitcher Roki Sasaki against the Nationals' likely bullpen game led by Foster Griffin.""},""qualitative_summary"":""Qualitative (H:-3.5 A:3.5): disagreed. Home team starting Foster Griffin, a low-leverage reliever, against a strong Dodgers lineup, indicating a likely bullpen game or a very weak starting option.; Away team starting Roki Sasaki, an elite international pitcher, providing a significant pitching advantage."",""run_id"":""refresh-20260405T212833110457Z"",""run_type"":""refresh"",""snapshot_path"":""tracking/snapshots/2026-04-05/mlb/refresh-20260405T212833110457Z.json"",""snapshot_timestamp"":""2026-04-05T21:28:33Z"",""start_time"":""2026-04-05T17:35Z"",""weather"":{""precipitation_probability"":100,""temperature_f"":63.0,""weather_exposed"":true,""wind_mph"":7.6}}","{""pick_type"":""slop_lock"",""publication_guard"":{},""selection_config"":{""additional_confidence_floor"":48,""confidence_dropoff"":6,""edge_floor"":0.015,""max_picks"":4,""min_expected_value"":0.0,""probability_floor"":0.52}}"
2026-04-06T13:05:23Z,refresh-20260405T212833110457Z,refresh,2026-04-05T21:28:33Z,tracking/snapshots/2026-04-05/mlb/refresh-20260405T212833110457Z.json,mlb,slop_lock,moneyline,Rangers,Reds,2026-04-05,2026-04-05T18:35Z,away,,,,0.6948,0.8413,0.8889,-0.1465,-0.0759,-303,1.33,0.0,0.0,0.0,median_complete_book_no_vig,6,0.0607,,,,,,0,0.0,0.015,0.52,48,6,4,"{""benchmark"":{""books_tracked"":9,""fair_probs"":{""away"":0.4707,""home"":0.5293},""hold"":0.0415,""raw_probs"":{""away"":0.4854,""home"":0.5495},""source"":""median_complete_book_no_vig""},""books"":[{""book"":""FanDuel"",""fair_probs"":{""away"":0.4715,""home"":0.5285},""hold"":0.0396,""last_update"":""2026-04-05T14:40:28Z"",""outcomes"":{""away"":2.04,""home"":1.82},""raw_probs"":{""away"":0.4902,""home"":0.5495}},{""book"":""LowVig.ag"",""fair_probs"":{""away"":0.4719,""home"":0.5281},""hold"":0.0236,""last_update"":""2026-04-05T14:40:01Z"",""outcomes"":{""away"":2.07,""home"":1.85},""raw_probs"":{""away"":0.4831,""home"":0.5405}},{""book"":""BetOnline.ag"",""fair_probs"":{""away"":0.4719,""home"":0.5281},""hold"":0.0236,""last_update"":""2026-04-05T14:39:48Z"",""outcomes"":{""away"":2.07,""home"":1.85},""raw_probs"":{""away"":0.4831,""home"":0.5405}},{""book"":""DraftKings"",""fair_probs"":{""away"":0.4674,""home"":0.5326},""hold"":0.0489,""last_update"":""2026-04-05T14:39:48Z"",""outcomes"":{""away"":2.04,""home"":1.79},""raw_probs"":{""away"":0.4902,""home"":0.5587}},{""book"":""BetMGM"",""fair_probs"":{""away"":0.4675,""home"":0.5325},""hold"":0.0434,""last_update"":""2026-04-05T14:39:48Z"",""outcomes"":{""away"":2.05,""home"":1.8},""raw_probs"":{""away"":0.4878,""home"":0.5556}},{""book"":""Bovada"",""fair_probs"":{""away"":0.4649,""home"":0.5351},""hold"":0.0441,""last_update"":""2026-04-05T14:38:41Z"",""outcomes"":{""away"":2.06,""home"":1.79},""raw_probs"":{""away"":0.4854,""home"":0.5587}},{""book"":""MyBookie.ag"",""fair_probs"":{""away"":0.4753,""home"":0.5247},""hold"":0.0415,""last_update"":""2026-04-05T14:39:01Z"",""outcomes"":{""away"":2.02,""home"":1.83},""raw_probs"":{""away"":0.495,""home"":0.5464}},{""book"":""BetUS"",""fair_probs"":{""away"":0.4707,""home"":0.5293},""hold"":0.0213,""last_update"":""2026-04-05T14:39:37Z"",""outcomes"":{""away"":2.08,""home"":1.85},""raw_probs"":{""away"":0.4808,""home"":0.5405}},{""book"":""BetRivers"",""fair_probs"":{""away"":0.4538,""home"":0.5462},""hold"":0.0645,""last_update"":""2026-04-05T14:37:51Z"",""outcomes"":{""away"":2.07,""home"":1.72},""raw_probs"":{""away"":0.4831,""home"":0.5814}}],""execution_prices"":{""away"":2.08,""home"":1.85}}","{""away"":0.353,""home"":0.647}","{""bullpen_features"":{""away"":0.4077,""home"":0.5923},""elo"":{""away"":0.4547,""home"":0.5453},""handedness_features"":{""away"":0.4383,""home"":0.5617},""pitcher_features"":{""away"":0.3019,""home"":0.6981},""results_features"":{""away"":0.477,""home"":0.523},""run_environment"":{""away"":0.4512,""home"":0.5488}}","{""american_odds"":650,""away_availability_profile"":null,""away_bullpen_tax"":0.042,""away_goalie"":null,""away_goalie_status"":null,""away_injury_profile"":null,""away_lineup_profile"":{""active_hitters"":13,""available_hitters"":13,""confirmed_hitters"":9,""confirmed_leader_absence_burden"":0.6,""confirmed_lefty_share"":0.1111,""confirmed_lineup"":true,""confirmed_righty_share"":0.7778,""confirmed_switch_share"":0.0,""confirmed_top_order_score"":1.0,""injured_hitters"":0,""key_bat_absence_score"":0.0,""leader_absence_burden"":0.0,""left_handed_batters"":3,""lefty_share"":0.2308,""right_handed_batters"":10,""righty_share"":0.7692,""switch_hitters"":0,""switch_share"":0.0},""away_pitcher"":""Chase Burns"",""away_pitcher_hand"":""R"",""away_team"":""Reds"",""base_model_probs"":{""away"":0.3576,""home"":0.6424},""best_odds"":{""away"":-303,""home"":650},""completed"":false,""confidence_score"":73.6,""confidence_stars"":4,""date"":""2026-04-05"",""edge"":0.1465,""edges"":{""away"":{""american_odds"":-303,""confidence_score"":0.0,""decimal_odds"":1.33,""edge"":-0.1465,""expected_value"":-0.0759,""fractional_kelly"":0.0,""hold"":0.0607,""implied_prob"":0.8413,""is_value"":false,""kelly_fraction"":0.0,""market_books"":6,""market_implied_prob"":0.8889,""market_source"":""median_complete_book_no_vig"",""model_prob"":0.6948,""raw_model_prob"":0.353,""unrealistic_flag"":true},""home"":{""american_odds"":650,""confidence_score"":0.0,""decimal_odds"":7.5,""edge"":0.1465,""expected_value"":1.289,""fractional_kelly"":0.0397,""hold"":0.0607,""implied_prob"":0.1587,""is_value"":false,""kelly_fraction"":0.1983,""market_books"":6,""market_implied_prob"":0.1677,""market_source"":""median_complete_book_no_vig"",""model_prob"":0.3052,""raw_model_prob"":0.647,""unrealistic_flag"":true}},""expected_value"":0.1048,""fractional_kelly"":0.0247,""home_availability_profile"":null,""home_bullpen_tax"":0.085,""home_goalie"":null,""home_goalie_status"":null,""home_injury_profile"":null,""home_lineup_profile"":{""active_hitters"":13,""available_hitters"":13,""confirmed_hitters"":9,""confirmed_leader_absence_burden"":0,""confirmed_lefty_share"":0.5556,""confirmed_lineup"":true,""confirmed_righty_share"":0.4444,""confirmed_switch_share"":0.0,""confirmed_top_order_score"":1.0,""injured_hitters"":0,""key_bat_absence_score"":0.0,""leader_absence_burden"":0.0,""left_handed_batters"":5,""lefty_share"":0.3846,""right_handed_batters"":8,""righty_share"":0.6154,""switch_hitters"":0,""switch_share"":0.0},""home_pitcher"":""Jack Leiter"",""home_pitcher_hand"":""R"",""home_team"":""Rangers"",""individual_models"":{""bullpen_features"":{""away"":0.4077,""home"":0.5923},""elo"":{""away"":0.4547,""home"":0.5453},""handedness_features"":{""away"":0.4383,""home"":0.5617},""pitcher_features"":{""away"":0.3019,""home"":0.6981},""results_features"":{""away"":0.477,""home"":0.523},""run_environment"":{""away"":0.4512,""home"":0.5488}},""kelly_fraction"":0.1233,""market_snapshot"":{""benchmark"":{""books_tracked"":9,""fair_probs"":{""away"":0.4707,""home"":0.5293},""hold"":0.0415,""raw_probs"":{""away"":0.4854,""home"":0.5495},""source"":""median_complete_book_no_vig""},""books"":[{""book"":""FanDuel"",""fair_probs"":{""away"":0.4715,""home"":0.5285},""hold"":0.0396,""last_update"":""2026-04-05T14:40:28Z"",""outcomes"":{""away"":2.04,""home"":1.82},""raw_probs"":{""away"":0.4902,""home"":0.5495}},{""book"":""LowVig.ag"",""fair_probs"":{""away"":0.4719,""home"":0.5281},""hold"":0.0236,""last_update"":""2026-04-05T14:40:01Z"",""outcomes"":{""away"":2.07,""home"":1.85},""raw_probs"":{""away"":0.4831,""home"":0.5405}},{""book"":""BetOnline.ag"",""fair_probs"":{""away"":0.4719,""home"":0.5281},""hold"":0.0236,""last_update"":""2026-04-05T14:39:48Z"",""outcomes"":{""away"":2.07,""home"":1.85},""raw_probs"":{""away"":0.4831,""home"":0.5405}},{""book"":""DraftKings"",""fair_probs"":{""away"":0.4674,""home"":0.5326},""hold"":0.0489,""last_update"":""2026-04-05T14:39:48Z"",""outcomes"":{""away"":2.04,""home"":1.79},""raw_probs"":{""away"":0.4902,""home"":0.5587}},{""book"":""BetMGM"",""fair_probs"":{""away"":0.4675,""home"":0.5325},""hold"":0.0434,""last_update"":""2026-04-05T14:39:48Z"",""outcomes"":{""away"":2.05,""home"":1.8},""raw_probs"":{""away"":0.4878,""home"":0.5556}},{""book"":""Bovada"",""fair_probs"":{""away"":0.4649,""home"":0.5351},""hold"":0.0441,""last_update"":""2026-04-05T14:38:41Z"",""outcomes"":{""away"":2.06,""home"":1.79},""raw_probs"":{""away"":0.4854,""home"":0.5587}},{""book"":""MyBookie.ag"",""fair_probs"":{""away"":0.4753,""home"":0.5247},""hold"":0.0415,""last_update"":""2026-04-05T14:39:01Z"",""outcomes"":{""away"":2.02,""home"":1.83},""raw_probs"":{""away"":0.495,""home"":0.5464}},{""book"":""BetUS"",""fair_probs"":{""away"":0.4707,""home"":0.5293},""hold"":0.0213,""last_update"":""2026-04-05T14:39:37Z"",""outcomes"":{""away"":2.08,""home"":1.85},""raw_probs"":{""away"":0.4808,""home"":0.5405}},{""book"":""BetRivers"",""fair_probs"":{""away"":0.4538,""home"":0.5462},""hold"":0.0645,""last_update"":""2026-04-05T14:37:51Z"",""outcomes"":{""away"":2.07,""home"":1.72},""raw_probs"":{""away"":0.4831,""home"":0.5814}}],""execution_prices"":{""away"":2.08,""home"":1.85}},""matchday"":null,""model_prob"":0.647,""model_probs"":{""away"":0.353,""home"":0.647},""neutral"":false,""pick"":""home"",""qualitative_analysis"":{""away_impact"":0.0,""away_team"":""Reds"",""home_impact"":0.0,""home_team"":""Rangers"",""individual_factors"":[],""net_qualitative_edge"":""none"",""sport"":""mlb"",""summary"":""There is insufficient qualitative context available to assess any significant impact for either team in this matchup.""},""qualitative_summary"":""Qualitative (H:0.0 A:0.0): no effect. "",""run_id"":""refresh-20260405T212833110457Z"",""run_type"":""refresh"",""snapshot_path"":""tracking/snapshots/2026-04-05/mlb/refresh-20260405T212833110457Z.json"",""snapshot_timestamp"":""2026-04-05T21:28:33Z"",""start_time"":""2026-04-05T18:35Z"",""weather"":{""precipitation_probability"":null,""temperature_f"":null,""weather_exposed"":false,""wind_mph"":null}}","{""pick_type"":""slop_lock"",""publication_guard"":{},""selection_config"":{""additional_confidence_floor"":48,""confidence_dropoff"":6,""edge_floor"":0.015,""max_picks"":4,""min_expected_value"":0.0,""probability_floor"":0.52}}"
2026-04-06T13:05:23Z,refresh-20260405T212833110457Z,refresh,2026-04-05T21:28:33Z,tracking/snapshots/2026-04-05/mlb/refresh-20260405T212833110457Z.json,mlb,slop_lock,moneyline,Yankees,Marlins,2026-04-05,2026-04-05T17:35Z,home,,,,0.6597,0.7317,0.7752,-0.072,-0.0566,-233,1.43,0.0,0.0,0.0,median_complete_book_no_vig,5,0.0629,,,,,,0,0.0,0.015,0.52,48,6,4,"{""benchmark"":{""books_tracked"":9,""fair_probs"":{""away"":0.2822,""home"":0.7178},""hold"":0.0417,""raw_probs"":{""away"":0.2924,""home"":0.7519},""source"":""median_complete_book_no_vig""},""books"":[{""book"":""FanDuel"",""fair_probs"":{""away"":0.2827,""home"":0.7173},""hold"":0.0404,""last_update"":""2026-04-05T14:40:28Z"",""outcomes"":{""away"":3.4,""home"":1.34},""raw_probs"":{""away"":0.2941,""home"":0.7463}},{""book"":""LowVig.ag"",""fair_probs"":{""away"":0.2822,""home"":0.7178},""hold"":0.0243,""last_update"":""2026-04-05T14:40:01Z"",""outcomes"":{""away"":3.46,""home"":1.36},""raw_probs"":{""away"":0.289,""home"":0.7353}},{""book"":""BetOnline.ag"",""fair_probs"":{""away"":0.2822,""home"":0.7178},""hold"":0.0243,""last_update"":""2026-04-05T14:39:48Z"",""outcomes"":{""away"":3.46,""home"":1.36},""raw_probs"":{""away"":0.289,""home"":0.7353}},{""book"":""DraftKings"",""fair_probs"":{""away"":0.2773,""home"":0.7227},""hold"":0.0483,""last_update"":""2026-04-05T14:39:48Z"",""outcomes"":{""away"":3.44,""home"":1.32},""raw_probs"":{""away"":0.2907,""home"":0.7576}},{""book"":""BetMGM"",""fair_probs"":{""away"":0.2812,""home"":0.7188},""hold"":0.046,""last_update"":""2026-04-05T14:39:48Z"",""outcomes"":{""away"":3.4,""home"":1.33},""raw_probs"":{""away"":0.2941,""home"":0.7519}},{""book"":""Bovada"",""fair_probs"":{""away"":0.2812,""home"":0.7188},""hold"":0.046,""last_update"":""2026-04-05T14:38:41Z"",""outcomes"":{""away"":3.4,""home"":1.33},""raw_probs"":{""away"":0.2941,""home"":0.7519}},{""book"":""MyBookie.ag"",""fair_probs"":{""away"":0.2782,""home"":0.7218},""hold"":0.0417,""last_update"":""2026-04-05T14:39:01Z"",""outcomes"":{""away"":3.45,""home"":1.33},""raw_probs"":{""away"":0.2899,""home"":0.7519}},{""book"":""BetUS"",""fair_probs"":{""away"":0.283,""home"":0.717},""hold"":0.0331,""last_update"":""2026-04-05T14:39:37Z"",""outcomes"":{""away"":3.42,""home"":1.35},""raw_probs"":{""away"":0.2924,""home"":0.7407}},{""book"":""BetRivers"",""fair_probs"":{""away"":0.2904,""home"":0.7096},""hold"":0.0596,""last_update"":""2026-04-05T14:37:51Z"",""outcomes"":{""away"":3.25,""home"":1.33},""raw_probs"":{""away"":0.3077,""home"":0.7519}}],""execution_prices"":{""away"":3.46,""home"":1.36}}","{""away"":0.3883,""home"":0.6117}","{""bullpen_features"":{""away"":0.4083,""home"":0.5917},""elo"":{""away"":0.4319,""home"":0.5681},""handedness_features"":{""away"":0.4037,""home"":0.5963},""pitcher_features"":{""away"":0.3462,""home"":0.6538},""results_features"":{""away"":0.4588,""home"":0.5412},""run_environment"":{""away"":0.4405,""home"":0.5595}}","{""american_odds"":-233,""away_availability_profile"":null,""away_bullpen_tax"":0.221,""away_goalie"":null,""away_goalie_status"":null,""away_injury_profile"":null,""away_lineup_profile"":{""active_hitters"":13,""available_hitters"":13,""confirmed_hitters"":9,""confirmed_leader_absence_burden"":0,""confirmed_lefty_share"":0.2222,""confirmed_lineup"":true,""confirmed_righty_share"":0.6667,""confirmed_switch_share"":0.0,""confirmed_top_order_score"":1.0,""injured_hitters"":0,""key_bat_absence_score"":0.0,""leader_absence_burden"":0.0,""left_handed_batters"":5,""lefty_share"":0.3846,""right_handed_batters"":8,""righty_share"":0.6154,""switch_hitters"":0,""switch_share"":0.0},""away_pitcher"":""Chris Paddack"",""away_pitcher_hand"":""R"",""away_team"":""Marlins"",""base_model_probs"":{""away"":0.367,""home"":0.633},""best_odds"":{""away"":260,""home"":-233},""completed"":false,""confidence_score"":47.9,""confidence_stars"":2,""date"":""2026-04-05"",""edge"":-0.072,""edges"":{""away"":{""american_odds"":260,""confidence_score"":0.0,""decimal_odds"":3.6,""edge"":0.072,""expected_value"":0.2251,""fractional_kelly"":0.0173,""hold"":0.0629,""implied_prob"":0.2683,""is_value"":false,""kelly_fraction"":0.0866,""market_books"":5,""market_implied_prob"":0.2857,""market_source"":""median_complete_book_no_vig"",""model_prob"":0.3403,""raw_model_prob"":0.3883,""unrealistic_flag"":false},""home"":{""american_odds"":-233,""confidence_score"":0.0,""decimal_odds"":1.43,""edge"":-0.072,""expected_value"":-0.0566,""fractional_kelly"":0.0,""hold"":0.0629,""implied_prob"":0.7317,""is_value"":false,""kelly_fraction"":0.0,""market_books"":5,""market_implied_prob"":0.7752,""market_source"":""median_complete_book_no_vig"",""model_prob"":0.6597,""raw_model_prob"":0.6117,""unrealistic_flag"":false}},""expected_value"":-0.093,""fractional_kelly"":0.0,""home_availability_profile"":null,""home_bullpen_tax"":0.365,""home_goalie"":null,""home_goalie_status"":null,""home_injury_profile"":null,""home_lineup_profile"":{""active_hitters"":13,""available_hitters"":13,""confirmed_hitters"":9,""confirmed_leader_absence_burden"":0,""confirmed_lefty_share"":0.6667,""confirmed_lineup"":true,""confirmed_righty_share"":0.3333,""confirmed_switch_share"":0.0,""confirmed_top_order_score"":1.0,""injured_hitters"":0,""key_bat_absence_score"":0.0,""leader_absence_burden"":0.0,""left_handed_batters"":7,""lefty_share"":0.5385,""right_handed_batters"":6,""righty_share"":0.4615,""switch_hitters"":0,""switch_share"":0.0},""home_pitcher"":""Max Fried"",""home_pitcher_hand"":""L"",""home_team"":""Yankees"",""individual_models"":{""bullpen_features"":{""away"":0.4083,""home"":0.5917},""elo"":{""away"":0.4319,""home"":0.5681},""handedness_features"":{""away"":0.4037,""home"":0.5963},""pitcher_features"":{""away"":0.3462,""home"":0.6538},""results_features"":{""away"":0.4588,""home"":0.5412},""run_environment"":{""away"":0.4405,""home"":0.5595}},""kelly_fraction"":0.0,""market_snapshot"":{""benchmark"":{""books_tracked"":9,""fair_probs"":{""away"":0.2822,""home"":0.7178},""hold"":0.0417,""raw_probs"":{""away"":0.2924,""home"":0.7519},""source"":""median_complete_book_no_vig""},""books"":[{""book"":""FanDuel"",""fair_probs"":{""away"":0.2827,""home"":0.7173},""hold"":0.0404,""last_update"":""2026-04-05T14:40:28Z"",""outcomes"":{""away"":3.4,""home"":1.34},""raw_probs"":{""away"":0.2941,""home"":0.7463}},{""book"":""LowVig.ag"",""fair_probs"":{""away"":0.2822,""home"":0.7178},""hold"":0.0243,""last_update"":""2026-04-05T14:40:01Z"",""outcomes"":{""away"":3.46,""home"":1.36},""raw_probs"":{""away"":0.289,""home"":0.7353}},{""book"":""BetOnline.ag"",""fair_probs"":{""away"":0.2822,""home"":0.7178},""hold"":0.0243,""last_update"":""2026-04-05T14:39:48Z"",""outcomes"":{""away"":3.46,""home"":1.36},""raw_probs"":{""away"":0.289,""home"":0.7353}},{""book"":""DraftKings"",""fair_probs"":{""away"":0.2773,""home"":0.7227},""hold"":0.0483,""last_update"":""2026-04-05T14:39:48Z"",""outcomes"":{""away"":3.44,""home"":1.32},""raw_probs"":{""away"":0.2907,""home"":0.7576}},{""book"":""BetMGM"",""fair_probs"":{""away"":0.2812,""home"":0.7188},""hold"":0.046,""last_update"":""2026-04-05T14:39:48Z"",""outcomes"":{""away"":3.4,""home"":1.33},""raw_probs"":{""away"":0.2941,""home"":0.7519}},{""book"":""Bovada"",""fair_probs"":{""away"":0.2812,""home"":0.7188},""hold"":0.046,""last_update"":""2026-04-05T14:38:41Z"",""outcomes"":{""away"":3.4,""home"":1.33},""raw_probs"":{""away"":0.2941,""home"":0.7519}},{""book"":""MyBookie.ag"",""fair_probs"":{""away"":0.2782,""home"":0.7218},""hold"":0.0417,""last_update"":""2026-04-05T14:39:01Z"",""outcomes"":{""away"":3.45,""home"":1.33},""raw_probs"":{""away"":0.2899,""home"":0.7519}},{""book"":""BetUS"",""fair_probs"":{""away"":0.283,""home"":0.717},""hold"":0.0331,""last_update"":""2026-04-05T14:39:37Z"",""outcomes"":{""away"":3.42,""home"":1.35},""raw_probs"":{""away"":0.2924,""home"":0.7407}},{""book"":""BetRivers"",""fair_probs"":{""away"":0.2904,""home"":0.7096},""hold"":0.0596,""last_update"":""2026-04-05T14:37:51Z"",""outcomes"":{""away"":3.25,""home"":1.33},""raw_probs"":{""away"":0.3077,""home"":0.7519}}],""execution_prices"":{""away"":3.46,""home"":1.36}},""matchday"":null,""model_prob"":0.6117,""model_probs"":{""away"":0.3883,""home"":0.6117},""neutral"":false,""pick"":""home"",""qualitative_analysis"":{""away_impact"":0.0,""away_team"":""Marlins"",""home_impact"":0.0,""home_team"":""Yankees"",""individual_factors"":[],""net_qualitative_edge"":""none"",""sport"":""mlb"",""summary"":""No significant qualitative factors were identified for this game based on the provided context.""},""qualitative_summary"":""Qualitative (H:0.0 A:0.0): no effect. "",""run_id"":""refresh-20260405T212833110457Z"",""run_type"":""refresh"",""snapshot_path"":""tracking/snapshots/2026-04-05/mlb/refresh-20260405T212833110457Z.json"",""snapshot_timestamp"":""2026-04-05T21:28:33Z"",""start_time"":""2026-04-05T17:35Z"",""weather"":{""precipitation_probability"":96,""temperature_f"":61.2,""weather_exposed"":true,""wind_mph"":5.9}}","{""pick_type"":""slop_lock"",""publication_guard"":{},""selection_config"":{""additional_confidence_floor"":48,""confidence_dropoff"":6,""edge_floor"":0.015,""max_picks"":4,""min_expected_value"":0.0,""probability_floor"":0.52}}"
2026-04-06T13:05:23Z,refresh-20260405T212833110457Z,refresh,2026-04-05T21:28:33Z,tracking/snapshots/2026-04-05/mlb/refresh-20260405T212833110457Z.json,mlb,total_lock,total,Giants,Mets,2026-04-05,2026-04-05T20:06:00Z,over,4.5,7.058,6.11,0.6137,0.5409,0.5747,0.0728,0.1047,-125,1.8,81.7,0.1309,0.0262,median_complete_book_no_vig,3,0.0684,,,,,,0,0.0,0.02,0.53,54,,3,"{""benchmark"":{""books_tracked"":8,""fair_probs"":{""over"":0.5222,""under"":0.4778},""hold"":0.0464,""raw_probs"":{""over"":0.5464,""under"":0.5},""source"":""median_complete_book_no_vig""},""books"":[{""book"":""LowVig.ag"",""fair_probs"":{""over"":0.5232,""under"":0.4768},""hold"":0.0332,""last_update"":""2026-04-05T14:40:01Z"",""outcomes"":{""over"":1.85,""under"":2.03},""raw_probs"":{""over"":0.5405,""under"":0.4926}},{""book"":""BetOnline.ag"",""fair_probs"":{""over"":0.5222,""under"":0.4778},""hold"":0.0464,""last_update"":""2026-04-05T14:39:48Z"",""outcomes"":{""over"":1.83,""under"":2.0},""raw_probs"":{""over"":0.5464,""under"":0.5}},{""book"":""DraftKings"",""fair_probs"":{""over"":0.5222,""under"":0.4778},""hold"":0.0464,""last_update"":""2026-04-05T14:39:48Z"",""outcomes"":{""over"":1.83,""under"":2.0},""raw_probs"":{""over"":0.5464,""under"":0.5}},{""book"":""BetMGM"",""fair_probs"":{""over"":0.5222,""under"":0.4778},""hold"":0.0464,""last_update"":""2026-04-05T14:39:48Z"",""outcomes"":{""over"":1.83,""under"":2.0},""raw_probs"":{""over"":0.5464,""under"":0.5}},{""book"":""Bovada"",""fair_probs"":{""over"":0.5222,""under"":0.4778},""hold"":0.0464,""last_update"":""2026-04-05T14:38:41Z"",""outcomes"":{""over"":1.83,""under"":2.0},""raw_probs"":{""over"":0.5464,""under"":0.5}},{""book"":""MyBookie.ag"",""fair_probs"":{""over"":0.5209,""under"":0.4791},""hold"":0.049,""last_update"":""2026-04-05T14:39:01Z"",""outcomes"":{""over"":1.83,""under"":1.99},""raw_probs"":{""over"":0.5464,""under"":0.5025}},{""book"":""BetUS"",""fair_probs"":{""over"":0.5222,""under"":0.4778},""hold"":0.0464,""last_update"":""2026-04-05T14:39:37Z"",""outcomes"":{""over"":1.83,""under"":2.0},""raw_probs"":{""over"":0.5464,""under"":0.5}},{""book"":""BetRivers"",""fair_probs"":{""over"":0.5198,""under"":0.4802},""hold"":0.0571,""last_update"":""2026-04-05T14:37:51Z"",""outcomes"":{""over"":1.82,""under"":1.97},""raw_probs"":{""over"":0.5495,""under"":0.5076}}],""execution_prices"":{""over"":1.85,""under"":2.03},""line"":7.0}","{""over"":0.6623,""under"":0.3377}","{""totals_model"":{""over"":0.4856,""under"":0.5144}}","{""american_odds"":-125,""away_bullpen_tax"":0.085,""away_lineup_profile"":{""active_hitters"":13,""available_hitters"":13,""confirmed_hitters"":9,""confirmed_leader_absence_burden"":0,""confirmed_lefty_share"":0.2222,""confirmed_lineup"":true,""confirmed_righty_share"":0.5556,""confirmed_switch_share"":0.0,""confirmed_top_order_score"":1.0,""injured_hitters"":0,""key_bat_absence_score"":0.0,""leader_absence_burden"":0.0,""left_handed_batters"":4,""lefty_share"":0.3077,""right_handed_batters"":9,""righty_share"":0.6923,""switch_hitters"":0,""switch_share"":0.0},""away_pitcher"":""Kodai Senga"",""away_pitcher_hand"":""R"",""away_team"":""Mets"",""base_expected_total"":6.78,""completed"":false,""confidence_score"":81.7,""date"":""2026-04-05"",""edges"":{""over"":{""american_odds"":-125,""confidence_score"":81.7,""decimal_odds"":1.8,""edge"":0.0728,""expected_value"":0.1047,""fractional_kelly"":0.0262,""hold"":0.0684,""implied_prob"":0.5409,""is_value"":true,""kelly_fraction"":0.1309,""market_books"":3,""market_implied_prob"":0.5747,""market_source"":""median_complete_book_no_vig"",""model_prob"":0.6137,""raw_model_prob"":0.6623,""unrealistic_flag"":false},""under"":{""american_odds"":105,""confidence_score"":14.1,""decimal_odds"":2.05,""edge"":-0.0728,""expected_value"":-0.2082,""fractional_kelly"":0.0,""hold"":0.0684,""implied_prob"":0.4591,""is_value"":false,""kelly_fraction"":0.0,""market_books"":3,""market_implied_prob"":0.495,""market_source"":""median_complete_book_no_vig"",""model_prob"":0.3863,""raw_model_prob"":0.3377,""unrealistic_flag"":false}},""expected_total"":7.058,""home_bullpen_tax"":0.217,""home_lineup_profile"":{""active_hitters"":13,""available_hitters"":13,""confirmed_hitters"":9,""confirmed_leader_absence_burden"":0,""confirmed_lefty_share"":0.3333,""confirmed_lineup"":true,""confirmed_righty_share"":0.5556,""confirmed_switch_share"":0.0,""confirmed_top_order_score"":1.0,""injured_hitters"":0,""key_bat_absence_score"":0.0,""leader_absence_burden"":0.0,""left_handed_batters"":3,""lefty_share"":0.2308,""right_handed_batters"":10,""righty_share"":0.7692,""switch_hitters"":0,""switch_share"":0.0},""home_pitcher"":""Logan Webb"",""home_pitcher_hand"":""R"",""home_team"":""Giants"",""individual_models"":{""totals_model"":{""over"":0.4856,""under"":0.5144}},""market_snapshot"":{""benchmark"":{""books_tracked"":8,""fair_probs"":{""over"":0.5222,""under"":0.4778},""hold"":0.0464,""raw_probs"":{""over"":0.5464,""under"":0.5},""source"":""median_complete_book_no_vig""},""books"":[{""book"":""LowVig.ag"",""fair_probs"":{""over"":0.5232,""under"":0.4768},""hold"":0.0332,""last_update"":""2026-04-05T14:40:01Z"",""outcomes"":{""over"":1.85,""under"":2.03},""raw_probs"":{""over"":0.5405,""under"":0.4926}},{""book"":""BetOnline.ag"",""fair_probs"":{""over"":0.5222,""under"":0.4778},""hold"":0.0464,""last_update"":""2026-04-05T14:39:48Z"",""outcomes"":{""over"":1.83,""under"":2.0},""raw_probs"":{""over"":0.5464,""under"":0.5}},{""book"":""DraftKings"",""fair_probs"":{""over"":0.5222,""under"":0.4778},""hold"":0.0464,""last_update"":""2026-04-05T14:39:48Z"",""outcomes"":{""over"":1.83,""under"":2.0},""raw_probs"":{""over"":0.5464,""under"":0.5}},{""book"":""BetMGM"",""fair_probs"":{""over"":0.5222,""under"":0.4778},""hold"":0.0464,""last_update"":""2026-04-05T14:39:48Z"",""outcomes"":{""over"":1.83,""under"":2.0},""raw_probs"":{""over"":0.5464,""under"":0.5}},{""book"":""Bovada"",""fair_probs"":{""over"":0.5222,""under"":0.4778},""hold"":0.0464,""last_update"":""2026-04-05T14:38:41Z"",""outcomes"":{""over"":1.83,""under"":2.0},""raw_probs"":{""over"":0.5464,""under"":0.5}},{""book"":""MyBookie.ag"",""fair_probs"":{""over"":0.5209,""under"":0.4791},""hold"":0.049,""last_update"":""2026-04-05T14:39:01Z"",""outcomes"":{""over"":1.83,""under"":1.99},""raw_probs"":{""over"":0.5464,""under"":0.5025}},{""book"":""BetUS"",""fair_probs"":{""over"":0.5222,""under"":0.4778},""hold"":0.0464,""last_update"":""2026-04-05T14:39:37Z"",""outcomes"":{""over"":1.83,""under"":2.0},""raw_probs"":{""over"":0.5464,""under"":0.5}},{""book"":""BetRivers"",""fair_probs"":{""over"":0.5198,""under"":0.4802},""hold"":0.0571,""last_update"":""2026-04-05T14:37:51Z"",""outcomes"":{""over"":1.82,""under"":1.97},""raw_probs"":{""over"":0.5495,""under"":0.5076}}],""execution_prices"":{""over"":1.85,""under"":2.03},""line"":7.0},""market_type"":""total"",""model_prob"":0.6623,""model_probs"":{""over"":0.6623,""under"":0.3377},""neutral"":false,""pick"":""over"",""run_id"":""refresh-20260405T212833110457Z"",""run_type"":""refresh"",""snapshot_path"":""tracking/snapshots/2026-04-05/mlb/refresh-20260405T212833110457Z.json"",""snapshot_timestamp"":""2026-04-05T21:28:33Z"",""start_time"":""2026-04-05T20:06:00Z"",""total_line"":4.5,""total_stddev"":6.11,""weather"":{""precipitation_probability"":0,""temperature_f"":76.1,""weather_exposed"":true,""wind_mph"":7.2}}","{""pick_type"":""total_lock"",""publication_guard"":{},""selection_config"":{""confidence_floor"":54,""edge_floor"":0.02,""max_picks"":3,""min_expected_value"":0.0,""probability_floor"":0.53}}"
2026-04-06T13:05:23Z,refresh-20260405T212833110457Z,refresh,2026-04-05T21:28:33Z,tracking/snapshots/2026-04-05/mlb/refresh-20260405T212833110457Z.json,mlb,total_lock,total,Athletics,Astros,2026-04-05,2026-04-05T20:06:00Z,over,5.5,10.215,6.11,0.5434,0.4421,0.4717,0.1013,0.1955,120,2.2,71.8,0.1629,0.0326,median_complete_book_no_vig,3,0.0669,,,,,,0,0.0,0.02,0.53,54,,3,"{""benchmark"":{""books_tracked"":9,""fair_probs"":{""over"":0.4895,""under"":0.5105},""hold"":0.0476,""raw_probs"":{""over"":0.5128,""under"":0.5348},""source"":""median_complete_book_no_vig""},""books"":[{""book"":""FanDuel"",""fair_probs"":{""over"":0.4895,""under"":0.5105},""hold"":0.0476,""last_update"":""2026-04-05T14:40:28Z"",""outcomes"":{""over"":1.95,""under"":1.87},""raw_probs"":{""over"":0.5128,""under"":0.5348}},{""book"":""LowVig.ag"",""fair_probs"":{""over"":0.4832,""under"":0.5168},""hold"":0.0348,""last_update"":""2026-04-05T14:40:01Z"",""outcomes"":{""over"":2.0,""under"":1.87},""raw_probs"":{""over"":0.5,""under"":0.5348}},{""book"":""BetOnline.ag"",""fair_probs"":{""over"":0.4843,""under"":0.5157},""hold"":0.0482,""last_update"":""2026-04-05T14:39:48Z"",""outcomes"":{""over"":1.97,""under"":1.85},""raw_probs"":{""over"":0.5076,""under"":0.5405}},{""book"":""DraftKings"",""fair_probs"":{""over"":0.4948,""under"":0.5052},""hold"":0.0472,""last_update"":""2026-04-05T14:39:48Z"",""outcomes"":{""over"":1.93,""under"":1.89},""raw_probs"":{""over"":0.5181,""under"":0.5291}},{""book"":""BetUS"",""fair_probs"":{""over"":0.5,""under"":0.5},""hold"":0.0471,""last_update"":""2026-04-05T14:39:37Z"",""outcomes"":{""over"":1.91,""under"":1.91},""raw_probs"":{""over"":0.5236,""under"":0.5236}},{""book"":""BetMGM"",""fair_probs"":{""over"":0.4895,""under"":0.5105},""hold"":0.0476,""last_update"":""2026-04-05T14:39:48Z"",""outcomes"":{""over"":1.95,""under"":1.87},""raw_probs"":{""over"":0.5128,""under"":0.5348}},{""book"":""Bovada"",""fair_probs"":{""over"":0.4895,""under"":0.5105},""hold"":0.0476,""last_update"":""2026-04-05T14:38:41Z"",""outcomes"":{""over"":1.95,""under"":1.87},""raw_probs"":{""over"":0.5128,""under"":0.5348}},{""book"":""MyBookie.ag"",""fair_probs"":{""over"":0.4908,""under"":0.5092},""hold"":0.0502,""last_update"":""2026-04-05T14:39:01Z"",""outcomes"":{""over"":1.94,""under"":1.87},""raw_probs"":{""over"":0.5155,""under"":0.5348}},{""book"":""BetRivers"",""fair_probs"":{""over"":0.4894,""under"":0.5106},""hold"":0.0587,""last_update"":""2026-04-05T14:37:51Z"",""outcomes"":{""over"":1.93,""under"":1.85},""raw_probs"":{""over"":0.5181,""under"":0.5405}}],""execution_prices"":{""over"":2.0,""under"":1.91},""line"":10.0}","{""over"":0.7798,""under"":0.2202}","{""totals_model"":{""over"":0.4827,""under"":0.5173}}","{""american_odds"":120,""away_bullpen_tax"":0.174,""away_lineup_profile"":{""active_hitters"":13,""available_hitters"":13,""confirmed_hitters"":9,""confirmed_leader_absence_burden"":0,""confirmed_lefty_share"":0.2222,""confirmed_lineup"":true,""confirmed_righty_share"":0.7778,""confirmed_switch_share"":0.0,""confirmed_top_order_score"":1.0,""injured_hitters"":0,""key_bat_absence_score"":0.0,""leader_absence_burden"":0.0,""left_handed_batters"":2,""lefty_share"":0.1538,""right_handed_batters"":11,""righty_share"":0.8462,""switch_hitters"":0,""switch_share"":0.0},""away_pitcher"":""Lance McCullers Jr."",""away_pitcher_hand"":""R"",""away_team"":""Astros"",""base_expected_total"":9.735,""completed"":false,""confidence_score"":71.8,""date"":""2026-04-05"",""edges"":{""over"":{""american_odds"":120,""confidence_score"":71.8,""decimal_odds"":2.2,""edge"":0.1013,""expected_value"":0.1955,""fractional_kelly"":0.0326,""hold"":0.0669,""implied_prob"":0.4421,""is_value"":true,""kelly_fraction"":0.1629,""market_books"":3,""market_implied_prob"":0.4717,""market_source"":""median_complete_book_no_vig"",""model_prob"":0.5434,""raw_model_prob"":0.7798,""unrealistic_flag"":true},""under"":{""american_odds"":-147,""confidence_score"":19.7,""decimal_odds"":1.68,""edge"":-0.1013,""expected_value"":-0.2329,""fractional_kelly"":0.0,""hold"":0.0669,""implied_prob"":0.5579,""is_value"":false,""kelly_fraction"":0.0,""market_books"":3,""market_implied_prob"":0.5952,""market_source"":""median_complete_book_no_vig"",""model_prob"":0.4566,""raw_model_prob"":0.2202,""unrealistic_flag"":true}},""expected_total"":10.215,""home_bullpen_tax"":0.601,""home_lineup_profile"":{""active_hitters"":13,""available_hitters"":13,""confirmed_hitters"":9,""confirmed_leader_absence_burden"":0.6,""confirmed_lefty_share"":0.5556,""confirmed_lineup"":true,""confirmed_righty_share"":0.4444,""confirmed_switch_share"":0.0,""confirmed_top_order_score"":1.0,""injured_hitters"":0,""key_bat_absence_score"":0.0,""leader_absence_burden"":0.0,""left_handed_batters"":5,""lefty_share"":0.3846,""right_handed_batters"":8,""righty_share"":0.6154,""switch_hitters"":0,""switch_share"":0.0},""home_pitcher"":""Jacob Lopez"",""home_pitcher_hand"":""L"",""home_team"":""Athletics"",""individual_models"":{""totals_model"":{""over"":0.4827,""under"":0.5173}},""market_snapshot"":{""benchmark"":{""books_tracked"":9,""fair_probs"":{""over"":0.4895,""under"":0.5105},""hold"":0.0476,""raw_probs"":{""over"":0.5128,""under"":0.5348},""source"":""median_complete_book_no_vig""},""books"":[{""book"":""FanDuel"",""fair_probs"":{""over"":0.4895,""under"":0.5105},""hold"":0.0476,""last_update"":""2026-04-05T14:40:28Z"",""outcomes"":{""over"":1.95,""under"":1.87},""raw_probs"":{""over"":0.5128,""under"":0.5348}},{""book"":""LowVig.ag"",""fair_probs"":{""over"":0.4832,""under"":0.5168},""hold"":0.0348,""last_update"":""2026-04-05T14:40:01Z"",""outcomes"":{""over"":2.0,""under"":1.87},""raw_probs"":{""over"":0.5,""under"":0.5348}},{""book"":""BetOnline.ag"",""fair_probs"":{""over"":0.4843,""under"":0.5157},""hold"":0.0482,""last_update"":""2026-04-05T14:39:48Z"",""outcomes"":{""over"":1.97,""under"":1.85},""raw_probs"":{""over"":0.5076,""under"":0.5405}},{""book"":""DraftKings"",""fair_probs"":{""over"":0.4948,""under"":0.5052},""hold"":0.0472,""last_update"":""2026-04-05T14:39:48Z"",""outcomes"":{""over"":1.93,""under"":1.89},""raw_probs"":{""over"":0.5181,""under"":0.5291}},{""book"":""BetUS"",""fair_probs"":{""over"":0.5,""under"":0.5},""hold"":0.0471,""last_update"":""2026-04-05T14:39:37Z"",""outcomes"":{""over"":1.91,""under"":1.91},""raw_probs"":{""over"":0.5236,""under"":0.5236}},{""book"":""BetMGM"",""fair_probs"":{""over"":0.4895,""under"":0.5105},""hold"":0.0476,""last_update"":""2026-04-05T14:39:48Z"",""outcomes"":{""over"":1.95,""under"":1.87},""raw_probs"":{""over"":0.5128,""under"":0.5348}},{""book"":""Bovada"",""fair_probs"":{""over"":0.4895,""under"":0.5105},""hold"":0.0476,""last_update"":""2026-04-05T14:38:41Z"",""outcomes"":{""over"":1.95,""under"":1.87},""raw_probs"":{""over"":0.5128,""under"":0.5348}},{""book"":""MyBookie.ag"",""fair_probs"":{""over"":0.4908,""under"":0.5092},""hold"":0.0502,""last_update"":""2026-04-05T14:39:01Z"",""outcomes"":{""over"":1.94,""under"":1.87},""raw_probs"":{""over"":0.5155,""under"":0.5348}},{""book"":""BetRivers"",""fair_probs"":{""over"":0.4894,""under"":0.5106},""hold"":0.0587,""last_update"":""2026-04-05T14:37:51Z"",""outcomes"":{""over"":1.93,""under"":1.85},""raw_probs"":{""over"":0.5181,""under"":0.5405}}],""execution_prices"":{""over"":2.0,""under"":1.91},""line"":10.0},""market_type"":""total"",""model_prob"":0.7798,""model_probs"":{""over"":0.7798,""under"":0.2202},""neutral"":false,""pick"":""over"",""run_id"":""refresh-20260405T212833110457Z"",""run_type"":""refresh"",""snapshot_path"":""tracking/snapshots/2026-04-05/mlb/refresh-20260405T212833110457Z.json"",""snapshot_timestamp"":""2026-04-05T21:28:33Z"",""start_time"":""2026-04-05T20:06:00Z"",""total_line"":5.5,""total_stddev"":6.11,""weather"":{""precipitation_probability"":0,""temperature_f"":79.5,""weather_exposed"":true,""wind_mph"":4.1}}","{""pick_type"":""total_lock"",""publication_guard"":{},""selection_config"":{""confidence_floor"":54,""edge_floor"":0.02,""max_picks"":3,""min_expected_value"":0.0,""probability_floor"":0.53}}"
2026-04-07T04:05:44Z,refresh-20260406T213533781651Z,refresh,2026-04-06T21:35:33Z,tracking/snapshots/2026-04-06/mlb/refresh-20260406T213533781651Z.json,mlb,slop_lock,moneyline,Pirates,Padres,2026-04-06,2026-04-06T22:40Z,home,,,,0.601,0.5821,0.5952,0.0189,0.0157,-145,1.69,0.0,0.0227,0.0045,median_complete_book_no_vig,4,0.0324,,,,,,0,0.0,0.015,0.52,48,6,4,"{""benchmark"":{""books_tracked"":9,""fair_probs"":{""away"":0.4499,""home"":0.5501},""hold"":0.0387,""raw_probs"":{""away"":0.4673,""home"":0.5682},""source"":""median_complete_book_no_vig""},""books"":[{""book"":""FanDuel"",""fair_probs"":{""away"":0.4499,""home"":0.5501},""hold"":0.0387,""last_update"":""2026-04-06T13:02:03Z"",""outcomes"":{""away"":2.14,""home"":1.75},""raw_probs"":{""away"":0.4673,""home"":0.5714}},{""book"":""LowVig.ag"",""fair_probs"":{""away"":0.4506,""home"":0.5494},""hold"":0.0226,""last_update"":""2026-04-06T13:01:50Z"",""outcomes"":{""away"":2.17,""home"":1.78},""raw_probs"":{""away"":0.4608,""home"":0.5618}},{""book"":""BetOnline.ag"",""fair_probs"":{""away"":0.4506,""home"":0.5494},""hold"":0.0226,""last_update"":""2026-04-06T13:01:52Z"",""outcomes"":{""away"":2.17,""home"":1.78},""raw_probs"":{""away"":0.4608,""home"":0.5618}},{""book"":""BetUS"",""fair_probs"":{""away"":0.4481,""home"":0.5519},""hold"":0.0237,""last_update"":""2026-04-06T13:01:51Z"",""outcomes"":{""away"":2.18,""home"":1.77},""raw_probs"":{""away"":0.4587,""home"":0.565}},{""book"":""DraftKings"",""fair_probs"":{""away"":0.4496,""home"":0.5504},""hold"":0.0442,""last_update"":""2026-04-06T13:01:31Z"",""outcomes"":{""away"":2.13,""home"":1.74},""raw_probs"":{""away"":0.4695,""home"":0.5747}},{""book"":""BetMGM"",""fair_probs"":{""away"":0.4634,""home"":0.5366},""hold"":0.0528,""last_update"":""2026-04-06T13:01:07Z"",""outcomes"":{""away"":2.05,""home"":1.77},""raw_probs"":{""away"":0.4878,""home"":0.565}},{""book"":""MyBookie.ag"",""fair_probs"":{""away"":0.4499,""home"":0.5501},""hold"":0.0387,""last_update"":""2026-04-06T13:00:21Z"",""outcomes"":{""away"":2.14,""home"":1.75},""raw_probs"":{""away"":0.4673,""home"":0.5714}},{""book"":""BetRivers"",""fair_probs"":{""away"":0.4607,""home"":0.5393},""hold"":0.0536,""last_update"":""2026-04-06T13:01:53Z"",""outcomes"":{""away"":2.06,""home"":1.76},""raw_probs"":{""away"":0.4854,""home"":0.5682}},{""book"":""Bovada"",""fair_probs"":{""away"":0.4444,""home"":0.5556},""hold"":0.0465,""last_update"":""2026-04-06T12:58:16Z"",""outcomes"":{""away"":2.15,""home"":1.72},""raw_probs"":{""away"":0.4651,""home"":0.5814}}],""execution_prices"":{""away"":2.18,""home"":1.78}}","{""away"":0.3864,""home"":0.6136}","{""bullpen_features"":{""away"":0.4345,""home"":0.5655},""elo"":{""away"":0.4404,""home"":0.5596},""handedness_features"":{""away"":0.422,""home"":0.578},""pitcher_features"":{""away"":0.4402,""home"":0.5598},""results_features"":{""away"":0.5406,""home"":0.4594},""run_environment"":{""away"":0.5317,""home"":0.4683}}","{""american_odds"":-145,""away_availability_profile"":null,""away_bullpen_tax"":0.73,""away_goalie"":null,""away_goalie_status"":null,""away_injury_profile"":null,""away_lineup_profile"":{""active_hitters"":13,""available_hitters"":13,""confirmed_hitters"":9,""confirmed_leader_absence_burden"":0,""confirmed_lefty_share"":0.3333,""confirmed_lineup"":true,""confirmed_righty_share"":0.6667,""confirmed_switch_share"":0.0,""confirmed_top_order_score"":1.0,""injured_hitters"":0,""key_bat_absence_score"":0.0,""leader_absence_burden"":0.0,""left_handed_batters"":3,""lefty_share"":0.2308,""right_handed_batters"":10,""righty_share"":0.7692,""switch_hitters"":0,""switch_share"":0.0},""away_pitcher"":""German Marquez"",""away_pitcher_hand"":""R"",""away_team"":""Padres"",""base_model_probs"":{""away"":0.402,""home"":0.598},""best_odds"":{""away"":134,""home"":-145},""completed"":false,""confidence_score"":48.6,""confidence_stars"":2,""date"":""2026-04-06"",""edge"":0.0189,""edges"":{""away"":{""american_odds"":134,""confidence_score"":0.0,""decimal_odds"":2.34,""edge"":-0.0189,""expected_value"":-0.0663,""fractional_kelly"":0.0,""hold"":0.0324,""implied_prob"":0.4179,""is_value"":false,""kelly_fraction"":0.0,""market_books"":4,""market_implied_prob"":0.432,""market_source"":""median_complete_book_no_vig"",""model_prob"":0.399,""raw_model_prob"":0.3864,""unrealistic_flag"":false},""home"":{""american_odds"":-145,""confidence_score"":0.0,""decimal_odds"":1.69,""edge"":0.0189,""expected_value"":0.0157,""fractional_kelly"":0.0045,""hold"":0.0324,""implied_prob"":0.5821,""is_value"":false,""kelly_fraction"":0.0227,""market_books"":4,""market_implied_prob"":0.5952,""market_source"":""median_complete_book_no_vig"",""model_prob"":0.601,""raw_model_prob"":0.6136,""unrealistic_flag"":false}},""expected_value"":0.0304,""fractional_kelly"":0.0078,""home_availability_profile"":null,""home_bullpen_tax"":0.349,""home_goalie"":null,""home_goalie_status"":null,""home_injury_profile"":null,""home_lineup_profile"":{""active_hitters"":13,""available_hitters"":13,""confirmed_hitters"":9,""confirmed_leader_absence_burden"":0,""confirmed_lefty_share"":0.4444,""confirmed_lineup"":true,""confirmed_righty_share"":0.4444,""confirmed_switch_share"":0.0,""confirmed_top_order_score"":1.0,""injured_hitters"":0,""key_bat_absence_score"":0.0,""leader_absence_burden"":0.0,""left_handed_batters"":4,""lefty_share"":0.3077,""right_handed_batters"":9,""righty_share"":0.6923,""switch_hitters"":0,""switch_share"":0.0},""home_pitcher"":""Bubba Chandler"",""home_pitcher_hand"":""R"",""home_team"":""Pirates"",""individual_models"":{""bullpen_features"":{""away"":0.4345,""home"":0.5655},""elo"":{""away"":0.4404,""home"":0.5596},""handedness_features"":{""away"":0.422,""home"":0.578},""pitcher_features"":{""away"":0.4402,""home"":0.5598},""results_features"":{""away"":0.5406,""home"":0.4594},""run_environment"":{""away"":0.5317,""home"":0.4683}},""kelly_fraction"":0.0389,""market_snapshot"":{""benchmark"":{""books_tracked"":9,""fair_probs"":{""away"":0.4499,""home"":0.5501},""hold"":0.0387,""raw_probs"":{""away"":0.4673,""home"":0.5682},""source"":""median_complete_book_no_vig""},""books"":[{""book"":""FanDuel"",""fair_probs"":{""away"":0.4499,""home"":0.5501},""hold"":0.0387,""last_update"":""2026-04-06T13:02:03Z"",""outcomes"":{""away"":2.14,""home"":1.75},""raw_probs"":{""away"":0.4673,""home"":0.5714}},{""book"":""LowVig.ag"",""fair_probs"":{""away"":0.4506,""home"":0.5494},""hold"":0.0226,""last_update"":""2026-04-06T13:01:50Z"",""outcomes"":{""away"":2.17,""home"":1.78},""raw_probs"":{""away"":0.4608,""home"":0.5618}},{""book"":""BetOnline.ag"",""fair_probs"":{""away"":0.4506,""home"":0.5494},""hold"":0.0226,""last_update"":""2026-04-06T13:01:52Z"",""outcomes"":{""away"":2.17,""home"":1.78},""raw_probs"":{""away"":0.4608,""home"":0.5618}},{""book"":""BetUS"",""fair_probs"":{""away"":0.4481,""home"":0.5519},""hold"":0.0237,""last_update"":""2026-04-06T13:01:51Z"",""outcomes"":{""away"":2.18,""home"":1.77},""raw_probs"":{""away"":0.4587,""home"":0.565}},{""book"":""DraftKings"",""fair_probs"":{""away"":0.4496,""home"":0.5504},""hold"":0.0442,""last_update"":""2026-04-06T13:01:31Z"",""outcomes"":{""away"":2.13,""home"":1.74},""raw_probs"":{""away"":0.4695,""home"":0.5747}},{""book"":""BetMGM"",""fair_probs"":{""away"":0.4634,""home"":0.5366},""hold"":0.0528,""last_update"":""2026-04-06T13:01:07Z"",""outcomes"":{""away"":2.05,""home"":1.77},""raw_probs"":{""away"":0.4878,""home"":0.565}},{""book"":""MyBookie.ag"",""fair_probs"":{""away"":0.4499,""home"":0.5501},""hold"":0.0387,""last_update"":""2026-04-06T13:00:21Z"",""outcomes"":{""away"":2.14,""home"":1.75},""raw_probs"":{""away"":0.4673,""home"":0.5714}},{""book"":""BetRivers"",""fair_probs"":{""away"":0.4607,""home"":0.5393},""hold"":0.0536,""last_update"":""2026-04-06T13:01:53Z"",""outcomes"":{""away"":2.06,""home"":1.76},""raw_probs"":{""away"":0.4854,""home"":0.5682}},{""book"":""Bovada"",""fair_probs"":{""away"":0.4444,""home"":0.5556},""hold"":0.0465,""last_update"":""2026-04-06T12:58:16Z"",""outcomes"":{""away"":2.15,""home"":1.72},""raw_probs"":{""away"":0.4651,""home"":0.5814}}],""execution_prices"":{""away"":2.18,""home"":1.78}},""matchday"":null,""model_prob"":0.6136,""model_probs"":{""away"":0.3864,""home"":0.6136},""neutral"":false,""pick"":""home"",""qualitative_analysis"":{""away_impact"":0.0,""away_team"":""Padres"",""home_impact"":0.0,""home_team"":""Pirates"",""individual_factors"":[],""net_qualitative_edge"":""none"",""sport"":""mlb"",""summary"":""There is no qualitative information available to assess any impact for either team.""},""qualitative_summary"":""Qualitative (H:0.0 A:0.0): no effect. "",""run_id"":""refresh-20260406T213533781651Z"",""run_type"":""refresh"",""snapshot_path"":""tracking/snapshots/2026-04-06/mlb/refresh-20260406T213533781651Z.json"",""snapshot_timestamp"":""2026-04-06T21:35:33Z"",""start_time"":""2026-04-06T22:40Z"",""weather"":{""precipitation_probability"":12,""temperature_f"":48.6,""weather_exposed"":true,""wind_mph"":13.0}}","{""pick_type"":""slop_lock"",""publication_guard"":{},""selection_config"":{""additional_confidence_floor"":48,""confidence_dropoff"":6,""edge_floor"":0.015,""max_picks"":4,""min_expected_value"":0.0,""probability_floor"":0.52}}"
2026-04-07T04:05:44Z,refresh-20260406T213533781651Z,refresh,2026-04-06T21:35:33Z,tracking/snapshots/2026-04-06/mlb/refresh-20260406T213533781651Z.json,mlb,total_lock,total,Blue Jays,Dodgers,2026-04-06,2026-04-07T23:08:00Z,over,7.5,10.794,6.233,0.6255,0.5117,0.5348,0.1138,0.176,-114,1.88,83.3,0.2,0.04,median_complete_book_no_vig,4,0.0466,,,,,,0,0.0,0.02,0.53,54,,3,"{""benchmark"":{""books_tracked"":6,""fair_probs"":{""over"":0.528,""under"":0.472},""hold"":0.0453,""raw_probs"":{""over"":0.551,""under"":0.4939},""source"":""median_complete_book_no_vig""},""books"":[{""book"":""FanDuel"",""fair_probs"":{""over"":0.5236,""under"":0.4764},""hold"":0.0495,""last_update"":""2026-04-06T13:02:03Z"",""outcomes"":{""over"":1.82,""under"":2.0},""raw_probs"":{""over"":0.5495,""under"":0.5}},{""book"":""LowVig.ag"",""fair_probs"":{""over"":0.5347,""under"":0.4653},""hold"":0.0333,""last_update"":""2026-04-06T13:01:50Z"",""outcomes"":{""over"":1.81,""under"":2.08},""raw_probs"":{""over"":0.5525,""under"":0.4808}},{""book"":""BetOnline.ag"",""fair_probs"":{""over"":0.5351,""under"":0.4649},""hold"":0.0441,""last_update"":""2026-04-06T13:01:52Z"",""outcomes"":{""over"":1.79,""under"":2.06},""raw_probs"":{""over"":0.5587,""under"":0.4854}},{""book"":""BetUS"",""fair_probs"":{""over"":0.5325,""under"":0.4675},""hold"":0.0434,""last_update"":""2026-04-06T13:01:51Z"",""outcomes"":{""over"":1.8,""under"":2.05},""raw_probs"":{""over"":0.5556,""under"":0.4878}},{""book"":""BetMGM"",""fair_probs"":{""over"":0.5222,""under"":0.4778},""hold"":0.0464,""last_update"":""2026-04-06T13:01:07Z"",""outcomes"":{""over"":1.83,""under"":2.0},""raw_probs"":{""over"":0.5464,""under"":0.5}},{""book"":""BetRivers"",""fair_probs"":{""over"":0.5236,""under"":0.4764},""hold"":0.0495,""last_update"":""2026-04-06T13:01:53Z"",""outcomes"":{""over"":1.82,""under"":2.0},""raw_probs"":{""over"":0.5495,""under"":0.5}}],""execution_prices"":{""over"":1.83,""under"":2.08},""line"":8.5}","{""over"":0.7014,""under"":0.2986}","{""totals_model"":{""over"":0.6147,""under"":0.3853}}","{""american_odds"":-114,""away_bullpen_tax"":0.442,""away_lineup_profile"":{""active_hitters"":12,""available_hitters"":12,""confirmed_hitters"":9,""confirmed_leader_absence_burden"":0,""confirmed_lefty_share"":0.6667,""confirmed_lineup"":true,""confirmed_righty_share"":0.2222,""confirmed_switch_share"":0.0,""confirmed_top_order_score"":1.0,""injured_hitters"":0,""key_bat_absence_score"":0.0,""leader_absence_burden"":0.0,""left_handed_batters"":4,""lefty_share"":0.3333,""right_handed_batters"":8,""righty_share"":0.6667,""switch_hitters"":0,""switch_share"":0.0},""away_pitcher"":""Justin Wrobleski"",""away_pitcher_hand"":""L"",""away_team"":""Dodgers"",""base_expected_total"":10.318,""completed"":false,""confidence_score"":83.3,""date"":""2026-04-06"",""edges"":{""over"":{""american_odds"":-114,""confidence_score"":83.3,""decimal_odds"":1.88,""edge"":0.1138,""expected_value"":0.176,""fractional_kelly"":0.04,""hold"":0.0466,""implied_prob"":0.5117,""is_value"":true,""kelly_fraction"":0.2,""market_books"":4,""market_implied_prob"":0.5348,""market_source"":""median_complete_book_no_vig"",""model_prob"":0.6255,""raw_model_prob"":0.7014,""unrealistic_flag"":false},""under"":{""american_odds"":-102,""confidence_score"":14.1,""decimal_odds"":1.98,""edge"":-0.1138,""expected_value"":-0.2586,""fractional_kelly"":0.0,""hold"":0.0466,""implied_prob"":0.4883,""is_value"":false,""kelly_fraction"":0.0,""market_books"":4,""market_implied_prob"":0.5089,""market_source"":""median_complete_book_no_vig"",""model_prob"":0.3745,""raw_model_prob"":0.2986,""unrealistic_flag"":false}},""expected_total"":10.794,""home_bullpen_tax"":1.266,""home_lineup_profile"":{""active_hitters"":13,""available_hitters"":13,""confirmed_hitters"":9,""confirmed_leader_absence_burden"":0,""confirmed_lefty_share"":0.2222,""confirmed_lineup"":true,""confirmed_righty_share"":0.6667,""confirmed_switch_share"":0.0,""confirmed_top_order_score"":1.0,""injured_hitters"":0,""key_bat_absence_score"":0.0,""leader_absence_burden"":0.0,""left_handed_batters"":5,""lefty_share"":0.3846,""right_handed_batters"":8,""righty_share"":0.6154,""switch_hitters"":0,""switch_share"":0.0},""home_pitcher"":""Max Scherzer"",""home_pitcher_hand"":""R"",""home_team"":""Blue Jays"",""individual_models"":{""totals_model"":{""over"":0.6147,""under"":0.3853}},""market_snapshot"":{""benchmark"":{""books_tracked"":6,""fair_probs"":{""over"":0.528,""under"":0.472},""hold"":0.0453,""raw_probs"":{""over"":0.551,""under"":0.4939},""source"":""median_complete_book_no_vig""},""books"":[{""book"":""FanDuel"",""fair_probs"":{""over"":0.5236,""under"":0.4764},""hold"":0.0495,""last_update"":""2026-04-06T13:02:03Z"",""outcomes"":{""over"":1.82,""under"":2.0},""raw_probs"":{""over"":0.5495,""under"":0.5}},{""book"":""LowVig.ag"",""fair_probs"":{""over"":0.5347,""under"":0.4653},""hold"":0.0333,""last_update"":""2026-04-06T13:01:50Z"",""outcomes"":{""over"":1.81,""under"":2.08},""raw_probs"":{""over"":0.5525,""under"":0.4808}},{""book"":""BetOnline.ag"",""fair_probs"":{""over"":0.5351,""under"":0.4649},""hold"":0.0441,""last_update"":""2026-04-06T13:01:52Z"",""outcomes"":{""over"":1.79,""under"":2.06},""raw_probs"":{""over"":0.5587,""under"":0.4854}},{""book"":""BetUS"",""fair_probs"":{""over"":0.5325,""under"":0.4675},""hold"":0.0434,""last_update"":""2026-04-06T13:01:51Z"",""outcomes"":{""over"":1.8,""under"":2.05},""raw_probs"":{""over"":0.5556,""under"":0.4878}},{""book"":""BetMGM"",""fair_probs"":{""over"":0.5222,""under"":0.4778},""hold"":0.0464,""last_update"":""2026-04-06T13:01:07Z"",""outcomes"":{""over"":1.83,""under"":2.0},""raw_probs"":{""over"":0.5464,""under"":0.5}},{""book"":""BetRivers"",""fair_probs"":{""over"":0.5236,""under"":0.4764},""hold"":0.0495,""last_update"":""2026-04-06T13:01:53Z"",""outcomes"":{""over"":1.82,""under"":2.0},""raw_probs"":{""over"":0.5495,""under"":0.5}}],""execution_prices"":{""over"":1.83,""under"":2.08},""line"":8.5},""market_type"":""total"",""model_prob"":0.7014,""model_probs"":{""over"":0.7014,""under"":0.2986},""neutral"":false,""pick"":""over"",""run_id"":""refresh-20260406T213533781651Z"",""run_type"":""refresh"",""snapshot_path"":""tracking/snapshots/2026-04-06/mlb/refresh-20260406T213533781651Z.json"",""snapshot_timestamp"":""2026-04-06T21:35:33Z"",""start_time"":""2026-04-07T23:08:00Z"",""total_line"":7.5,""total_stddev"":6.233,""weather"":{""precipitation_probability"":null,""temperature_f"":null,""weather_exposed"":false,""wind_mph"":null}}","{""pick_type"":""total_lock"",""publication_guard"":{},""selection_config"":{""confidence_floor"":54,""edge_floor"":0.02,""max_picks"":3,""min_expected_value"":0.0,""probability_floor"":0.53}}"
2026-04-07T04:05:44Z,refresh-20260406T213533781651Z,refresh,2026-04-06T21:35:33Z,tracking/snapshots/2026-04-06/mlb/refresh-20260406T213533781651Z.json,mlb,total_lock,total,Marlins,Reds,2026-04-06,2026-04-07T22:41:00Z,over,7.0,9.55,6.233,0.5953,0.5,0.5236,0.0953,0.1489,-108,1.93,79.1,0.1601,0.032,median_complete_book_no_vig,3,0.0471,,,,,,0,0.0,0.02,0.53,54,,3,"{""benchmark"":{""books_tracked"":9,""fair_probs"":{""over"":0.4935,""under"":0.5065},""hold"":0.0476,""raw_probs"":{""over"":0.5181,""under"":0.5236},""source"":""median_complete_book_no_vig""},""books"":[{""book"":""FanDuel"",""fair_probs"":{""over"":0.4856,""under"":0.5144},""hold"":0.0507,""last_update"":""2026-04-06T13:02:03Z"",""outcomes"":{""over"":1.96,""under"":1.85},""raw_probs"":{""over"":0.5102,""under"":0.5405}},{""book"":""LowVig.ag"",""fair_probs"":{""over"":0.4935,""under"":0.5065},""hold"":0.0338,""last_update"":""2026-04-06T13:01:50Z"",""outcomes"":{""over"":1.96,""under"":1.91},""raw_probs"":{""over"":0.5102,""under"":0.5236}},{""book"":""BetOnline.ag"",""fair_probs"":{""over"":0.4934,""under"":0.5066},""hold"":0.05,""last_update"":""2026-04-06T13:01:52Z"",""outcomes"":{""over"":1.93,""under"":1.88},""raw_probs"":{""over"":0.5181,""under"":0.5319}},{""book"":""DraftKings"",""fair_probs"":{""over"":0.5052,""under"":0.4948},""hold"":0.0472,""last_update"":""2026-04-06T13:01:31Z"",""outcomes"":{""over"":1.89,""under"":1.93},""raw_probs"":{""over"":0.5291,""under"":0.5181}},{""book"":""BetMGM"",""fair_probs"":{""over"":0.5105,""under"":0.4895},""hold"":0.0476,""last_update"":""2026-04-06T13:01:07Z"",""outcomes"":{""over"":1.87,""under"":1.95},""raw_probs"":{""over"":0.5348,""under"":0.5128}},{""book"":""BetUS"",""fair_probs"":{""over"":0.4895,""under"":0.5105},""hold"":0.0476,""last_update"":""2026-04-06T13:01:51Z"",""outcomes"":{""over"":1.95,""under"":1.87},""raw_probs"":{""over"":0.5128,""under"":0.5348}},{""book"":""BetRivers"",""fair_probs"":{""over"":0.5053,""under"":0.4947},""hold"":0.0527,""last_update"":""2026-04-06T13:01:53Z"",""outcomes"":{""over"":1.88,""under"":1.92},""raw_probs"":{""over"":0.5319,""under"":0.5208}},{""book"":""MyBookie.ag"",""fair_probs"":{""over"":0.5092,""under"":0.4908},""hold"":0.0502,""last_update"":""2026-04-06T13:00:21Z"",""outcomes"":{""over"":1.87,""under"":1.94},""raw_probs"":{""over"":0.5348,""under"":0.5155}},{""book"":""Bovada"",""fair_probs"":{""over"":0.4778,""under"":0.5222},""hold"":0.0464,""last_update"":""2026-04-06T12:58:16Z"",""outcomes"":{""over"":2.0,""under"":1.83},""raw_probs"":{""over"":0.5,""under"":0.5464}}],""execution_prices"":{""over"":2.0,""under"":1.95},""line"":8.0}","{""over"":0.6588,""under"":0.3412}","{""totals_model"":{""over"":0.5748,""under"":0.4252}}","{""american_odds"":-108,""away_bullpen_tax"":0.296,""away_lineup_profile"":{""active_hitters"":13,""available_hitters"":13,""confirmed_hitters"":9,""confirmed_leader_absence_burden"":0,""confirmed_lefty_share"":0.2222,""confirmed_lineup"":true,""confirmed_righty_share"":0.6667,""confirmed_switch_share"":0.0,""confirmed_top_order_score"":1.0,""injured_hitters"":0,""key_bat_absence_score"":0.0,""leader_absence_burden"":0.0,""left_handed_batters"":3,""lefty_share"":0.2308,""right_handed_batters"":10,""righty_share"":0.7692,""switch_hitters"":0,""switch_share"":0.0},""away_pitcher"":""Brandon Williamson"",""away_pitcher_hand"":""L"",""away_team"":""Reds"",""base_expected_total"":9.176,""completed"":false,""confidence_score"":79.1,""date"":""2026-04-06"",""edges"":{""over"":{""american_odds"":-108,""confidence_score"":79.1,""decimal_odds"":1.93,""edge"":0.0953,""expected_value"":0.1489,""fractional_kelly"":0.032,""hold"":0.0471,""implied_prob"":0.5,""is_value"":true,""kelly_fraction"":0.1601,""market_books"":3,""market_implied_prob"":0.5236,""market_source"":""median_complete_book_no_vig"",""model_prob"":0.5953,""raw_model_prob"":0.6588,""unrealistic_flag"":false},""under"":{""american_odds"":-108,""confidence_score"":16.9,""decimal_odds"":1.93,""edge"":-0.0953,""expected_value"":-0.2189,""fractional_kelly"":0.0,""hold"":0.0471,""implied_prob"":0.5,""is_value"":false,""kelly_fraction"":0.0,""market_books"":3,""market_implied_prob"":0.5181,""market_source"":""median_complete_book_no_vig"",""model_prob"":0.4047,""raw_model_prob"":0.3412,""unrealistic_flag"":false}},""expected_total"":9.55,""home_bullpen_tax"":1.333,""home_lineup_profile"":{""active_hitters"":13,""available_hitters"":13,""confirmed_hitters"":9,""confirmed_leader_absence_burden"":1.6,""confirmed_lefty_share"":0.1111,""confirmed_lineup"":true,""confirmed_righty_share"":0.7778,""confirmed_switch_share"":0.0,""confirmed_top_order_score"":1.0,""injured_hitters"":0,""key_bat_absence_score"":0.0,""leader_absence_burden"":0.0,""left_handed_batters"":5,""lefty_share"":0.3846,""right_handed_batters"":8,""righty_share"":0.6154,""switch_hitters"":0,""switch_share"":0.0},""home_pitcher"":""Janson Junk"",""home_pitcher_hand"":""R"",""home_team"":""Marlins"",""individual_models"":{""totals_model"":{""over"":0.5748,""under"":0.4252}},""market_snapshot"":{""benchmark"":{""books_tracked"":9,""fair_probs"":{""over"":0.4935,""under"":0.5065},""hold"":0.0476,""raw_probs"":{""over"":0.5181,""under"":0.5236},""source"":""median_complete_book_no_vig""},""books"":[{""book"":""FanDuel"",""fair_probs"":{""over"":0.4856,""under"":0.5144},""hold"":0.0507,""last_update"":""2026-04-06T13:02:03Z"",""outcomes"":{""over"":1.96,""under"":1.85},""raw_probs"":{""over"":0.5102,""under"":0.5405}},{""book"":""LowVig.ag"",""fair_probs"":{""over"":0.4935,""under"":0.5065},""hold"":0.0338,""last_update"":""2026-04-06T13:01:50Z"",""outcomes"":{""over"":1.96,""under"":1.91},""raw_probs"":{""over"":0.5102,""under"":0.5236}},{""book"":""BetOnline.ag"",""fair_probs"":{""over"":0.4934,""under"":0.5066},""hold"":0.05,""last_update"":""2026-04-06T13:01:52Z"",""outcomes"":{""over"":1.93,""under"":1.88},""raw_probs"":{""over"":0.5181,""under"":0.5319}},{""book"":""DraftKings"",""fair_probs"":{""over"":0.5052,""under"":0.4948},""hold"":0.0472,""last_update"":""2026-04-06T13:01:31Z"",""outcomes"":{""over"":1.89,""under"":1.93},""raw_probs"":{""over"":0.5291,""under"":0.5181}},{""book"":""BetMGM"",""fair_probs"":{""over"":0.5105,""under"":0.4895},""hold"":0.0476,""last_update"":""2026-04-06T13:01:07Z"",""outcomes"":{""over"":1.87,""under"":1.95},""raw_probs"":{""over"":0.5348,""under"":0.5128}},{""book"":""BetUS"",""fair_probs"":{""over"":0.4895,""under"":0.5105},""hold"":0.0476,""last_update"":""2026-04-06T13:01:51Z"",""outcomes"":{""over"":1.95,""under"":1.87},""raw_probs"":{""over"":0.5128,""under"":0.5348}},{""book"":""BetRivers"",""fair_probs"":{""over"":0.5053,""under"":0.4947},""hold"":0.0527,""last_update"":""2026-04-06T13:01:53Z"",""outcomes"":{""over"":1.88,""under"":1.92},""raw_probs"":{""over"":0.5319,""under"":0.5208}},{""book"":""MyBookie.ag"",""fair_probs"":{""over"":0.5092,""under"":0.4908},""hold"":0.0502,""last_update"":""2026-04-06T13:00:21Z"",""outcomes"":{""over"":1.87,""under"":1.94},""raw_probs"":{""over"":0.5348,""under"":0.5155}},{""book"":""Bovada"",""fair_probs"":{""over"":0.4778,""under"":0.5222},""hold"":0.0464,""last_update"":""2026-04-06T12:58:16Z"",""outcomes"":{""over"":2.0,""under"":1.83},""raw_probs"":{""over"":0.5,""under"":0.5464}}],""execution_prices"":{""over"":2.0,""under"":1.95},""line"":8.0},""market_type"":""total"",""model_prob"":0.6588,""model_probs"":{""over"":0.6588,""under"":0.3412},""neutral"":false,""pick"":""over"",""run_id"":""refresh-20260406T213533781651Z"",""run_type"":""refresh"",""snapshot_path"":""tracking/snapshots/2026-04-06/mlb/refresh-20260406T213533781651Z.json"",""snapshot_timestamp"":""2026-04-06T21:35:33Z"",""start_time"":""2026-04-07T22:41:00Z"",""total_line"":7.0,""total_stddev"":6.233,""weather"":{""precipitation_probability"":null,""temperature_f"":null,""weather_exposed"":false,""wind_mph"":null}}","{""pick_type"":""total_lock"",""publication_guard"":{},""selection_config"":{""confidence_floor"":54,""edge_floor"":0.02,""max_picks"":3,""min_expected_value"":0.0,""probability_floor"":0.53}}"
2026-04-07T04:05:44Z,refresh-20260406T213533781651Z,refresh,2026-04-06T21:35:33Z,tracking/snapshots/2026-04-06/nba/refresh-20260406T213533781651Z.json,nba,slop_lock,moneyline,Nuggets,Trail Blazers,2026-04-06,2026-04-07T01:00Z,home,,,,0.7083,0.7292,0.7634,-0.0209,-0.0579,-303,1.33,0.0,0.0,0.0,median_complete_book_no_vig,9,0.0417,,,,,,0,0.0,0.02,0.5,52,8,5,"{""benchmark"":{""books_tracked"":9,""fair_probs"":{""away"":0.2565,""home"":0.7435},""hold"":0.0419,""raw_probs"":{""away"":0.2674,""home"":0.7752},""source"":""median_complete_book_no_vig""},""books"":[{""book"":""FanDuel"",""fair_probs"":{""away"":0.2668,""home"":0.7332},""hold"":0.0411,""last_update"":""2026-04-06T12:58:08Z"",""outcomes"":{""away"":3.6,""home"":1.31},""raw_probs"":{""away"":0.2778,""home"":0.7634}},{""book"":""DraftKings"",""fair_probs"":{""away"":0.2585,""home"":0.7415},""hold"":0.0455,""last_update"":""2026-04-06T12:57:34Z"",""outcomes"":{""away"":3.7,""home"":1.29},""raw_probs"":{""away"":0.2703,""home"":0.7752}},{""book"":""BetRivers"",""fair_probs"":{""away"":0.2873,""home"":0.7127},""hold"":0.0549,""last_update"":""2026-04-06T12:57:34Z"",""outcomes"":{""away"":3.3,""home"":1.33},""raw_probs"":{""away"":0.303,""home"":0.7519}},{""book"":""BetOnline.ag"",""fair_probs"":{""away"":0.2565,""home"":0.7435},""hold"":0.0426,""last_update"":""2026-04-06T12:57:19Z"",""outcomes"":{""away"":3.74,""home"":1.29},""raw_probs"":{""away"":0.2674,""home"":0.7752}},{""book"":""LowVig.ag"",""fair_probs"":{""away"":0.2559,""home"":0.7441},""hold"":0.0338,""last_update"":""2026-04-06T12:57:18Z"",""outcomes"":{""away"":3.78,""home"":1.3},""raw_probs"":{""away"":0.2646,""home"":0.7692}},{""book"":""BetMGM"",""fair_probs"":{""away"":0.2534,""home"":0.7466},""hold"":0.0384,""last_update"":""2026-04-06T12:57:18Z"",""outcomes"":{""away"":3.8,""home"":1.29},""raw_probs"":{""away"":0.2632,""home"":0.7752}},{""book"":""Bovada"",""fair_probs"":{""away"":0.256,""home"":0.744},""hold"":0.0419,""last_update"":""2026-04-06T12:54:34Z"",""outcomes"":{""away"":3.75,""home"":1.29},""raw_probs"":{""away"":0.2667,""home"":0.7752}},{""book"":""BetUS"",""fair_probs"":{""away"":0.256,""home"":0.744},""hold"":0.0419,""last_update"":""2026-04-06T12:57:19Z"",""outcomes"":{""away"":3.75,""home"":1.29},""raw_probs"":{""away"":0.2667,""home"":0.7752}},{""book"":""MyBookie.ag"",""fair_probs"":{""away"":0.2606,""home"":0.7394},""hold"":0.0484,""last_update"":""2026-04-06T12:58:17Z"",""outcomes"":{""away"":3.66,""home"":1.29},""raw_probs"":{""away"":0.2732,""home"":0.7752}}],""execution_prices"":{""away"":3.8,""home"":1.33}}","{""away"":0.3056,""home"":0.6944}","{""efficiency"":{""away"":0.3202,""home"":0.6798},""elo"":{""away"":0.2141,""home"":0.7859},""four_factors"":{""away"":0.4611,""home"":0.5389},""nba_matchup"":{""away"":0.5247,""home"":0.4753},""recent_boxscore"":{""away"":0.3973,""home"":0.6027},""results_features"":{""away"":0.387,""home"":0.613}}","{""american_odds"":-303,""away_availability_profile"":{""active_players"":18,""available_core_players"":13,""doubtful_players"":0,""event_injury_burden"":4.0,""event_key_absence_score"":0.0,""event_leader_absence_burden"":0.0,""event_leader_uncertainty_burden"":0.0,""event_uncertainty_burden"":0.0,""injured_players"":5,""injury_burden"":4.35,""key_absence_score"":0.0,""leader_absence_burden"":0.0,""leader_uncertainty_burden"":0.0,""questionable_players"":0,""uncertainty_burden"":0.0},""away_bullpen_tax"":null,""away_goalie"":null,""away_goalie_status"":null,""away_injury_profile"":null,""away_lineup_profile"":null,""away_pitcher"":null,""away_pitcher_hand"":null,""away_team"":""Trail Blazers"",""base_model_probs"":{""away"":0.3252,""home"":0.6748},""best_odds"":{""away"":260,""home"":-303},""completed"":false,""confidence_score"":39.4,""confidence_stars"":2,""date"":""2026-04-06"",""edge"":-0.0209,""edges"":{""away"":{""american_odds"":260,""confidence_score"":0.0,""decimal_odds"":3.6,""edge"":0.0209,""expected_value"":0.05,""fractional_kelly"":0.0048,""hold"":0.0417,""implied_prob"":0.2708,""is_value"":false,""kelly_fraction"":0.0192,""market_books"":9,""market_implied_prob"":0.2825,""market_source"":""median_complete_book_no_vig"",""model_prob"":0.2917,""raw_model_prob"":0.3056,""unrealistic_flag"":false},""home"":{""american_odds"":-303,""confidence_score"":0.0,""decimal_odds"":1.33,""edge"":-0.0209,""expected_value"":-0.0579,""fractional_kelly"":0.0,""hold"":0.0417,""implied_prob"":0.7292,""is_value"":false,""kelly_fraction"":0.0,""market_books"":9,""market_implied_prob"":0.7634,""market_source"":""median_complete_book_no_vig"",""model_prob"":0.7083,""raw_model_prob"":0.6944,""unrealistic_flag"":false}},""expected_value"":-0.066,""fractional_kelly"":0.0,""home_availability_profile"":{""active_players"":18,""available_core_players"":18,""doubtful_players"":0,""event_injury_burden"":3.35,""event_key_absence_score"":0.0,""event_leader_absence_burden"":0.0,""event_leader_uncertainty_burden"":0.0,""event_uncertainty_burden"":0.35,""injured_players"":0,""injury_burden"":0.0,""key_absence_score"":0.0,""leader_absence_burden"":0.0,""leader_uncertainty_burden"":0.0,""questionable_players"":0,""uncertainty_burden"":0.0},""home_bullpen_tax"":null,""home_goalie"":null,""home_goalie_status"":null,""home_injury_profile"":null,""home_lineup_profile"":null,""home_pitcher"":null,""home_pitcher_hand"":null,""home_team"":""Nuggets"",""individual_models"":{""efficiency"":{""away"":0.3202,""home"":0.6798},""elo"":{""away"":0.2141,""home"":0.7859},""four_factors"":{""away"":0.4611,""home"":0.5389},""nba_matchup"":{""away"":0.5247,""home"":0.4753},""recent_boxscore"":{""away"":0.3973,""home"":0.6027},""results_features"":{""away"":0.387,""home"":0.613}},""kelly_fraction"":0.0,""market_snapshot"":{""benchmark"":{""books_tracked"":9,""fair_probs"":{""away"":0.2565,""home"":0.7435},""hold"":0.0419,""raw_probs"":{""away"":0.2674,""home"":0.7752},""source"":""median_complete_book_no_vig""},""books"":[{""book"":""FanDuel"",""fair_probs"":{""away"":0.2668,""home"":0.7332},""hold"":0.0411,""last_update"":""2026-04-06T12:58:08Z"",""outcomes"":{""away"":3.6,""home"":1.31},""raw_probs"":{""away"":0.2778,""home"":0.7634}},{""book"":""DraftKings"",""fair_probs"":{""away"":0.2585,""home"":0.7415},""hold"":0.0455,""last_update"":""2026-04-06T12:57:34Z"",""outcomes"":{""away"":3.7,""home"":1.29},""raw_probs"":{""away"":0.2703,""home"":0.7752}},{""book"":""BetRivers"",""fair_probs"":{""away"":0.2873,""home"":0.7127},""hold"":0.0549,""last_update"":""2026-04-06T12:57:34Z"",""outcomes"":{""away"":3.3,""home"":1.33},""raw_probs"":{""away"":0.303,""home"":0.7519}},{""book"":""BetOnline.ag"",""fair_probs"":{""away"":0.2565,""home"":0.7435},""hold"":0.0426,""last_update"":""2026-04-06T12:57:19Z"",""outcomes"":{""away"":3.74,""home"":1.29},""raw_probs"":{""away"":0.2674,""home"":0.7752}},{""book"":""LowVig.ag"",""fair_probs"":{""away"":0.2559,""home"":0.7441},""hold"":0.0338,""last_update"":""2026-04-06T12:57:18Z"",""outcomes"":{""away"":3.78,""home"":1.3},""raw_probs"":{""away"":0.2646,""home"":0.7692}},{""book"":""BetMGM"",""fair_probs"":{""away"":0.2534,""home"":0.7466},""hold"":0.0384,""last_update"":""2026-04-06T12:57:18Z"",""outcomes"":{""away"":3.8,""home"":1.29},""raw_probs"":{""away"":0.2632,""home"":0.7752}},{""book"":""Bovada"",""fair_probs"":{""away"":0.256,""home"":0.744},""hold"":0.0419,""last_update"":""2026-04-06T12:54:34Z"",""outcomes"":{""away"":3.75,""home"":1.29},""raw_probs"":{""away"":0.2667,""home"":0.7752}},{""book"":""BetUS"",""fair_probs"":{""away"":0.256,""home"":0.744},""hold"":0.0419,""last_update"":""2026-04-06T12:57:19Z"",""outcomes"":{""away"":3.75,""home"":1.29},""raw_probs"":{""away"":0.2667,""home"":0.7752}},{""book"":""MyBookie.ag"",""fair_probs"":{""away"":0.2606,""home"":0.7394},""hold"":0.0484,""last_update"":""2026-04-06T12:58:17Z"",""outcomes"":{""away"":3.66,""home"":1.29},""raw_probs"":{""away"":0.2732,""home"":0.7752}}],""execution_prices"":{""away"":3.8,""home"":1.33}},""matchday"":null,""model_prob"":0.6944,""model_probs"":{""away"":0.3056,""home"":0.6944},""neutral"":false,""pick"":""home"",""qualitative_analysis"":{""away_impact"":0.0,""away_team"":""Trail Blazers"",""home_impact"":0.0,""home_team"":""Nuggets"",""individual_factors"":[],""net_qualitative_edge"":""none"",""sport"":""nba"",""summary"":""No significant qualitative factors identified or API error.""},""qualitative_summary"":""No qualitative impact."",""run_id"":""refresh-20260406T213533781651Z"",""run_type"":""refresh"",""snapshot_path"":""tracking/snapshots/2026-04-06/nba/refresh-20260406T213533781651Z.json"",""snapshot_timestamp"":""2026-04-06T21:35:33Z"",""start_time"":""2026-04-07T01:00Z"",""weather"":null}","{""pick_type"":""slop_lock"",""publication_guard"":{},""selection_config"":{""additional_confidence_floor"":52,""confidence_dropoff"":8,""edge_floor"":0.02,""max_picks"":5,""min_expected_value"":0.0,""probability_floor"":0.5}}"
2026-04-07T04:05:44Z,daily-20260407T034603566085Z,daily,2026-04-07T03:46:03Z,tracking/snapshots/2026-04-07/nba/daily-20260407T034603566085Z.json,nba,longslop,moneyline,Nuggets,Trail Blazers,2026-04-06,2026-04-07T01:00Z,away,,,,0.1673,0.0982,0.1042,0.0691,1.5093,1400,15.0,33.7,0.1078,0.027,median_complete_book_no_vig,6,0.0614,partial,totals disabled by config,True,20,6,161,0.0,,,55,,,"{""benchmark"":{""books_tracked"":6,""fair_probs"":{""away"":0.0982,""home"":0.9018},""hold"":0.0614,""raw_probs"":{""away"":0.1042,""home"":0.957},""source"":""median_complete_book_no_vig""},""books"":[{""book"":""FanDuel"",""fair_probs"":{""away"":0.0977,""home"":0.9023},""hold"":0.0555,""last_update"":""2026-04-07T03:45:54Z"",""outcomes"":{""away"":9.7,""home"":1.05},""raw_probs"":{""away"":0.1031,""home"":0.9524}},{""book"":""DraftKings"",""fair_probs"":{""away"":0.0643,""home"":0.9357},""hold"":0.0375,""last_update"":""2026-04-07T03:46:08Z"",""outcomes"":{""away"":15.0,""home"":1.03},""raw_probs"":{""away"":0.0667,""home"":0.9709}},{""book"":""BetRivers"",""fair_probs"":{""away"":0.0987,""home"":0.9013},""hold"":0.0668,""last_update"":""2026-04-07T03:45:35Z"",""outcomes"":{""away"":9.5,""home"":1.04},""raw_probs"":{""away"":0.1053,""home"":0.9615}},{""book"":""BetMGM"",""fair_probs"":{""away"":0.0964,""home"":0.9036},""hold"":0.0641,""last_update"":""2026-04-07T03:45:33Z"",""outcomes"":{""away"":9.75,""home"":1.04},""raw_probs"":{""away"":0.1026,""home"":0.9615}},{""book"":""Bovada"",""fair_probs"":{""away"":0.3627,""home"":0.6373},""hold"":0.0603,""last_update"":""2026-04-07T03:37:53Z"",""outcomes"":{""away"":2.6,""home"":1.48},""raw_probs"":{""away"":0.3846,""home"":0.6757}},{""book"":""MyBookie.ag"",""fair_probs"":{""away"":0.2024,""home"":0.7976},""hold"":0.0625,""last_update"":""2026-04-07T03:44:13Z"",""outcomes"":{""away"":4.65,""home"":1.18},""raw_probs"":{""away"":0.2151,""home"":0.8475}}],""execution_prices"":{""away"":15.0,""home"":1.48}}","{""away"":0.3285,""home"":0.6715}","{""efficiency"":{""away"":0.3202,""home"":0.6798},""elo"":{""away"":0.2142,""home"":0.7858},""four_factors"":{""away"":0.4628,""home"":0.5372},""nba_matchup"":{""away"":0.5114,""home"":0.4886},""recent_boxscore"":{""away"":0.3972,""home"":0.6028},""results_features"":{""away"":0.3924,""home"":0.6076}}","{""american_odds"":-208,""away_availability_profile"":{""active_players"":18,""available_core_players"":13,""doubtful_players"":0,""event_injury_burden"":4.0,""event_key_absence_score"":0.0,""event_leader_absence_burden"":0.0,""event_leader_uncertainty_burden"":0.0,""event_uncertainty_burden"":0.0,""injured_players"":5,""injury_burden"":4.35,""key_absence_score"":0.0,""leader_absence_burden"":0.0,""leader_uncertainty_burden"":0.0,""questionable_players"":0,""uncertainty_burden"":0.0},""away_bullpen_tax"":null,""away_goalie"":null,""away_goalie_status"":null,""away_injury_profile"":null,""away_lineup_profile"":null,""away_pitcher"":null,""away_pitcher_hand"":null,""away_team"":""Trail Blazers"",""best_odds"":{""away"":1400,""home"":-208},""completed"":false,""confidence_score"":60.0,""confidence_stars"":2,""date"":""2026-04-06"",""edge"":-0.0691,""edges"":{""away"":{""american_odds"":1400,""confidence_score"":33.7,""decimal_odds"":15.0,""edge"":0.0691,""expected_value"":1.5093,""fractional_kelly"":0.027,""hold"":0.0614,""implied_prob"":0.0982,""is_value"":false,""kelly_fraction"":0.1078,""market_books"":6,""market_implied_prob"":0.1042,""market_source"":""median_complete_book_no_vig"",""model_prob"":0.1673,""raw_model_prob"":0.3285,""unrealistic_flag"":true},""home"":{""american_odds"":-208,""confidence_score"":60.0,""decimal_odds"":1.48,""edge"":-0.0691,""expected_value"":0.2324,""fractional_kelly"":0.121,""hold"":0.0614,""implied_prob"":0.9018,""is_value"":false,""kelly_fraction"":0.4842,""market_books"":6,""market_implied_prob"":0.957,""market_source"":""median_complete_book_no_vig"",""model_prob"":0.8327,""raw_model_prob"":0.6715,""unrealistic_flag"":true}},""expected_value"":0.2324,""fractional_kelly"":0.121,""home_availability_profile"":{""active_players"":18,""available_core_players"":18,""doubtful_players"":0,""event_injury_burden"":2.0,""event_key_absence_score"":0.0,""event_leader_absence_burden"":0.0,""event_leader_uncertainty_burden"":0.0,""event_uncertainty_burden"":0.0,""injured_players"":0,""injury_burden"":0.0,""key_absence_score"":0.0,""leader_absence_burden"":0.0,""leader_uncertainty_burden"":0.0,""questionable_players"":0,""uncertainty_burden"":0.0},""home_bullpen_tax"":null,""home_goalie"":null,""home_goalie_status"":null,""home_injury_profile"":null,""home_lineup_profile"":null,""home_pitcher"":null,""home_pitcher_hand"":null,""home_team"":""Nuggets"",""individual_models"":{""efficiency"":{""away"":0.3202,""home"":0.6798},""elo"":{""away"":0.2142,""home"":0.7858},""four_factors"":{""away"":0.4628,""home"":0.5372},""nba_matchup"":{""away"":0.5114,""home"":0.4886},""recent_boxscore"":{""away"":0.3972,""home"":0.6028},""results_features"":{""away"":0.3924,""home"":0.6076}},""kelly_fraction"":0.4842,""market_snapshot"":{""benchmark"":{""books_tracked"":6,""fair_probs"":{""away"":0.0982,""home"":0.9018},""hold"":0.0614,""raw_probs"":{""away"":0.1042,""home"":0.957},""source"":""median_complete_book_no_vig""},""books"":[{""book"":""FanDuel"",""fair_probs"":{""away"":0.0977,""home"":0.9023},""hold"":0.0555,""last_update"":""2026-04-07T03:45:54Z"",""outcomes"":{""away"":9.7,""home"":1.05},""raw_probs"":{""away"":0.1031,""home"":0.9524}},{""book"":""DraftKings"",""fair_probs"":{""away"":0.0643,""home"":0.9357},""hold"":0.0375,""last_update"":""2026-04-07T03:46:08Z"",""outcomes"":{""away"":15.0,""home"":1.03},""raw_probs"":{""away"":0.0667,""home"":0.9709}},{""book"":""BetRivers"",""fair_probs"":{""away"":0.0987,""home"":0.9013},""hold"":0.0668,""last_update"":""2026-04-07T03:45:35Z"",""outcomes"":{""away"":9.5,""home"":1.04},""raw_probs"":{""away"":0.1053,""home"":0.9615}},{""book"":""BetMGM"",""fair_probs"":{""away"":0.0964,""home"":0.9036},""hold"":0.0641,""last_update"":""2026-04-07T03:45:33Z"",""outcomes"":{""away"":9.75,""home"":1.04},""raw_probs"":{""away"":0.1026,""home"":0.9615}},{""book"":""Bovada"",""fair_probs"":{""away"":0.3627,""home"":0.6373},""hold"":0.0603,""last_update"":""2026-04-07T03:37:53Z"",""outcomes"":{""away"":2.6,""home"":1.48},""raw_probs"":{""away"":0.3846,""home"":0.6757}},{""book"":""MyBookie.ag"",""fair_probs"":{""away"":0.2024,""home"":0.7976},""hold"":0.0625,""last_update"":""2026-04-07T03:44:13Z"",""outcomes"":{""away"":4.65,""home"":1.18},""raw_probs"":{""away"":0.2151,""home"":0.8475}}],""execution_prices"":{""away"":15.0,""home"":1.48}},""matchday"":null,""model_prob"":0.6715,""model_probs"":{""away"":0.3285,""home"":0.6715},""neutral"":false,""pick"":""home"",""qualitative_analysis"":null,""qualitative_summary"":null,""run_id"":""daily-20260407T034603566085Z"",""run_type"":""daily"",""snapshot_path"":""tracking/snapshots/2026-04-07/nba/daily-20260407T034603566085Z.json"",""snapshot_timestamp"":""2026-04-07T03:46:03Z"",""start_time"":""2026-04-07T01:00Z"",""weather"":null}","{""pick_type"":""longslop"",""publication_guard"":{""allow_moneyline"":true,""allow_totals"":false,""enforced"":true,""evaluated_picks"":20,""evaluated_totals_picks"":6,""lane_guards"":{""moneyline_clv"":{""allow"":true,""avg_clv"":0.421,""enforced"":true,""reason"":null,""tracked"":5,""window"":5},""totals_clv"":{""allow"":false,""avg_clv"":-7.4,""enforced"":true,""reason"":""hold totals while recent totals CLV is -7.400 across 5 tracked picks"",""tracked"":5,""window"":5},""totals_enabled"":false},""min_evaluated_picks"":20,""min_evaluated_totals_picks"":10,""reason"":""totals disabled by config"",""status"":""partial""},""selection_config"":{""confidence_floor"":55,""min_expected_value"":0.0}}"
2026-04-08T22:39:05Z,daily-20260408T223804134918Z,daily,2026-04-08T22:38:04Z,tracking/snapshots/2026-04-08/nba/daily-20260408T223804134918Z.json,nba,slop_lock,moneyline,Spurs,Trail Blazers,2026-04-08,2026-04-09T01:30Z,home,,,,0.6681,0.5919,0.6173,0.0762,0.1023,-154,1.65,76.9,0.1574,0.0393,median_complete_book_no_vig,9,0.0417,suppressed,need more settled moneylines picks (16/20); totals disabled by config; need more settled totals picks (6/10); recent totals CLV -6.1667 is below 0.0000; recent totals ROI -0.3600 is below 0.0000; recent totals overconfidence gap 0.2488 exceeds 0.1000,True,16,6,164,0.0,0.02,0.5,52,8,5,"{""benchmark"":{""books_tracked"":9,""fair_probs"":{""away"":0.4081,""home"":0.5919},""hold"":0.0417,""raw_probs"":{""away"":0.4255,""home"":0.6173},""source"":""median_complete_book_no_vig""},""books"":[{""book"":""FanDuel"",""fair_probs"":{""away"":0.407,""home"":0.593},""hold"":0.041,""last_update"":""2026-04-08T22:38:05Z"",""outcomes"":{""away"":2.36,""home"":1.62},""raw_probs"":{""away"":0.4237,""home"":0.6173}},{""book"":""DraftKings"",""fair_probs"":{""away"":0.4,""home"":0.6},""hold"":0.0417,""last_update"":""2026-04-08T22:37:07Z"",""outcomes"":{""away"":2.4,""home"":1.6},""raw_probs"":{""away"":0.4167,""home"":0.625}},{""book"":""BetRivers"",""fair_probs"":{""away"":0.4169,""home"":0.5831},""hold"":0.0521,""last_update"":""2026-04-08T22:37:29Z"",""outcomes"":{""away"":2.28,""home"":1.63},""raw_probs"":{""away"":0.4386,""home"":0.6135}},{""book"":""BetOnline.ag"",""fair_probs"":{""away"":0.4125,""home"":0.5875},""hold"":0.0316,""last_update"":""2026-04-08T22:37:31Z"",""outcomes"":{""away"":2.35,""home"":1.65},""raw_probs"":{""away"":0.4255,""home"":0.6061}},{""book"":""LowVig.ag"",""fair_probs"":{""away"":0.4115,""home"":0.5885},""hold"":0.0298,""last_update"":""2026-04-08T22:38:05Z"",""outcomes"":{""away"":2.36,""home"":1.65},""raw_probs"":{""away"":0.4237,""home"":0.6061}},{""book"":""BetMGM"",""fair_probs"":{""away"":0.4081,""home"":0.5919},""hold"":0.0428,""last_update"":""2026-04-08T22:37:29Z"",""outcomes"":{""away"":2.35,""home"":1.62},""raw_probs"":{""away"":0.4255,""home"":0.6173}},{""book"":""Bovada"",""fair_probs"":{""away"":0.4081,""home"":0.5919},""hold"":0.0428,""last_update"":""2026-04-08T22:36:28Z"",""outcomes"":{""away"":2.35,""home"":1.62},""raw_probs"":{""away"":0.4255,""home"":0.6173}},{""book"":""BetUS"",""fair_probs"":{""away"":0.405,""home"":0.595},""hold"":0.0375,""last_update"":""2026-04-08T22:38:05Z"",""outcomes"":{""away"":2.38,""home"":1.62},""raw_probs"":{""away"":0.4202,""home"":0.6173}},{""book"":""MyBookie.ag"",""fair_probs"":{""away"":0.4076,""home"":0.5924},""hold"":0.0485,""last_update"":""2026-04-08T22:36:20Z"",""outcomes"":{""away"":2.34,""home"":1.61},""raw_probs"":{""away"":0.4274,""home"":0.6211}}],""execution_prices"":{""away"":2.4,""home"":1.65}}","{""away"":0.1542,""home"":0.8458}","{""elo"":{""away"":0.0813,""home"":0.9187},""nba_matchup"":{""away"":0.3104,""home"":0.6896},""recent_boxscore"":{""away"":0.2809,""home"":0.7191},""results_features"":{""away"":0.2595,""home"":0.7405}}","{""american_odds"":-154,""away_availability_profile"":{""active_players"":18,""available_core_players"":13,""doubtful_players"":0,""event_injury_burden"":4.0,""event_key_absence_score"":0.0,""event_leader_absence_burden"":0.0,""event_leader_uncertainty_burden"":0.0,""event_uncertainty_burden"":0.0,""injured_players"":5,""injury_burden"":4.35,""key_absence_score"":0.0,""leader_absence_burden"":0.0,""leader_uncertainty_burden"":0.0,""questionable_players"":0,""uncertainty_burden"":0.0},""away_bullpen_tax"":null,""away_goalie"":null,""away_goalie_status"":null,""away_injury_profile"":null,""away_lineup_profile"":null,""away_pitcher"":null,""away_pitcher_hand"":null,""away_team"":""Trail Blazers"",""best_odds"":{""away"":140,""home"":-154},""completed"":false,""confidence_score"":76.9,""confidence_stars"":4,""date"":""2026-04-08"",""edge"":0.0762,""edges"":{""away"":{""american_odds"":140,""confidence_score"":4.8,""decimal_odds"":2.4,""edge"":-0.0762,""expected_value"":-0.2033,""fractional_kelly"":0.0,""hold"":0.0417,""implied_prob"":0.4081,""is_value"":false,""kelly_fraction"":0.0,""market_books"":9,""market_implied_prob"":0.4255,""market_source"":""median_complete_book_no_vig"",""model_prob"":0.3319,""raw_model_prob"":0.1542,""unrealistic_flag"":true},""home"":{""american_odds"":-154,""confidence_score"":76.9,""decimal_odds"":1.65,""edge"":0.0762,""expected_value"":0.1023,""fractional_kelly"":0.0393,""hold"":0.0417,""implied_prob"":0.5919,""is_value"":true,""kelly_fraction"":0.1574,""market_books"":9,""market_implied_prob"":0.6173,""market_source"":""median_complete_book_no_vig"",""model_prob"":0.6681,""raw_model_prob"":0.8458,""unrealistic_flag"":true}},""expected_value"":0.1023,""fractional_kelly"":0.0393,""home_availability_profile"":{""active_players"":18,""available_core_players"":17,""doubtful_players"":0,""event_injury_burden"":4.0,""event_key_absence_score"":0.0,""event_leader_absence_burden"":0.0,""event_leader_uncertainty_burden"":0.0,""event_uncertainty_burden"":0.0,""injured_players"":1,""injury_burden"":1.0,""key_absence_score"":0.0,""leader_absence_burden"":0.0,""leader_uncertainty_burden"":0.0,""questionable_players"":0,""uncertainty_burden"":0.0},""home_bullpen_tax"":null,""home_goalie"":null,""home_goalie_status"":null,""home_injury_profile"":null,""home_lineup_profile"":null,""home_pitcher"":null,""home_pitcher_hand"":null,""home_team"":""Spurs"",""individual_models"":{""elo"":{""away"":0.0813,""home"":0.9187},""nba_matchup"":{""away"":0.3104,""home"":0.6896},""recent_boxscore"":{""away"":0.2809,""home"":0.7191},""results_features"":{""away"":0.2595,""home"":0.7405}},""kelly_fraction"":0.1574,""market_snapshot"":{""benchmark"":{""books_tracked"":9,""fair_probs"":{""away"":0.4081,""home"":0.5919},""hold"":0.0417,""raw_probs"":{""away"":0.4255,""home"":0.6173},""source"":""median_complete_book_no_vig""},""books"":[{""book"":""FanDuel"",""fair_probs"":{""away"":0.407,""home"":0.593},""hold"":0.041,""last_update"":""2026-04-08T22:38:05Z"",""outcomes"":{""away"":2.36,""home"":1.62},""raw_probs"":{""away"":0.4237,""home"":0.6173}},{""book"":""DraftKings"",""fair_probs"":{""away"":0.4,""home"":0.6},""hold"":0.0417,""last_update"":""2026-04-08T22:37:07Z"",""outcomes"":{""away"":2.4,""home"":1.6},""raw_probs"":{""away"":0.4167,""home"":0.625}},{""book"":""BetRivers"",""fair_probs"":{""away"":0.4169,""home"":0.5831},""hold"":0.0521,""last_update"":""2026-04-08T22:37:29Z"",""outcomes"":{""away"":2.28,""home"":1.63},""raw_probs"":{""away"":0.4386,""home"":0.6135}},{""book"":""BetOnline.ag"",""fair_probs"":{""away"":0.4125,""home"":0.5875},""hold"":0.0316,""last_update"":""2026-04-08T22:37:31Z"",""outcomes"":{""away"":2.35,""home"":1.65},""raw_probs"":{""away"":0.4255,""home"":0.6061}},{""book"":""LowVig.ag"",""fair_probs"":{""away"":0.4115,""home"":0.5885},""hold"":0.0298,""last_update"":""2026-04-08T22:38:05Z"",""outcomes"":{""away"":2.36,""home"":1.65},""raw_probs"":{""away"":0.4237,""home"":0.6061}},{""book"":""BetMGM"",""fair_probs"":{""away"":0.4081,""home"":0.5919},""hold"":0.0428,""last_update"":""2026-04-08T22:37:29Z"",""outcomes"":{""away"":2.35,""home"":1.62},""raw_probs"":{""away"":0.4255,""home"":0.6173}},{""book"":""Bovada"",""fair_probs"":{""away"":0.4081,""home"":0.5919},""hold"":0.0428,""last_update"":""2026-04-08T22:36:28Z"",""outcomes"":{""away"":2.35,""home"":1.62},""raw_probs"":{""away"":0.4255,""home"":0.6173}},{""book"":""BetUS"",""fair_probs"":{""away"":0.405,""home"":0.595},""hold"":0.0375,""last_update"":""2026-04-08T22:38:05Z"",""outcomes"":{""away"":2.38,""home"":1.62},""raw_probs"":{""away"":0.4202,""home"":0.6173}},{""book"":""MyBookie.ag"",""fair_probs"":{""away"":0.4076,""home"":0.5924},""hold"":0.0485,""last_update"":""2026-04-08T22:36:20Z"",""outcomes"":{""away"":2.34,""home"":1.61},""raw_probs"":{""away"":0.4274,""home"":0.6211}}],""execution_prices"":{""away"":2.4,""home"":1.65}},""matchday"":null,""model_prob"":0.8458,""model_probs"":{""away"":0.1542,""home"":0.8458},""neutral"":false,""pick"":""home"",""qualitative_analysis"":{""away_impact"":-5.0,""away_team"":""Trail Blazers"",""home_impact"":-5.0,""home_team"":""Spurs"",""individual_factors"":[{""confidence"":1.0,""description"":""Victor Wembanyama (Out): Superstar player, his absence is a major blow to the team's performance."",""direction"":""negative"",""magnitude"":4.0,""team"":""Spurs""},{""confidence"":1.0,""description"":""Stephon Castle (Out): Key player, likely a starter or significant rotation piece, impacting team depth and scoring."",""direction"":""negative"",""magnitude"":2.0,""team"":""Spurs""},{""confidence"":1.0,""description"":""Emanuel Miller (Out): Rotation player, his absence reduces bench depth."",""direction"":""negative"",""magnitude"":1.0,""team"":""Spurs""},{""confidence"":1.0,""description"":""David Jones Garcia (Out): Bench player, minor impact on overall team performance."",""direction"":""negative"",""magnitude"":0.5,""team"":""Spurs""},{""confidence"":1.0,""description"":""Damian Lillard (Out): Superstar player, his absence is a major blow to the team's offense and leadership."",""direction"":""negative"",""magnitude"":4.0,""team"":""Trail Blazers""},{""confidence"":1.0,""description"":""Jerami Grant (Out): Key starter and scorer, his absence significantly impacts the team's offensive output."",""direction"":""negative"",""magnitude"":3.0,""team"":""Trail Blazers""},{""confidence"":1.0,""description"":""Shaedon Sharpe (Out): Key young player, likely a starter or sixth man, impacting scoring and athleticism."",""direction"":""negative"",""magnitude"":2.0,""team"":""Trail Blazers""},{""confidence"":1.0,""description"":""Vit Krejci (Out): Bench player, minor impact on overall team performance."",""direction"":""negative"",""magnitude"":0.5,""team"":""Trail Blazers""}],""net_qualitative_edge"":""none"",""sport"":""nba"",""summary"":""Both the Spurs and Trail Blazers are severely depleted, with each team missing multiple key players including their respective superstars, resulting in extreme negative qualitative impacts for both sides.""},""qualitative_summary"":""Qualitative (H:-5.0 A:-5.0): no effect. Victor Wembanyama (Out): Superstar player, his absence is a major blow to the team's performance.; Stephon Castle (Out): Key player, likely a starter or significant rotation piece, impacting team depth and scoring."",""run_id"":""daily-20260408T223804134918Z"",""run_type"":""daily"",""snapshot_path"":""tracking/snapshots/2026-04-08/nba/daily-20260408T223804134918Z.json"",""snapshot_timestamp"":""2026-04-08T22:38:04Z"",""start_time"":""2026-04-09T01:30Z"",""weather"":null}","{""pick_type"":""slop_lock"",""publication_guard"":{""allow_longslop"":false,""allow_moneyline"":false,""allow_slimegrinder"":false,""allow_totals"":false,""enforced"":true,""evaluated_picks"":16,""evaluated_totals_picks"":6,""lane_guards"":{""longslop"":{""allow"":false,""health_score"":0.4286,""market_type"":null,""overall"":{""avg_confidence"":null,""avg_expected_value"":null,""clv"":{""avg_clv"":null,""moneyline_avg_clv"":null,""moneyline_non_negative_rate"":null,""moneyline_positive_rate"":null,""moneyline_tracked"":0,""non_negative_rate"":null,""positive_rate"":null,""totals_avg_clv"":null,""totals_non_negative_rate"":null,""totals_positive_rate"":null,""totals_tracked"":0,""tracked"":0},""evaluated"":0,""hit_rate"":null,""losses"":0,""pending"":0,""pushes"":0,""roi"":null,""total_picks"":0,""wins"":0},""pick_type"":""longslop"",""reasons"":[""longslop disabled by config"",""need more settled longslop picks (0/5)"",""need more recent settled longslop picks (0/3)"",""need more tracked longslop CLV (0/3)""],""recent"":{""actual_win_rate"":null,""avg_confidence"":null,""avg_expected_value"":null,""avg_model_prob"":null,""calibration_gap"":null,""clv"":{""avg_clv"":null,""moneyline_avg_clv"":null,""moneyline_non_negative_rate"":null,""moneyline_positive_rate"":null,""moneyline_tracked"":0,""non_negative_rate"":null,""positive_rate"":null,""totals_avg_clv"":null,""totals_non_negative_rate"":null,""totals_positive_rate"":null,""totals_tracked"":0,""tracked"":0},""evaluated"":0,""hit_rate"":null,""losses"":0,""overconfidence_gap"":null,""pending"":0,""pushes"":0,""recent_count"":5,""roi"":null,""total_picks"":0,""wins"":0},""status"":""disabled""},""moneyline"":{""allow"":false,""health_score"":0.8571,""market_type"":""moneyline"",""overall"":{""avg_confidence"":63.63,""avg_expected_value"":0.0647,""clv"":{""avg_clv"":0.166,""moneyline_avg_clv"":0.166,""moneyline_non_negative_rate"":0.6923,""moneyline_positive_rate"":0.6923,""moneyline_tracked"":13,""non_negative_rate"":0.6923,""positive_rate"":0.6923,""totals_avg_clv"":null,""totals_non_negative_rate"":null,""totals_positive_rate"":null,""totals_tracked"":0,""tracked"":13},""evaluated"":16,""hit_rate"":0.6875,""losses"":5,""pending"":10,""push_rate"":0.0,""pushes"":0,""roi"":0.0536,""total_picks"":26,""wins"":11},""pick_type"":null,""reasons"":[""need more settled moneylines picks (16/20)""],""recent"":{""actual_win_rate"":0.75,""avg_confidence"":64.65,""avg_expected_value"":0.086,""avg_model_prob"":0.7193,""calibration_gap"":-0.0307,""clv"":{""avg_clv"":0.2674,""moneyline_avg_clv"":0.2674,""moneyline_non_negative_rate"":0.875,""moneyline_positive_rate"":0.875,""moneyline_tracked"":8,""non_negative_rate"":0.875,""positive_rate"":0.875,""totals_avg_clv"":null,""totals_non_negative_rate"":null,""totals_positive_rate"":null,""totals_tracked"":0,""tracked"":8},""evaluated"":8,""hit_rate"":0.75,""losses"":2,""overconfidence_gap"":0.0,""pending"":0,""push_rate"":0.0,""pushes"":0,""recent_count"":8,""roi"":0.1233,""total_picks"":8,""wins"":6},""status"":""research""},""slimegrinder"":{""allow"":false,""health_score"":0.4286,""market_type"":null,""overall"":{""avg_confidence"":null,""avg_expected_value"":null,""clv"":{""avg_clv"":null,""moneyline_avg_clv"":null,""moneyline_non_negative_rate"":null,""moneyline_positive_rate"":null,""moneyline_tracked"":0,""non_negative_rate"":null,""positive_rate"":null,""totals_avg_clv"":null,""totals_non_negative_rate"":null,""totals_positive_rate"":null,""totals_tracked"":0,""tracked"":0},""evaluated"":0,""hit_rate"":null,""losses"":0,""pending"":0,""pushes"":0,""roi"":null,""total_picks"":0,""wins"":0},""pick_type"":""slimegrinder"",""reasons"":[""slimegrinder disabled by config"",""need more settled slimegrinder picks (0/5)"",""need more recent settled slimegrinder picks (0/3)"",""need more tracked slimegrinder CLV (0/3)""],""recent"":{""actual_win_rate"":null,""avg_confidence"":null,""avg_expected_value"":null,""avg_model_prob"":null,""calibration_gap"":null,""clv"":{""avg_clv"":null,""moneyline_avg_clv"":null,""moneyline_non_negative_rate"":null,""moneyline_positive_rate"":null,""moneyline_tracked"":0,""non_negative_rate"":null,""positive_rate"":null,""totals_avg_clv"":null,""totals_non_negative_rate"":null,""totals_positive_rate"":null,""totals_tracked"":0,""tracked"":0},""evaluated"":0,""hit_rate"":null,""losses"":0,""overconfidence_gap"":null,""pending"":0,""pushes"":0,""recent_count"":5,""roi"":null,""total_picks"":0,""wins"":0},""status"":""disabled""},""totals"":{""allow"":false,""health_score"":0.2857,""market_type"":""total"",""overall"":{""avg_confidence"":75.3786,""avg_expected_value"":0.1204,""clv"":{""avg_clv"":-6.1667,""moneyline_avg_clv"":null,""moneyline_non_negative_rate"":null,""moneyline_positive_rate"":null,""moneyline_tracked"":0,""non_negative_rate"":0.6667,""positive_rate"":0.5,""totals_avg_clv"":-6.1667,""totals_non_negative_rate"":0.6667,""totals_positive_rate"":0.5,""totals_tracked"":6,""tracked"":6},""evaluated"":6,""hit_rate"":0.3333,""losses"":4,""pending"":8,""push_rate"":0.0,""pushes"":0,""roi"":-0.36,""total_picks"":14,""wins"":2},""pick_type"":null,""reasons"":[""totals disabled by config"",""need more settled totals picks (6/10)"",""recent totals CLV -6.1667 is below 0.0000"",""recent totals ROI -0.3600 is below 0.0000"",""recent totals overconfidence gap 0.2488 exceeds 0.1000""],""recent"":{""actual_win_rate"":0.3333,""avg_confidence"":77.15,""avg_expected_value"":0.1254,""avg_model_prob"":0.5821,""calibration_gap"":0.2488,""clv"":{""avg_clv"":-6.1667,""moneyline_avg_clv"":null,""moneyline_non_negative_rate"":null,""moneyline_positive_rate"":null,""moneyline_tracked"":0,""non_negative_rate"":0.6667,""positive_rate"":0.5,""totals_avg_clv"":-6.1667,""totals_non_negative_rate"":0.6667,""totals_positive_rate"":0.5,""totals_tracked"":6,""tracked"":6},""evaluated"":6,""hit_rate"":0.3333,""losses"":4,""overconfidence_gap"":0.2488,""pending"":0,""push_rate"":0.0,""pushes"":0,""recent_count"":8,""roi"":-0.36,""total_picks"":6,""wins"":2},""status"":""disabled""},""totals_enabled"":false},""min_evaluated_picks"":20,""min_evaluated_totals_picks"":10,""reason"":""need more settled moneylines picks (16/20); totals disabled by config; need more settled totals picks (6/10); recent totals CLV -6.1667 is below 0.0000; recent totals ROI -0.3600 is below 0.0000; recent totals overconfidence gap 0.2488 exceeds 0.1000"",""status"":""suppressed""},""selection_config"":{""additional_confidence_floor"":52,""confidence_dropoff"":8,""edge_floor"":0.02,""max_picks"":5,""min_expected_value"":0.0,""probability_floor"":0.5}}"
2026-04-08T22:39:05Z,daily-20260408T223804134918Z,daily,2026-04-08T22:38:04Z,tracking/snapshots/2026-04-08/nba/daily-20260408T223804134918Z.json,nba,slop_lock,moneyline,Nuggets,Grizzlies,2026-04-08,2026-04-09T01:00Z,home,,,,0.8715,0.9426,0.9852,-0.0711,-0.1111,-5000,1.02,43.8,0.0,0.0,median_complete_book_no_vig,8,0.0405,suppressed,need more settled moneylines picks (16/20); totals disabled by config; need more settled totals picks (6/10); recent totals CLV -6.1667 is below 0.0000; recent totals ROI -0.3600 is below 0.0000; recent totals overconfidence gap 0.2488 exceeds 0.1000,True,16,6,164,0.0,0.02,0.5,52,8,5,"{""benchmark"":{""books_tracked"":8,""fair_probs"":{""away"":0.0574,""home"":0.9426},""hold"":0.0405,""raw_probs"":{""away"":0.0597,""home"":0.9852},""source"":""median_complete_book_no_vig""},""books"":[{""book"":""FanDuel"",""fair_probs"":{""away"":0.0463,""home"":0.9537},""hold"":0.028,""last_update"":""2026-04-08T22:38:05Z"",""outcomes"":{""away"":21.0,""home"":1.02},""raw_probs"":{""away"":0.0476,""home"":0.9804}},{""book"":""LowVig.ag"",""fair_probs"":{""away"":0.0533,""home"":0.9467},""hold"":0.0356,""last_update"":""2026-04-08T22:38:05Z"",""outcomes"":{""away"":18.11,""home"":1.02},""raw_probs"":{""away"":0.0552,""home"":0.9804}},{""book"":""BetOnline.ag"",""fair_probs"":{""away"":0.0582,""home"":0.9418},""hold"":0.0409,""last_update"":""2026-04-08T22:37:31Z"",""outcomes"":{""away"":16.52,""home"":1.02},""raw_probs"":{""away"":0.0605,""home"":0.9804}},{""book"":""DraftKings"",""fair_probs"":{""away"":0.0566,""home"":0.9434},""hold"":0.0392,""last_update"":""2026-04-08T22:37:07Z"",""outcomes"":{""away"":17.0,""home"":1.02},""raw_probs"":{""away"":0.0588,""home"":0.9804}},{""book"":""BetRivers"",""fair_probs"":{""away"":0.0631,""home"":0.9369},""hold"":0.0568,""last_update"":""2026-04-08T22:37:29Z"",""outcomes"":{""away"":15.0,""home"":1.01},""raw_probs"":{""away"":0.0667,""home"":0.9901}},{""book"":""Bovada"",""fair_probs"":{""away"":0.0673,""home"":0.9327},""hold"":0.0615,""last_update"":""2026-04-08T22:36:28Z"",""outcomes"":{""away"":14.0,""home"":1.01},""raw_probs"":{""away"":0.0714,""home"":0.9901}},{""book"":""BetMGM"",""fair_probs"":{""away"":0.0481,""home"":0.9519},""hold"":0.0401,""last_update"":""2026-04-08T22:37:29Z"",""outcomes"":{""away"":20.0,""home"":1.01},""raw_probs"":{""away"":0.05,""home"":0.9901}},{""book"":""MyBookie.ag"",""fair_probs"":{""away"":0.0597,""home"":0.9403},""hold"":0.0529,""last_update"":""2026-04-08T22:36:20Z"",""outcomes"":{""away"":15.92,""home"":1.01},""raw_probs"":{""away"":0.0628,""home"":0.9901}}],""execution_prices"":{""away"":21.0,""home"":1.02}}","{""away"":0.0654,""home"":0.9346}","{""elo"":{""away"":0.0214,""home"":0.9786},""nba_matchup"":{""away"":0.2277,""home"":0.7723},""recent_boxscore"":{""away"":0.1798,""home"":0.8202},""results_features"":{""away"":0.1775,""home"":0.8225}}","{""american_odds"":-5000,""away_availability_profile"":{""active_players"":21,""available_core_players"":8,""doubtful_players"":0,""event_injury_burden"":4.35,""event_key_absence_score"":0.0,""event_leader_absence_burden"":0.0,""event_leader_uncertainty_burden"":0.0,""event_uncertainty_burden"":0.35,""injured_players"":13,""injury_burden"":9.75,""key_absence_score"":0.0,""leader_absence_burden"":0.0,""leader_uncertainty_burden"":0.0,""questionable_players"":5,""uncertainty_burden"":1.75},""away_bullpen_tax"":null,""away_goalie"":null,""away_goalie_status"":null,""away_injury_profile"":null,""away_lineup_profile"":null,""away_pitcher"":null,""away_pitcher_hand"":null,""away_team"":""Grizzlies"",""best_odds"":{""away"":2000,""home"":-5000},""completed"":false,""confidence_score"":43.8,""confidence_stars"":3,""date"":""2026-04-08"",""edge"":-0.0711,""edges"":{""away"":{""american_odds"":2000,""confidence_score"":36.6,""decimal_odds"":21.0,""edge"":0.0711,""expected_value"":1.6982,""fractional_kelly"":0.0212,""hold"":0.0405,""implied_prob"":0.0574,""is_value"":false,""kelly_fraction"":0.0849,""market_books"":8,""market_implied_prob"":0.0597,""market_source"":""median_complete_book_no_vig"",""model_prob"":0.1285,""raw_model_prob"":0.0654,""unrealistic_flag"":false},""home"":{""american_odds"":-5000,""confidence_score"":43.8,""decimal_odds"":1.02,""edge"":-0.0711,""expected_value"":-0.1111,""fractional_kelly"":0.0,""hold"":0.0405,""implied_prob"":0.9426,""is_value"":false,""kelly_fraction"":0.0,""market_books"":8,""market_implied_prob"":0.9852,""market_source"":""median_complete_book_no_vig"",""model_prob"":0.8715,""raw_model_prob"":0.9346,""unrealistic_flag"":false}},""expected_value"":-0.1111,""fractional_kelly"":0.0,""home_availability_profile"":{""active_players"":18,""available_core_players"":18,""doubtful_players"":0,""event_injury_burden"":2.0,""event_key_absence_score"":0.0,""event_leader_absence_burden"":0.0,""event_leader_uncertainty_burden"":0.0,""event_uncertainty_burden"":0.0,""injured_players"":0,""injury_burden"":0.0,""key_absence_score"":0.0,""leader_absence_burden"":0.0,""leader_uncertainty_burden"":0.0,""questionable_players"":0,""uncertainty_burden"":0.0},""home_bullpen_tax"":null,""home_goalie"":null,""home_goalie_status"":null,""home_injury_profile"":null,""home_lineup_profile"":null,""home_pitcher"":null,""home_pitcher_hand"":null,""home_team"":""Nuggets"",""individual_models"":{""elo"":{""away"":0.0214,""home"":0.9786},""nba_matchup"":{""away"":0.2277,""home"":0.7723},""recent_boxscore"":{""away"":0.1798,""home"":0.8202},""results_features"":{""away"":0.1775,""home"":0.8225}},""kelly_fraction"":0.0,""market_snapshot"":{""benchmark"":{""books_tracked"":8,""fair_probs"":{""away"":0.0574,""home"":0.9426},""hold"":0.0405,""raw_probs"":{""away"":0.0597,""home"":0.9852},""source"":""median_complete_book_no_vig""},""books"":[{""book"":""FanDuel"",""fair_probs"":{""away"":0.0463,""home"":0.9537},""hold"":0.028,""last_update"":""2026-04-08T22:38:05Z"",""outcomes"":{""away"":21.0,""home"":1.02},""raw_probs"":{""away"":0.0476,""home"":0.9804}},{""book"":""LowVig.ag"",""fair_probs"":{""away"":0.0533,""home"":0.9467},""hold"":0.0356,""last_update"":""2026-04-08T22:38:05Z"",""outcomes"":{""away"":18.11,""home"":1.02},""raw_probs"":{""away"":0.0552,""home"":0.9804}},{""book"":""BetOnline.ag"",""fair_probs"":{""away"":0.0582,""home"":0.9418},""hold"":0.0409,""last_update"":""2026-04-08T22:37:31Z"",""outcomes"":{""away"":16.52,""home"":1.02},""raw_probs"":{""away"":0.0605,""home"":0.9804}},{""book"":""DraftKings"",""fair_probs"":{""away"":0.0566,""home"":0.9434},""hold"":0.0392,""last_update"":""2026-04-08T22:37:07Z"",""outcomes"":{""away"":17.0,""home"":1.02},""raw_probs"":{""away"":0.0588,""home"":0.9804}},{""book"":""BetRivers"",""fair_probs"":{""away"":0.0631,""home"":0.9369},""hold"":0.0568,""last_update"":""2026-04-08T22:37:29Z"",""outcomes"":{""away"":15.0,""home"":1.01},""raw_probs"":{""away"":0.0667,""home"":0.9901}},{""book"":""Bovada"",""fair_probs"":{""away"":0.0673,""home"":0.9327},""hold"":0.0615,""last_update"":""2026-04-08T22:36:28Z"",""outcomes"":{""away"":14.0,""home"":1.01},""raw_probs"":{""away"":0.0714,""home"":0.9901}},{""book"":""BetMGM"",""fair_probs"":{""away"":0.0481,""home"":0.9519},""hold"":0.0401,""last_update"":""2026-04-08T22:37:29Z"",""outcomes"":{""away"":20.0,""home"":1.01},""raw_probs"":{""away"":0.05,""home"":0.9901}},{""book"":""MyBookie.ag"",""fair_probs"":{""away"":0.0597,""home"":0.9403},""hold"":0.0529,""last_update"":""2026-04-08T22:36:20Z"",""outcomes"":{""away"":15.92,""home"":1.01},""raw_probs"":{""away"":0.0628,""home"":0.9901}}],""execution_prices"":{""away"":21.0,""home"":1.02}},""matchday"":null,""model_prob"":0.9346,""model_probs"":{""away"":0.0654,""home"":0.9346},""neutral"":false,""pick"":""home"",""qualitative_analysis"":{""away_impact"":-1.0,""away_team"":""Grizzlies"",""home_impact"":-1.0,""home_team"":""Nuggets"",""individual_factors"":[{""confidence"":0.9,""description"":""Peyton Watson (Out) is a rotation player, thinning bench depth."",""direction"":""negative"",""magnitude"":1.0,""team"":""Nuggets""},{""confidence"":0.8,""description"":""Spencer Jones (Out) is a deep bench player, minimal impact."",""direction"":""negative"",""magnitude"":0.0,""team"":""Nuggets""},{""confidence"":0.9,""description"":""GG Jackson (Out) is a young rotation player, slightly impacting bench depth."",""direction"":""negative"",""magnitude"":0.5,""team"":""Grizzlies""},{""confidence"":0.8,""description"":""Cam Spencer, Javon Small, Jahmai Mashack (Out) are deep bench players, minimal individual impact."",""direction"":""negative"",""magnitude"":0.0,""team"":""Grizzlies""},{""confidence"":0.7,""description"":""Olivier-Maxence Prosper (Day-To-Day) is a young rotation player; if out, it would slightly thin depth, but not confirmed."",""direction"":""negative"",""magnitude"":0.5,""team"":""Grizzlies""}],""net_qualitative_edge"":""none"",""sport"":""nba"",""summary"":""Both teams are missing rotation and deep bench players, resulting in minor and roughly equal negative qualitative impacts.""},""qualitative_summary"":""Qualitative (H:-1.0 A:-1.0): no effect. Peyton Watson (Out) is a rotation player, thinning bench depth.; Spencer Jones (Out) is a deep bench player, minimal impact."",""run_id"":""daily-20260408T223804134918Z"",""run_type"":""daily"",""snapshot_path"":""tracking/snapshots/2026-04-08/nba/daily-20260408T223804134918Z.json"",""snapshot_timestamp"":""2026-04-08T22:38:04Z"",""start_time"":""2026-04-09T01:00Z"",""weather"":null}","{""pick_type"":""slop_lock"",""publication_guard"":{""allow_longslop"":false,""allow_moneyline"":false,""allow_slimegrinder"":false,""allow_totals"":false,""enforced"":true,""evaluated_picks"":16,""evaluated_totals_picks"":6,""lane_guards"":{""longslop"":{""allow"":false,""health_score"":0.4286,""market_type"":null,""overall"":{""avg_confidence"":null,""avg_expected_value"":null,""clv"":{""avg_clv"":null,""moneyline_avg_clv"":null,""moneyline_non_negative_rate"":null,""moneyline_positive_rate"":null,""moneyline_tracked"":0,""non_negative_rate"":null,""positive_rate"":null,""totals_avg_clv"":null,""totals_non_negative_rate"":null,""totals_positive_rate"":null,""totals_tracked"":0,""tracked"":0},""evaluated"":0,""hit_rate"":null,""losses"":0,""pending"":0,""pushes"":0,""roi"":null,""total_picks"":0,""wins"":0},""pick_type"":""longslop"",""reasons"":[""longslop disabled by config"",""need more settled longslop picks (0/5)"",""need more recent settled longslop picks (0/3)"",""need more tracked longslop CLV (0/3)""],""recent"":{""actual_win_rate"":null,""avg_confidence"":null,""avg_expected_value"":null,""avg_model_prob"":null,""calibration_gap"":null,""clv"":{""avg_clv"":null,""moneyline_avg_clv"":null,""moneyline_non_negative_rate"":null,""moneyline_positive_rate"":null,""moneyline_tracked"":0,""non_negative_rate"":null,""positive_rate"":null,""totals_avg_clv"":null,""totals_non_negative_rate"":null,""totals_positive_rate"":null,""totals_tracked"":0,""tracked"":0},""evaluated"":0,""hit_rate"":null,""losses"":0,""overconfidence_gap"":null,""pending"":0,""pushes"":0,""recent_count"":5,""roi"":null,""total_picks"":0,""wins"":0},""status"":""disabled""},""moneyline"":{""allow"":false,""health_score"":0.8571,""market_type"":""moneyline"",""overall"":{""avg_confidence"":63.63,""avg_expected_value"":0.0647,""clv"":{""avg_clv"":0.166,""moneyline_avg_clv"":0.166,""moneyline_non_negative_rate"":0.6923,""moneyline_positive_rate"":0.6923,""moneyline_tracked"":13,""non_negative_rate"":0.6923,""positive_rate"":0.6923,""totals_avg_clv"":null,""totals_non_negative_rate"":null,""totals_positive_rate"":null,""totals_tracked"":0,""tracked"":13},""evaluated"":16,""hit_rate"":0.6875,""losses"":5,""pending"":10,""push_rate"":0.0,""pushes"":0,""roi"":0.0536,""total_picks"":26,""wins"":11},""pick_type"":null,""reasons"":[""need more settled moneylines picks (16/20)""],""recent"":{""actual_win_rate"":0.75,""avg_confidence"":64.65,""avg_expected_value"":0.086,""avg_model_prob"":0.7193,""calibration_gap"":-0.0307,""clv"":{""avg_clv"":0.2674,""moneyline_avg_clv"":0.2674,""moneyline_non_negative_rate"":0.875,""moneyline_positive_rate"":0.875,""moneyline_tracked"":8,""non_negative_rate"":0.875,""positive_rate"":0.875,""totals_avg_clv"":null,""totals_non_negative_rate"":null,""totals_positive_rate"":null,""totals_tracked"":0,""tracked"":8},""evaluated"":8,""hit_rate"":0.75,""losses"":2,""overconfidence_gap"":0.0,""pending"":0,""push_rate"":0.0,""pushes"":0,""recent_count"":8,""roi"":0.1233,""total_picks"":8,""wins"":6},""status"":""research""},""slimegrinder"":{""allow"":false,""health_score"":0.4286,""market_type"":null,""overall"":{""avg_confidence"":null,""avg_expected_value"":null,""clv"":{""avg_clv"":null,""moneyline_avg_clv"":null,""moneyline_non_negative_rate"":null,""moneyline_positive_rate"":null,""moneyline_tracked"":0,""non_negative_rate"":null,""positive_rate"":null,""totals_avg_clv"":null,""totals_non_negative_rate"":null,""totals_positive_rate"":null,""totals_tracked"":0,""tracked"":0},""evaluated"":0,""hit_rate"":null,""losses"":0,""pending"":0,""pushes"":0,""roi"":null,""total_picks"":0,""wins"":0},""pick_type"":""slimegrinder"",""reasons"":[""slimegrinder disabled by config"",""need more settled slimegrinder picks (0/5)"",""need more recent settled slimegrinder picks (0/3)"",""need more tracked slimegrinder CLV (0/3)""],""recent"":{""actual_win_rate"":null,""avg_confidence"":null,""avg_expected_value"":null,""avg_model_prob"":null,""calibration_gap"":null,""clv"":{""avg_clv"":null,""moneyline_avg_clv"":null,""moneyline_non_negative_rate"":null,""moneyline_positive_rate"":null,""moneyline_tracked"":0,""non_negative_rate"":null,""positive_rate"":null,""totals_avg_clv"":null,""totals_non_negative_rate"":null,""totals_positive_rate"":null,""totals_tracked"":0,""tracked"":0},""evaluated"":0,""hit_rate"":null,""losses"":0,""overconfidence_gap"":null,""pending"":0,""pushes"":0,""recent_count"":5,""roi"":null,""total_picks"":0,""wins"":0},""status"":""disabled""},""totals"":{""allow"":false,""health_score"":0.2857,""market_type"":""total"",""overall"":{""avg_confidence"":75.3786,""avg_expected_value"":0.1204,""clv"":{""avg_clv"":-6.1667,""moneyline_avg_clv"":null,""moneyline_non_negative_rate"":null,""moneyline_positive_rate"":null,""moneyline_tracked"":0,""non_negative_rate"":0.6667,""positive_rate"":0.5,""totals_avg_clv"":-6.1667,""totals_non_negative_rate"":0.6667,""totals_positive_rate"":0.5,""totals_tracked"":6,""tracked"":6},""evaluated"":6,""hit_rate"":0.3333,""losses"":4,""pending"":8,""push_rate"":0.0,""pushes"":0,""roi"":-0.36,""total_picks"":14,""wins"":2},""pick_type"":null,""reasons"":[""totals disabled by config"",""need more settled totals picks (6/10)"",""recent totals CLV -6.1667 is below 0.0000"",""recent totals ROI -0.3600 is below 0.0000"",""recent totals overconfidence gap 0.2488 exceeds 0.1000""],""recent"":{""actual_win_rate"":0.3333,""avg_confidence"":77.15,""avg_expected_value"":0.1254,""avg_model_prob"":0.5821,""calibration_gap"":0.2488,""clv"":{""avg_clv"":-6.1667,""moneyline_avg_clv"":null,""moneyline_non_negative_rate"":null,""moneyline_positive_rate"":null,""moneyline_tracked"":0,""non_negative_rate"":0.6667,""positive_rate"":0.5,""totals_avg_clv"":-6.1667,""totals_non_negative_rate"":0.6667,""totals_positive_rate"":0.5,""totals_tracked"":6,""tracked"":6},""evaluated"":6,""hit_rate"":0.3333,""losses"":4,""overconfidence_gap"":0.2488,""pending"":0,""push_rate"":0.0,""pushes"":0,""recent_count"":8,""roi"":-0.36,""total_picks"":6,""wins"":2},""status"":""disabled""},""totals_enabled"":false},""min_evaluated_picks"":20,""min_evaluated_totals_picks"":10,""reason"":""need more settled moneylines picks (16/20); totals disabled by config; need more settled totals picks (6/10); recent totals CLV -6.1667 is below 0.0000; recent totals ROI -0.3600 is below 0.0000; recent totals overconfidence gap 0.2488 exceeds 0.1000"",""status"":""suppressed""},""selection_config"":{""additional_confidence_floor"":52,""confidence_dropoff"":8,""edge_floor"":0.02,""max_picks"":5,""min_expected_value"":0.0,""probability_floor"":0.5}}"
2026-04-08T22:39:05Z,daily-20260408T223804134918Z,daily,2026-04-08T22:38:04Z,tracking/snapshots/2026-04-08/nba/daily-20260408T223804134918Z.json,nba,slop_lock,moneyline,Pistons,Bucks,2026-04-08,2026-04-08T23:00Z,home,,,,0.8614,0.9332,0.9709,-0.0718,-0.1041,-2500,1.04,46.0,0.0,0.0,median_complete_book_no_vig,8,0.0422,suppressed,need more settled moneylines picks (16/20); totals disabled by config; need more settled totals picks (6/10); recent totals CLV -6.1667 is below 0.0000; recent totals ROI -0.3600 is below 0.0000; recent totals overconfidence gap 0.2488 exceeds 0.1000,True,16,6,164,0.0,0.02,0.5,52,8,5,"{""benchmark"":{""books_tracked"":8,""fair_probs"":{""away"":0.0668,""home"":0.9332},""hold"":0.0422,""raw_probs"":{""away"":0.0695,""home"":0.9709},""source"":""median_complete_book_no_vig""},""books"":[{""book"":""DraftKings"",""fair_probs"":{""away"":0.0643,""home"":0.9357},""hold"":0.0375,""last_update"":""2026-04-08T22:37:07Z"",""outcomes"":{""away"":15.0,""home"":1.03},""raw_probs"":{""away"":0.0667,""home"":0.9709}},{""book"":""BetOnline.ag"",""fair_probs"":{""away"":0.0678,""home"":0.9322},""hold"":0.0415,""last_update"":""2026-04-08T22:37:31Z"",""outcomes"":{""away"":14.16,""home"":1.03},""raw_probs"":{""away"":0.0706,""home"":0.9709}},{""book"":""LowVig.ag"",""fair_probs"":{""away"":0.0658,""home"":0.9342},""hold"":0.0392,""last_update"":""2026-04-08T22:38:05Z"",""outcomes"":{""away"":14.63,""home"":1.03},""raw_probs"":{""away"":0.0684,""home"":0.9709}},{""book"":""FanDuel"",""fair_probs"":{""away"":0.0741,""home"":0.9259},""hold"":0.0385,""last_update"":""2026-04-08T22:38:05Z"",""outcomes"":{""away"":13.0,""home"":1.04},""raw_probs"":{""away"":0.0769,""home"":0.9615}},{""book"":""BetMGM"",""fair_probs"":{""away"":0.0599,""home"":0.9401},""hold"":0.0429,""last_update"":""2026-04-08T22:37:29Z"",""outcomes"":{""away"":16.0,""home"":1.02},""raw_probs"":{""away"":0.0625,""home"":0.9804}},{""book"":""BetRivers"",""fair_probs"":{""away"":0.0829,""home"":0.9171},""hold"":0.0485,""last_update"":""2026-04-08T22:37:29Z"",""outcomes"":{""away"":11.5,""home"":1.04},""raw_probs"":{""away"":0.087,""home"":0.9615}},{""book"":""Bovada"",""fair_probs"":{""away"":0.0728,""home"":0.9272},""hold"":0.0573,""last_update"":""2026-04-08T22:36:28Z"",""outcomes"":{""away"":13.0,""home"":1.02},""raw_probs"":{""away"":0.0769,""home"":0.9804}},{""book"":""MyBookie.ag"",""fair_probs"":{""away"":0.0634,""home"":0.9366},""hold"":0.0468,""last_update"":""2026-04-08T22:36:20Z"",""outcomes"":{""away"":15.06,""home"":1.02},""raw_probs"":{""away"":0.0664,""home"":0.9804}}],""execution_prices"":{""away"":16.0,""home"":1.04}}","{""away"":0.0829,""home"":0.9171}","{""elo"":{""away"":0.0326,""home"":0.9674},""nba_matchup"":{""away"":0.2045,""home"":0.7955},""recent_boxscore"":{""away"":0.1657,""home"":0.8343},""results_features"":{""away"":0.1823,""home"":0.8177}}","{""american_odds"":-2500,""away_availability_profile"":{""active_players"":17,""available_core_players"":11,""doubtful_players"":0,""event_injury_burden"":5.0,""event_key_absence_score"":0.0,""event_leader_absence_burden"":0.0,""event_leader_uncertainty_burden"":0.0,""event_uncertainty_burden"":0.0,""injured_players"":6,""injury_burden"":4.7,""key_absence_score"":0.0,""leader_absence_burden"":0.0,""leader_uncertainty_burden"":0.0,""questionable_players"":0,""uncertainty_burden"":0.0},""away_bullpen_tax"":null,""away_goalie"":null,""away_goalie_status"":null,""away_injury_profile"":null,""away_lineup_profile"":null,""away_pitcher"":null,""away_pitcher_hand"":null,""away_team"":""Bucks"",""best_odds"":{""away"":1500,""home"":-2500},""completed"":false,""confidence_score"":46.0,""confidence_stars"":3,""date"":""2026-04-08"",""edge"":-0.0718,""edges"":{""away"":{""american_odds"":1500,""confidence_score"":38.3,""decimal_odds"":16.0,""edge"":0.0718,""expected_value"":1.2176,""fractional_kelly"":0.0203,""hold"":0.0422,""implied_prob"":0.0668,""is_value"":false,""kelly_fraction"":0.0812,""market_books"":8,""market_implied_prob"":0.0695,""market_source"":""median_complete_book_no_vig"",""model_prob"":0.1386,""raw_model_prob"":0.0829,""unrealistic_flag"":false},""home"":{""american_odds"":-2500,""confidence_score"":46.0,""decimal_odds"":1.04,""edge"":-0.0718,""expected_value"":-0.1041,""fractional_kelly"":0.0,""hold"":0.0422,""implied_prob"":0.9332,""is_value"":false,""kelly_fraction"":0.0,""market_books"":8,""market_implied_prob"":0.9709,""market_source"":""median_complete_book_no_vig"",""model_prob"":0.8614,""raw_model_prob"":0.9171,""unrealistic_flag"":false}},""expected_value"":-0.1041,""fractional_kelly"":0.0,""home_availability_profile"":{""active_players"":18,""available_core_players"":11,""doubtful_players"":0,""event_injury_burden"":2.35,""event_key_absence_score"":1.0,""event_leader_absence_burden"":2.4,""event_leader_uncertainty_burden"":0.0,""event_uncertainty_burden"":0.35,""injured_players"":7,""injury_burden"":3.75,""key_absence_score"":1.35,""leader_absence_burden"":2.627,""leader_uncertainty_burden"":0.227,""questionable_players"":5,""uncertainty_burden"":1.75},""home_bullpen_tax"":null,""home_goalie"":null,""home_goalie_status"":null,""home_injury_profile"":null,""home_lineup_profile"":null,""home_pitcher"":null,""home_pitcher_hand"":null,""home_team"":""Pistons"",""individual_models"":{""elo"":{""away"":0.0326,""home"":0.9674},""nba_matchup"":{""away"":0.2045,""home"":0.7955},""recent_boxscore"":{""away"":0.1657,""home"":0.8343},""results_features"":{""away"":0.1823,""home"":0.8177}},""kelly_fraction"":0.0,""market_snapshot"":{""benchmark"":{""books_tracked"":8,""fair_probs"":{""away"":0.0668,""home"":0.9332},""hold"":0.0422,""raw_probs"":{""away"":0.0695,""home"":0.9709},""source"":""median_complete_book_no_vig""},""books"":[{""book"":""DraftKings"",""fair_probs"":{""away"":0.0643,""home"":0.9357},""hold"":0.0375,""last_update"":""2026-04-08T22:37:07Z"",""outcomes"":{""away"":15.0,""home"":1.03},""raw_probs"":{""away"":0.0667,""home"":0.9709}},{""book"":""BetOnline.ag"",""fair_probs"":{""away"":0.0678,""home"":0.9322},""hold"":0.0415,""last_update"":""2026-04-08T22:37:31Z"",""outcomes"":{""away"":14.16,""home"":1.03},""raw_probs"":{""away"":0.0706,""home"":0.9709}},{""book"":""LowVig.ag"",""fair_probs"":{""away"":0.0658,""home"":0.9342},""hold"":0.0392,""last_update"":""2026-04-08T22:38:05Z"",""outcomes"":{""away"":14.63,""home"":1.03},""raw_probs"":{""away"":0.0684,""home"":0.9709}},{""book"":""FanDuel"",""fair_probs"":{""away"":0.0741,""home"":0.9259},""hold"":0.0385,""last_update"":""2026-04-08T22:38:05Z"",""outcomes"":{""away"":13.0,""home"":1.04},""raw_probs"":{""away"":0.0769,""home"":0.9615}},{""book"":""BetMGM"",""fair_probs"":{""away"":0.0599,""home"":0.9401},""hold"":0.0429,""last_update"":""2026-04-08T22:37:29Z"",""outcomes"":{""away"":16.0,""home"":1.02},""raw_probs"":{""away"":0.0625,""home"":0.9804}},{""book"":""BetRivers"",""fair_probs"":{""away"":0.0829,""home"":0.9171},""hold"":0.0485,""last_update"":""2026-04-08T22:37:29Z"",""outcomes"":{""away"":11.5,""home"":1.04},""raw_probs"":{""away"":0.087,""home"":0.9615}},{""book"":""Bovada"",""fair_probs"":{""away"":0.0728,""home"":0.9272},""hold"":0.0573,""last_update"":""2026-04-08T22:36:28Z"",""outcomes"":{""away"":13.0,""home"":1.02},""raw_probs"":{""away"":0.0769,""home"":0.9804}},{""book"":""MyBookie.ag"",""fair_probs"":{""away"":0.0634,""home"":0.9366},""hold"":0.0468,""last_update"":""2026-04-08T22:36:20Z"",""outcomes"":{""away"":15.06,""home"":1.02},""raw_probs"":{""away"":0.0664,""home"":0.9804}}],""execution_prices"":{""away"":16.0,""home"":1.04}},""matchday"":null,""model_prob"":0.9171,""model_probs"":{""away"":0.0829,""home"":0.9171},""neutral"":false,""pick"":""home"",""qualitative_analysis"":{""away_impact"":-5.0,""away_team"":""Bucks"",""home_impact"":-5.0,""home_team"":""Pistons"",""individual_factors"":[{""confidence"":1.0,""description"":""Cade Cunningham, a key playmaker and primary scorer, is out."",""direction"":""negative"",""magnitude"":3.0,""team"":""Pistons""},{""confidence"":1.0,""description"":""Isaiah Stewart, a starting forward and defensive presence, is out."",""direction"":""negative"",""magnitude"":2.0,""team"":""Pistons""},{""confidence"":0.8,""description"":""Kevin Huerter, a role player, is day-to-day and assumed out."",""direction"":""negative"",""magnitude"":1.0,""team"":""Pistons""},{""confidence"":1.0,""description"":""Giannis Antetokounmpo, a superstar and MVP candidate, is out."",""direction"":""negative"",""magnitude"":4.0,""team"":""Bucks""},{""confidence"":1.0,""description"":""Bobby Portis, a key bench scorer and rebounder, is out."",""direction"":""negative"",""magnitude"":2.0,""team"":""Bucks""}],""net_qualitative_edge"":""none"",""sport"":""nba"",""summary"":""Both the Pistons and Bucks are severely impacted by multiple key injuries, including superstars and starters, resulting in a neutral qualitative edge.""},""qualitative_summary"":""Qualitative (H:-5.0 A:-5.0): no effect. Cade Cunningham, a key playmaker and primary scorer, is out.; Isaiah Stewart, a starting forward and defensive presence, is out."",""run_id"":""daily-20260408T223804134918Z"",""run_type"":""daily"",""snapshot_path"":""tracking/snapshots/2026-04-08/nba/daily-20260408T223804134918Z.json"",""snapshot_timestamp"":""2026-04-08T22:38:04Z"",""start_time"":""2026-04-08T23:00Z"",""weather"":null}","{""pick_type"":""slop_lock"",""publication_guard"":{""allow_longslop"":false,""allow_moneyline"":false,""allow_slimegrinder"":false,""allow_totals"":false,""enforced"":true,""evaluated_picks"":16,""evaluated_totals_picks"":6,""lane_guards"":{""longslop"":{""allow"":false,""health_score"":0.4286,""market_type"":null,""overall"":{""avg_confidence"":null,""avg_expected_value"":null,""clv"":{""avg_clv"":null,""moneyline_avg_clv"":null,""moneyline_non_negative_rate"":null,""moneyline_positive_rate"":null,""moneyline_tracked"":0,""non_negative_rate"":null,""positive_rate"":null,""totals_avg_clv"":null,""totals_non_negative_rate"":null,""totals_positive_rate"":null,""totals_tracked"":0,""tracked"":0},""evaluated"":0,""hit_rate"":null,""losses"":0,""pending"":0,""pushes"":0,""roi"":null,""total_picks"":0,""wins"":0},""pick_type"":""longslop"",""reasons"":[""longslop disabled by config"",""need more settled longslop picks (0/5)"",""need more recent settled longslop picks (0/3)"",""need more tracked longslop CLV (0/3)""],""recent"":{""actual_win_rate"":null,""avg_confidence"":null,""avg_expected_value"":null,""avg_model_prob"":null,""calibration_gap"":null,""clv"":{""avg_clv"":null,""moneyline_avg_clv"":null,""moneyline_non_negative_rate"":null,""moneyline_positive_rate"":null,""moneyline_tracked"":0,""non_negative_rate"":null,""positive_rate"":null,""totals_avg_clv"":null,""totals_non_negative_rate"":null,""totals_positive_rate"":null,""totals_tracked"":0,""tracked"":0},""evaluated"":0,""hit_rate"":null,""losses"":0,""overconfidence_gap"":null,""pending"":0,""pushes"":0,""recent_count"":5,""roi"":null,""total_picks"":0,""wins"":0},""status"":""disabled""},""moneyline"":{""allow"":false,""health_score"":0.8571,""market_type"":""moneyline"",""overall"":{""avg_confidence"":63.63,""avg_expected_value"":0.0647,""clv"":{""avg_clv"":0.166,""moneyline_avg_clv"":0.166,""moneyline_non_negative_rate"":0.6923,""moneyline_positive_rate"":0.6923,""moneyline_tracked"":13,""non_negative_rate"":0.6923,""positive_rate"":0.6923,""totals_avg_clv"":null,""totals_non_negative_rate"":null,""totals_positive_rate"":null,""totals_tracked"":0,""tracked"":13},""evaluated"":16,""hit_rate"":0.6875,""losses"":5,""pending"":10,""push_rate"":0.0,""pushes"":0,""roi"":0.0536,""total_picks"":26,""wins"":11},""pick_type"":null,""reasons"":[""need more settled moneylines picks (16/20)""],""recent"":{""actual_win_rate"":0.75,""avg_confidence"":64.65,""avg_expected_value"":0.086,""avg_model_prob"":0.7193,""calibration_gap"":-0.0307,""clv"":{""avg_clv"":0.2674,""moneyline_avg_clv"":0.2674,""moneyline_non_negative_rate"":0.875,""moneyline_positive_rate"":0.875,""moneyline_tracked"":8,""non_negative_rate"":0.875,""positive_rate"":0.875,""totals_avg_clv"":null,""totals_non_negative_rate"":null,""totals_positive_rate"":null,""totals_tracked"":0,""tracked"":8},""evaluated"":8,""hit_rate"":0.75,""losses"":2,""overconfidence_gap"":0.0,""pending"":0,""push_rate"":0.0,""pushes"":0,""recent_count"":8,""roi"":0.1233,""total_picks"":8,""wins"":6},""status"":""research""},""slimegrinder"":{""allow"":false,""health_score"":0.4286,""market_type"":null,""overall"":{""avg_confidence"":null,""avg_expected_value"":null,""clv"":{""avg_clv"":null,""moneyline_avg_clv"":null,""moneyline_non_negative_rate"":null,""moneyline_positive_rate"":null,""moneyline_tracked"":0,""non_negative_rate"":null,""positive_rate"":null,""totals_avg_clv"":null,""totals_non_negative_rate"":null,""totals_positive_rate"":null,""totals_tracked"":0,""tracked"":0},""evaluated"":0,""hit_rate"":null,""losses"":0,""pending"":0,""pushes"":0,""roi"":null,""total_picks"":0,""wins"":0},""pick_type"":""slimegrinder"",""reasons"":[""slimegrinder disabled by config"",""need more settled slimegrinder picks (0/5)"",""need more recent settled slimegrinder picks (0/3)"",""need more tracked slimegrinder CLV (0/3)""],""recent"":{""actual_win_rate"":null,""avg_confidence"":null,""avg_expected_value"":null,""avg_model_prob"":null,""calibration_gap"":null,""clv"":{""avg_clv"":null,""moneyline_avg_clv"":null,""moneyline_non_negative_rate"":null,""moneyline_positive_rate"":null,""moneyline_tracked"":0,""non_negative_rate"":null,""positive_rate"":null,""totals_avg_clv"":null,""totals_non_negative_rate"":null,""totals_positive_rate"":null,""totals_tracked"":0,""tracked"":0},""evaluated"":0,""hit_rate"":null,""losses"":0,""overconfidence_gap"":null,""pending"":0,""pushes"":0,""recent_count"":5,""roi"":null,""total_picks"":0,""wins"":0},""status"":""disabled""},""totals"":{""allow"":false,""health_score"":0.2857,""market_type"":""total"",""overall"":{""avg_confidence"":75.3786,""avg_expected_value"":0.1204,""clv"":{""avg_clv"":-6.1667,""moneyline_avg_clv"":null,""moneyline_non_negative_rate"":null,""moneyline_positive_rate"":null,""moneyline_tracked"":0,""non_negative_rate"":0.6667,""positive_rate"":0.5,""totals_avg_clv"":-6.1667,""totals_non_negative_rate"":0.6667,""totals_positive_rate"":0.5,""totals_tracked"":6,""tracked"":6},""evaluated"":6,""hit_rate"":0.3333,""losses"":4,""pending"":8,""push_rate"":0.0,""pushes"":0,""roi"":-0.36,""total_picks"":14,""wins"":2},""pick_type"":null,""reasons"":[""totals disabled by config"",""need more settled totals picks (6/10)"",""recent totals CLV -6.1667 is below 0.0000"",""recent totals ROI -0.3600 is below 0.0000"",""recent totals overconfidence gap 0.2488 exceeds 0.1000""],""recent"":{""actual_win_rate"":0.3333,""avg_confidence"":77.15,""avg_expected_value"":0.1254,""avg_model_prob"":0.5821,""calibration_gap"":0.2488,""clv"":{""avg_clv"":-6.1667,""moneyline_avg_clv"":null,""moneyline_non_negative_rate"":null,""moneyline_positive_rate"":null,""moneyline_tracked"":0,""non_negative_rate"":0.6667,""positive_rate"":0.5,""totals_avg_clv"":-6.1667,""totals_non_negative_rate"":0.6667,""totals_positive_rate"":0.5,""totals_tracked"":6,""tracked"":6},""evaluated"":6,""hit_rate"":0.3333,""losses"":4,""overconfidence_gap"":0.2488,""pending"":0,""push_rate"":0.0,""pushes"":0,""recent_count"":8,""roi"":-0.36,""total_picks"":6,""wins"":2},""status"":""disabled""},""totals_enabled"":false},""min_evaluated_picks"":20,""min_evaluated_totals_picks"":10,""reason"":""need more settled moneylines picks (16/20); totals disabled by config; need more settled totals picks (6/10); recent totals CLV -6.1667 is below 0.0000; recent totals ROI -0.3600 is below 0.0000; recent totals overconfidence gap 0.2488 exceeds 0.1000"",""status"":""suppressed""},""selection_config"":{""additional_confidence_floor"":52,""confidence_dropoff"":8,""edge_floor"":0.02,""max_picks"":5,""min_expected_value"":0.0,""probability_floor"":0.5}}"
2026-04-08T22:39:48Z,daily-20260408T223804134918Z,daily,2026-04-08T22:38:04Z,tracking/snapshots/2026-04-08/nhl/daily-20260408T223804134918Z.json,nhl,slop_lock,moneyline,Maple Leafs,Capitals,2026-04-08,2026-04-08T23:30Z,away,,,,0.5409,0.5823,0.6061,-0.0414,-0.0967,-149,1.67,23.6,0.0,0.0,median_complete_book_no_vig,9,0.0428,suppressed,need more settled moneylines picks (8/20); totals disabled by config,True,8,0,15,0.0,0.015,0.5,50,7,4,"{""benchmark"":{""books_tracked"":9,""fair_probs"":{""away"":0.5823,""home"":0.4177},""hold"":0.0428,""raw_probs"":{""away"":0.6061,""home"":0.4348},""source"":""median_complete_book_no_vig""},""books"":[{""book"":""BetRivers"",""fair_probs"":{""away"":0.5899,""home"":0.4101},""hold"":0.0465,""last_update"":""2026-04-08T22:38:41Z"",""outcomes"":{""away"":1.62,""home"":2.33},""raw_probs"":{""away"":0.6173,""home"":0.4292}},{""book"":""DraftKings"",""fair_probs"":{""away"":0.5823,""home"":0.4177},""hold"":0.0408,""last_update"":""2026-04-08T22:38:54Z"",""outcomes"":{""away"":1.65,""home"":2.3},""raw_probs"":{""away"":0.6061,""home"":0.4348}},{""book"":""FanDuel"",""fair_probs"":{""away"":0.5802,""home"":0.4198},""hold"":0.0447,""last_update"":""2026-04-08T22:38:46Z"",""outcomes"":{""away"":1.65,""home"":2.28},""raw_probs"":{""away"":0.6061,""home"":0.4386}},{""book"":""LowVig.ag"",""fair_probs"":{""away"":0.5875,""home"":0.4125},""hold"":0.0316,""last_update"":""2026-04-08T22:38:40Z"",""outcomes"":{""away"":1.65,""home"":2.35},""raw_probs"":{""away"":0.6061,""home"":0.4255}},{""book"":""BetOnline.ag"",""fair_probs"":{""away"":0.5875,""home"":0.4125},""hold"":0.0316,""last_update"":""2026-04-08T22:38:40Z"",""outcomes"":{""away"":1.65,""home"":2.35},""raw_probs"":{""away"":0.6061,""home"":0.4255}},{""book"":""BetMGM"",""fair_probs"":{""away"":0.574,""home"":0.426},""hold"":0.0432,""last_update"":""2026-04-08T22:37:32Z"",""outcomes"":{""away"":1.67,""home"":2.25},""raw_probs"":{""away"":0.5988,""home"":0.4444}},{""book"":""Bovada"",""fair_probs"":{""away"":0.5919,""home"":0.4081},""hold"":0.0428,""last_update"":""2026-04-08T22:35:30Z"",""outcomes"":{""away"":1.62,""home"":2.35},""raw_probs"":{""away"":0.6173,""home"":0.4255}},{""book"":""MyBookie.ag"",""fair_probs"":{""away"":0.578,""home"":0.422},""hold"":0.0485,""last_update"":""2026-04-08T22:38:21Z"",""outcomes"":{""away"":1.65,""home"":2.26},""raw_probs"":{""away"":0.6061,""home"":0.4425}},{""book"":""BetUS"",""fair_probs"":{""away"":0.5783,""home"":0.4217},""hold"":0.0355,""last_update"":""2026-04-08T22:37:32Z"",""outcomes"":{""away"":1.67,""home"":2.29},""raw_probs"":{""away"":0.5988,""home"":0.4367}}],""execution_prices"":{""away"":1.67,""home"":2.35}}","{""away"":0.5133,""home"":0.4867}","{""elo"":{""away"":0.5936,""home"":0.4064},""nhl_matchup"":{""away"":0.4318,""home"":0.5682},""results_features"":{""away"":0.4826,""home"":0.5174}}","{""american_odds"":-149,""away_availability_profile"":null,""away_bullpen_tax"":null,""away_goalie"":""Logan Thompson"",""away_goalie_status"":""confirmed"",""away_injury_profile"":{""injury_burden"":1.0,""key_absence_score"":0.0,""leader_absence_burden"":0.0,""leader_uncertainty_burden"":0.0,""uncertainty_burden"":0.0},""away_lineup_profile"":null,""away_pitcher"":null,""away_pitcher_hand"":null,""away_team"":""Capitals"",""best_odds"":{""away"":-149,""home"":135},""completed"":false,""confidence_score"":23.6,""confidence_stars"":1,""date"":""2026-04-08"",""edge"":-0.0414,""edges"":{""away"":{""american_odds"":-149,""confidence_score"":23.6,""decimal_odds"":1.67,""edge"":-0.0414,""expected_value"":-0.0967,""fractional_kelly"":0.0,""hold"":0.0428,""implied_prob"":0.5823,""is_value"":false,""kelly_fraction"":0.0,""market_books"":9,""market_implied_prob"":0.6061,""market_source"":""median_complete_book_no_vig"",""model_prob"":0.5409,""raw_model_prob"":0.5133,""unrealistic_flag"":false},""home"":{""american_odds"":135,""confidence_score"":41.8,""decimal_odds"":2.35,""edge"":0.0414,""expected_value"":0.0789,""fractional_kelly"":0.0117,""hold"":0.0428,""implied_prob"":0.4177,""is_value"":false,""kelly_fraction"":0.0584,""market_books"":9,""market_implied_prob"":0.4348,""market_source"":""median_complete_book_no_vig"",""model_prob"":0.4591,""raw_model_prob"":0.4867,""unrealistic_flag"":false}},""expected_value"":-0.0967,""fractional_kelly"":0.0,""home_availability_profile"":null,""home_bullpen_tax"":null,""home_goalie"":""Anthony Stolarz"",""home_goalie_status"":""expected"",""home_injury_profile"":{""injury_burden"":1.0,""key_absence_score"":0.0,""leader_absence_burden"":0.0,""leader_uncertainty_burden"":0.0,""uncertainty_burden"":0.0},""home_lineup_profile"":null,""home_pitcher"":null,""home_pitcher_hand"":null,""home_team"":""Maple Leafs"",""individual_models"":{""elo"":{""away"":0.5936,""home"":0.4064},""nhl_matchup"":{""away"":0.4318,""home"":0.5682},""results_features"":{""away"":0.4826,""home"":0.5174}},""kelly_fraction"":0.0,""market_snapshot"":{""benchmark"":{""books_tracked"":9,""fair_probs"":{""away"":0.5823,""home"":0.4177},""hold"":0.0428,""raw_probs"":{""away"":0.6061,""home"":0.4348},""source"":""median_complete_book_no_vig""},""books"":[{""book"":""BetRivers"",""fair_probs"":{""away"":0.5899,""home"":0.4101},""hold"":0.0465,""last_update"":""2026-04-08T22:38:41Z"",""outcomes"":{""away"":1.62,""home"":2.33},""raw_probs"":{""away"":0.6173,""home"":0.4292}},{""book"":""DraftKings"",""fair_probs"":{""away"":0.5823,""home"":0.4177},""hold"":0.0408,""last_update"":""2026-04-08T22:38:54Z"",""outcomes"":{""away"":1.65,""home"":2.3},""raw_probs"":{""away"":0.6061,""home"":0.4348}},{""book"":""FanDuel"",""fair_probs"":{""away"":0.5802,""home"":0.4198},""hold"":0.0447,""last_update"":""2026-04-08T22:38:46Z"",""outcomes"":{""away"":1.65,""home"":2.28},""raw_probs"":{""away"":0.6061,""home"":0.4386}},{""book"":""LowVig.ag"",""fair_probs"":{""away"":0.5875,""home"":0.4125},""hold"":0.0316,""last_update"":""2026-04-08T22:38:40Z"",""outcomes"":{""away"":1.65,""home"":2.35},""raw_probs"":{""away"":0.6061,""home"":0.4255}},{""book"":""BetOnline.ag"",""fair_probs"":{""away"":0.5875,""home"":0.4125},""hold"":0.0316,""last_update"":""2026-04-08T22:38:40Z"",""outcomes"":{""away"":1.65,""home"":2.35},""raw_probs"":{""away"":0.6061,""home"":0.4255}},{""book"":""BetMGM"",""fair_probs"":{""away"":0.574,""home"":0.426},""hold"":0.0432,""last_update"":""2026-04-08T22:37:32Z"",""outcomes"":{""away"":1.67,""home"":2.25},""raw_probs"":{""away"":0.5988,""home"":0.4444}},{""book"":""Bovada"",""fair_probs"":{""away"":0.5919,""home"":0.4081},""hold"":0.0428,""last_update"":""2026-04-08T22:35:30Z"",""outcomes"":{""away"":1.62,""home"":2.35},""raw_probs"":{""away"":0.6173,""home"":0.4255}},{""book"":""MyBookie.ag"",""fair_probs"":{""away"":0.578,""home"":0.422},""hold"":0.0485,""last_update"":""2026-04-08T22:38:21Z"",""outcomes"":{""away"":1.65,""home"":2.26},""raw_probs"":{""away"":0.6061,""home"":0.4425}},{""book"":""BetUS"",""fair_probs"":{""away"":0.5783,""home"":0.4217},""hold"":0.0355,""last_update"":""2026-04-08T22:37:32Z"",""outcomes"":{""away"":1.67,""home"":2.29},""raw_probs"":{""away"":0.5988,""home"":0.4367}}],""execution_prices"":{""away"":1.67,""home"":2.35}},""matchday"":null,""model_prob"":0.5133,""model_probs"":{""away"":0.5133,""home"":0.4867},""neutral"":false,""pick"":""away"",""qualitative_analysis"":{""away_impact"":0.0,""away_team"":""Capitals"",""home_impact"":-3.5,""home_team"":""Maple Leafs"",""individual_factors"":[{""confidence"":0.8,""description"":""Defenseman Chris Tanev is on Injured Reserve, which weakens the team's defensive depth."",""direction"":""negative"",""magnitude"":1.5,""team"":""Maple Leafs""},{""confidence"":0.7,""description"":""Anthony Stolarz, typically a backup goalie, is the expected starter, which could be a disadvantage in net."",""direction"":""negative"",""magnitude"":2.0,""team"":""Maple Leafs""},{""confidence"":0.9,""description"":""Eriks Mateiko is out, but as a prospect, his absence is unlikely to significantly impact the NHL roster."",""direction"":""negative"",""magnitude"":0.0,""team"":""Capitals""},{""confidence"":0.9,""description"":""Logan Thompson is confirmed as the starting goalie, which is a neutral factor as he is a regular starter."",""direction"":""positive"",""magnitude"":0.0,""team"":""Capitals""}],""net_qualitative_edge"":""away"",""sport"":""nhl"",""summary"":""The Maple Leafs face a significant negative impact due to a key defensive injury and an expected backup goalie start, giving the Capitals a qualitative edge.""},""qualitative_summary"":""Qualitative (H:-3.5 A:0.0): agreed. Defenseman Chris Tanev is on Injured Reserve, which weakens the team's defensive depth.; Anthony Stolarz, typically a backup goalie, is the expected starter, which could be a disadvantage in net."",""run_id"":""daily-20260408T223804134918Z"",""run_type"":""daily"",""snapshot_path"":""tracking/snapshots/2026-04-08/nhl/daily-20260408T223804134918Z.json"",""snapshot_timestamp"":""2026-04-08T22:38:04Z"",""start_time"":""2026-04-08T23:30Z"",""weather"":null}","{""pick_type"":""slop_lock"",""publication_guard"":{""allow_longslop"":false,""allow_moneyline"":false,""allow_slimegrinder"":false,""allow_totals"":false,""enforced"":true,""evaluated_picks"":8,""evaluated_totals_picks"":0,""lane_guards"":{""longslop"":{""allow"":false,""health_score"":0.4286,""market_type"":null,""overall"":{""avg_confidence"":null,""avg_expected_value"":null,""clv"":{""avg_clv"":null,""moneyline_avg_clv"":null,""moneyline_non_negative_rate"":null,""moneyline_positive_rate"":null,""moneyline_tracked"":0,""non_negative_rate"":null,""positive_rate"":null,""totals_avg_clv"":null,""totals_non_negative_rate"":null,""totals_positive_rate"":null,""totals_tracked"":0,""tracked"":0},""evaluated"":0,""hit_rate"":null,""losses"":0,""pending"":0,""pushes"":0,""roi"":null,""total_picks"":0,""wins"":0},""pick_type"":""longslop"",""reasons"":[""longslop disabled by config"",""need more settled longslop picks (0/5)"",""need more recent settled longslop picks (0/3)"",""need more tracked longslop CLV (0/3)""],""recent"":{""actual_win_rate"":null,""avg_confidence"":null,""avg_expected_value"":null,""avg_model_prob"":null,""calibration_gap"":null,""clv"":{""avg_clv"":null,""moneyline_avg_clv"":null,""moneyline_non_negative_rate"":null,""moneyline_positive_rate"":null,""moneyline_tracked"":0,""non_negative_rate"":null,""positive_rate"":null,""totals_avg_clv"":null,""totals_non_negative_rate"":null,""totals_positive_rate"":null,""totals_tracked"":0,""tracked"":0},""evaluated"":0,""hit_rate"":null,""losses"":0,""overconfidence_gap"":null,""pending"":0,""pushes"":0,""recent_count"":5,""roi"":null,""total_picks"":0,""wins"":0},""status"":""disabled""},""moneyline"":{""allow"":false,""health_score"":0.8571,""market_type"":""moneyline"",""overall"":{""avg_confidence"":55.34,""avg_expected_value"":0.0372,""clv"":{""avg_clv"":0.0162,""moneyline_avg_clv"":0.0162,""moneyline_non_negative_rate"":0.125,""moneyline_positive_rate"":0.125,""moneyline_tracked"":8,""non_negative_rate"":0.125,""positive_rate"":0.125,""totals_avg_clv"":null,""totals_non_negative_rate"":null,""totals_positive_rate"":null,""totals_tracked"":0,""tracked"":8},""evaluated"":8,""hit_rate"":0.625,""losses"":3,""pending"":7,""push_rate"":0.0,""pushes"":0,""roi"":0.0225,""total_picks"":15,""wins"":5},""pick_type"":null,""reasons"":[""need more settled moneylines picks (8/20)""],""recent"":{""actual_win_rate"":0.625,""avg_confidence"":50.725,""avg_expected_value"":0.0213,""avg_model_prob"":0.6158,""calibration_gap"":-0.0092,""clv"":{""avg_clv"":0.0162,""moneyline_avg_clv"":0.0162,""moneyline_non_negative_rate"":0.125,""moneyline_positive_rate"":0.125,""moneyline_tracked"":8,""non_negative_rate"":0.125,""positive_rate"":0.125,""totals_avg_clv"":null,""totals_non_negative_rate"":null,""totals_positive_rate"":null,""totals_tracked"":0,""tracked"":8},""evaluated"":8,""hit_rate"":0.625,""losses"":3,""overconfidence_gap"":0.0,""pending"":0,""push_rate"":0.0,""pushes"":0,""recent_count"":8,""roi"":0.0225,""total_picks"":8,""wins"":5},""status"":""research""},""slimegrinder"":{""allow"":false,""health_score"":0.4286,""market_type"":null,""overall"":{""avg_confidence"":null,""avg_expected_value"":null,""clv"":{""avg_clv"":null,""moneyline_avg_clv"":null,""moneyline_non_negative_rate"":null,""moneyline_positive_rate"":null,""moneyline_tracked"":0,""non_negative_rate"":null,""positive_rate"":null,""totals_avg_clv"":null,""totals_non_negative_rate"":null,""totals_positive_rate"":null,""totals_tracked"":0,""tracked"":0},""evaluated"":0,""hit_rate"":null,""losses"":0,""pending"":0,""pushes"":0,""roi"":null,""total_picks"":0,""wins"":0},""pick_type"":""slimegrinder"",""reasons"":[""slimegrinder disabled by config"",""need more settled slimegrinder picks (0/5)"",""need more recent settled slimegrinder picks (0/3)"",""need more tracked slimegrinder CLV (0/3)""],""recent"":{""actual_win_rate"":null,""avg_confidence"":null,""avg_expected_value"":null,""avg_model_prob"":null,""calibration_gap"":null,""clv"":{""avg_clv"":null,""moneyline_avg_clv"":null,""moneyline_non_negative_rate"":null,""moneyline_positive_rate"":null,""moneyline_tracked"":0,""non_negative_rate"":null,""positive_rate"":null,""totals_avg_clv"":null,""totals_non_negative_rate"":null,""totals_positive_rate"":null,""totals_tracked"":0,""tracked"":0},""evaluated"":0,""hit_rate"":null,""losses"":0,""overconfidence_gap"":null,""pending"":0,""pushes"":0,""recent_count"":5,""roi"":null,""total_picks"":0,""wins"":0},""status"":""disabled""},""totals"":{""allow"":false,""health_score"":0.8571,""market_type"":""total"",""overall"":{""avg_confidence"":null,""avg_expected_value"":null,""clv"":{""avg_clv"":null,""moneyline_avg_clv"":null,""moneyline_non_negative_rate"":null,""moneyline_positive_rate"":null,""moneyline_tracked"":0,""non_negative_rate"":null,""positive_rate"":null,""totals_avg_clv"":null,""totals_non_negative_rate"":null,""totals_positive_rate"":null,""totals_tracked"":0,""tracked"":0},""evaluated"":0,""hit_rate"":null,""losses"":0,""pending"":0,""pushes"":0,""roi"":null,""total_picks"":0,""wins"":0},""pick_type"":null,""reasons"":[""totals disabled by config""],""recent"":{""actual_win_rate"":null,""avg_confidence"":null,""avg_expected_value"":null,""avg_model_prob"":null,""calibration_gap"":null,""clv"":{""avg_clv"":null,""moneyline_avg_clv"":null,""moneyline_non_negative_rate"":null,""moneyline_positive_rate"":null,""moneyline_tracked"":0,""non_negative_rate"":null,""positive_rate"":null,""totals_avg_clv"":null,""totals_non_negative_rate"":null,""totals_positive_rate"":null,""totals_tracked"":0,""tracked"":0},""evaluated"":0,""hit_rate"":null,""losses"":0,""overconfidence_gap"":null,""pending"":0,""pushes"":0,""recent_count"":8,""roi"":null,""total_picks"":0,""wins"":0},""status"":""disabled""},""totals_enabled"":false},""min_evaluated_picks"":20,""min_evaluated_totals_picks"":0,""reason"":""need more settled moneylines picks (8/20); totals disabled by config"",""status"":""suppressed""},""selection_config"":{""additional_confidence_floor"":50,""confidence_dropoff"":7,""edge_floor"":0.015,""max_picks"":4,""min_expected_value"":0.0,""probability_floor"":0.5}}"
2026-04-08T22:39:48Z,daily-20260408T223804134918Z,daily,2026-04-08T22:38:04Z,tracking/snapshots/2026-04-08/nhl/daily-20260408T223804134918Z.json,nhl,slop_lock,moneyline,Rangers,Sabres,2026-04-08,2026-04-08T23:00Z,away,,,,0.5233,0.5641,0.5882,-0.0408,-0.0894,-135,1.74,22.7,0.0,0.0,median_complete_book_no_vig,9,0.0428,suppressed,need more settled moneylines picks (8/20); totals disabled by config,True,8,0,15,0.0,0.015,0.5,50,7,4,"{""benchmark"":{""books_tracked"":9,""fair_probs"":{""away"":0.5641,""home"":0.4359},""hold"":0.0428,""raw_probs"":{""away"":0.5882,""home"":0.4545},""source"":""median_complete_book_no_vig""},""books"":[{""book"":""BetRivers"",""fair_probs"":{""away"":0.5556,""home"":0.4444},""hold"":0.0465,""last_update"":""2026-04-08T22:38:41Z"",""outcomes"":{""away"":1.72,""home"":2.15},""raw_probs"":{""away"":0.5814,""home"":0.4651}},{""book"":""DraftKings"",""fair_probs"":{""away"":0.5641,""home"":0.4359},""hold"":0.0428,""last_update"":""2026-04-08T22:38:54Z"",""outcomes"":{""away"":1.7,""home"":2.2},""raw_probs"":{""away"":0.5882,""home"":0.4545}},{""book"":""FanDuel"",""fair_probs"":{""away"":0.5692,""home"":0.4308},""hold"":0.0457,""last_update"":""2026-04-08T22:38:46Z"",""outcomes"":{""away"":1.68,""home"":2.22},""raw_probs"":{""away"":0.5952,""home"":0.4505}},{""book"":""LowVig.ag"",""fair_probs"":{""away"":0.5573,""home"":0.4427},""hold"":0.0313,""last_update"":""2026-04-08T22:38:40Z"",""outcomes"":{""away"":1.74,""home"":2.19},""raw_probs"":{""away"":0.5747,""home"":0.4566}},{""book"":""BetOnline.ag"",""fair_probs"":{""away"":0.5573,""home"":0.4427},""hold"":0.0313,""last_update"":""2026-04-08T22:38:40Z"",""outcomes"":{""away"":1.74,""home"":2.19},""raw_probs"":{""away"":0.5747,""home"":0.4566}},{""book"":""BetMGM"",""fair_probs"":{""away"":0.5656,""home"":0.4344},""hold"":0.0463,""last_update"":""2026-04-08T22:37:32Z"",""outcomes"":{""away"":1.69,""home"":2.2},""raw_probs"":{""away"":0.5917,""home"":0.4545}},{""book"":""Bovada"",""fair_probs"":{""away"":0.5663,""home"":0.4337},""hold"":0.0387,""last_update"":""2026-04-08T22:35:30Z"",""outcomes"":{""away"":1.7,""home"":2.22},""raw_probs"":{""away"":0.5882,""home"":0.4505}},{""book"":""MyBookie.ag"",""fair_probs"":{""away"":0.5607,""home"":0.4393},""hold"":0.0491,""last_update"":""2026-04-08T22:38:21Z"",""outcomes"":{""away"":1.7,""home"":2.17},""raw_probs"":{""away"":0.5882,""home"":0.4608}},{""book"":""BetUS"",""fair_probs"":{""away"":0.5663,""home"":0.4337},""hold"":0.0387,""last_update"":""2026-04-08T22:37:32Z"",""outcomes"":{""away"":1.7,""home"":2.22},""raw_probs"":{""away"":0.5882,""home"":0.4505}}],""execution_prices"":{""away"":1.74,""home"":2.22}}","{""away"":0.4962,""home"":0.5038}","{""elo"":{""away"":0.5933,""home"":0.4067},""nhl_matchup"":{""away"":0.4882,""home"":0.5118},""results_features"":{""away"":0.4501,""home"":0.5499}}","{""american_odds"":122,""away_availability_profile"":null,""away_bullpen_tax"":null,""away_goalie"":""Ukko-Pekka Luukkonen"",""away_goalie_status"":""confirmed"",""away_injury_profile"":{""injury_burden"":4.35,""key_absence_score"":0.0,""leader_absence_burden"":0.0,""leader_uncertainty_burden"":0.0,""uncertainty_burden"":0.35},""away_lineup_profile"":null,""away_pitcher"":null,""away_pitcher_hand"":null,""away_team"":""Sabres"",""best_odds"":{""away"":-135,""home"":122},""completed"":false,""confidence_score"":41.3,""confidence_stars"":1,""date"":""2026-04-08"",""edge"":0.0408,""edges"":{""away"":{""american_odds"":-135,""confidence_score"":22.7,""decimal_odds"":1.74,""edge"":-0.0408,""expected_value"":-0.0894,""fractional_kelly"":0.0,""hold"":0.0428,""implied_prob"":0.5641,""is_value"":false,""kelly_fraction"":0.0,""market_books"":9,""market_implied_prob"":0.5882,""market_source"":""median_complete_book_no_vig"",""model_prob"":0.5233,""raw_model_prob"":0.4962,""unrealistic_flag"":false},""home"":{""american_odds"":122,""confidence_score"":41.3,""decimal_odds"":2.22,""edge"":0.0408,""expected_value"":0.0582,""fractional_kelly"":0.0095,""hold"":0.0428,""implied_prob"":0.4359,""is_value"":false,""kelly_fraction"":0.0477,""market_books"":9,""market_implied_prob"":0.4545,""market_source"":""median_complete_book_no_vig"",""model_prob"":0.4767,""raw_model_prob"":0.5038,""unrealistic_flag"":false}},""expected_value"":0.0582,""fractional_kelly"":0.0095,""home_availability_profile"":null,""home_bullpen_tax"":null,""home_goalie"":""Igor Shesterkin"",""home_goalie_status"":""confirmed"",""home_injury_profile"":{""injury_burden"":2.0,""key_absence_score"":0.0,""leader_absence_burden"":0.0,""leader_uncertainty_burden"":0.0,""uncertainty_burden"":0.0},""home_lineup_profile"":null,""home_pitcher"":null,""home_pitcher_hand"":null,""home_team"":""Rangers"",""individual_models"":{""elo"":{""away"":0.5933,""home"":0.4067},""nhl_matchup"":{""away"":0.4882,""home"":0.5118},""results_features"":{""away"":0.4501,""home"":0.5499}},""kelly_fraction"":0.0477,""market_snapshot"":{""benchmark"":{""books_tracked"":9,""fair_probs"":{""away"":0.5641,""home"":0.4359},""hold"":0.0428,""raw_probs"":{""away"":0.5882,""home"":0.4545},""source"":""median_complete_book_no_vig""},""books"":[{""book"":""BetRivers"",""fair_probs"":{""away"":0.5556,""home"":0.4444},""hold"":0.0465,""last_update"":""2026-04-08T22:38:41Z"",""outcomes"":{""away"":1.72,""home"":2.15},""raw_probs"":{""away"":0.5814,""home"":0.4651}},{""book"":""DraftKings"",""fair_probs"":{""away"":0.5641,""home"":0.4359},""hold"":0.0428,""last_update"":""2026-04-08T22:38:54Z"",""outcomes"":{""away"":1.7,""home"":2.2},""raw_probs"":{""away"":0.5882,""home"":0.4545}},{""book"":""FanDuel"",""fair_probs"":{""away"":0.5692,""home"":0.4308},""hold"":0.0457,""last_update"":""2026-04-08T22:38:46Z"",""outcomes"":{""away"":1.68,""home"":2.22},""raw_probs"":{""away"":0.5952,""home"":0.4505}},{""book"":""LowVig.ag"",""fair_probs"":{""away"":0.5573,""home"":0.4427},""hold"":0.0313,""last_update"":""2026-04-08T22:38:40Z"",""outcomes"":{""away"":1.74,""home"":2.19},""raw_probs"":{""away"":0.5747,""home"":0.4566}},{""book"":""BetOnline.ag"",""fair_probs"":{""away"":0.5573,""home"":0.4427},""hold"":0.0313,""last_update"":""2026-04-08T22:38:40Z"",""outcomes"":{""away"":1.74,""home"":2.19},""raw_probs"":{""away"":0.5747,""home"":0.4566}},{""book"":""BetMGM"",""fair_probs"":{""away"":0.5656,""home"":0.4344},""hold"":0.0463,""last_update"":""2026-04-08T22:37:32Z"",""outcomes"":{""away"":1.69,""home"":2.2},""raw_probs"":{""away"":0.5917,""home"":0.4545}},{""book"":""Bovada"",""fair_probs"":{""away"":0.5663,""home"":0.4337},""hold"":0.0387,""last_update"":""2026-04-08T22:35:30Z"",""outcomes"":{""away"":1.7,""home"":2.22},""raw_probs"":{""away"":0.5882,""home"":0.4505}},{""book"":""MyBookie.ag"",""fair_probs"":{""away"":0.5607,""home"":0.4393},""hold"":0.0491,""last_update"":""2026-04-08T22:38:21Z"",""outcomes"":{""away"":1.7,""home"":2.17},""raw_probs"":{""away"":0.5882,""home"":0.4608}},{""book"":""BetUS"",""fair_probs"":{""away"":0.5663,""home"":0.4337},""hold"":0.0387,""last_update"":""2026-04-08T22:37:32Z"",""outcomes"":{""away"":1.7,""home"":2.22},""raw_probs"":{""away"":0.5882,""home"":0.4505}}],""execution_prices"":{""away"":1.74,""home"":2.22}},""matchday"":null,""model_prob"":0.5038,""model_probs"":{""away"":0.4962,""home"":0.5038},""neutral"":false,""pick"":""home"",""qualitative_analysis"":{""away_impact"":-2.5,""away_team"":""Sabres"",""home_impact"":0.0,""home_team"":""Rangers"",""individual_factors"":[{""confidence"":0.9,""description"":""Depth defenseman Urho Vaakanainen is out."",""direction"":""negative"",""magnitude"":0.5,""team"":""Rangers""},{""confidence"":0.9,""description"":""Depth forward Matt Rempe is out."",""direction"":""negative"",""magnitude"":0.5,""team"":""Rangers""},{""confidence"":1.0,""description"":""Elite starting goalie Igor Shesterkin is confirmed."",""direction"":""positive"",""magnitude"":1.0,""team"":""Rangers""},{""confidence"":0.9,""description"":""Backup goalie Alex Lyon is out, creating depth concerns in net."",""direction"":""negative"",""magnitude"":0.5,""team"":""Sabres""},{""confidence"":0.9,""description"":""Multiple depth forwards (Noah Ostlund, Sam Carrick, Jiri Kulich, Justin Danforth) are out, thinning out the forward lines."",""direction"":""negative"",""magnitude"":2.0,""team"":""Sabres""},{""confidence"":1.0,""description"":""Starting goalie Ukko-Pekka Luukkonen is confirmed."",""direction"":""neutral"",""magnitude"":0.0,""team"":""Sabres""}],""net_qualitative_edge"":""home"",""sport"":""nhl"",""summary"":""The Rangers have a neutral qualitative impact with an elite goalie offsetting depth injuries, while the Sabres face a moderate negative impact due to multiple depth forward injuries and their backup goalie being out.""},""qualitative_summary"":""Qualitative (H:0.0 A:-2.5): disagreed. Depth defenseman Urho Vaakanainen is out.; Depth forward Matt Rempe is out."",""run_id"":""daily-20260408T223804134918Z"",""run_type"":""daily"",""snapshot_path"":""tracking/snapshots/2026-04-08/nhl/daily-20260408T223804134918Z.json"",""snapshot_timestamp"":""2026-04-08T22:38:04Z"",""start_time"":""2026-04-08T23:00Z"",""weather"":null}","{""pick_type"":""slop_lock"",""publication_guard"":{""allow_longslop"":false,""allow_moneyline"":false,""allow_slimegrinder"":false,""allow_totals"":false,""enforced"":true,""evaluated_picks"":8,""evaluated_totals_picks"":0,""lane_guards"":{""longslop"":{""allow"":false,""health_score"":0.4286,""market_type"":null,""overall"":{""avg_confidence"":null,""avg_expected_value"":null,""clv"":{""avg_clv"":null,""moneyline_avg_clv"":null,""moneyline_non_negative_rate"":null,""moneyline_positive_rate"":null,""moneyline_tracked"":0,""non_negative_rate"":null,""positive_rate"":null,""totals_avg_clv"":null,""totals_non_negative_rate"":null,""totals_positive_rate"":null,""totals_tracked"":0,""tracked"":0},""evaluated"":0,""hit_rate"":null,""losses"":0,""pending"":0,""pushes"":0,""roi"":null,""total_picks"":0,""wins"":0},""pick_type"":""longslop"",""reasons"":[""longslop disabled by config"",""need more settled longslop picks (0/5)"",""need more recent settled longslop picks (0/3)"",""need more tracked longslop CLV (0/3)""],""recent"":{""actual_win_rate"":null,""avg_confidence"":null,""avg_expected_value"":null,""avg_model_prob"":null,""calibration_gap"":null,""clv"":{""avg_clv"":null,""moneyline_avg_clv"":null,""moneyline_non_negative_rate"":null,""moneyline_positive_rate"":null,""moneyline_tracked"":0,""non_negative_rate"":null,""positive_rate"":null,""totals_avg_clv"":null,""totals_non_negative_rate"":null,""totals_positive_rate"":null,""totals_tracked"":0,""tracked"":0},""evaluated"":0,""hit_rate"":null,""losses"":0,""overconfidence_gap"":null,""pending"":0,""pushes"":0,""recent_count"":5,""roi"":null,""total_picks"":0,""wins"":0},""status"":""disabled""},""moneyline"":{""allow"":false,""health_score"":0.8571,""market_type"":""moneyline"",""overall"":{""avg_confidence"":55.34,""avg_expected_value"":0.0372,""clv"":{""avg_clv"":0.0162,""moneyline_avg_clv"":0.0162,""moneyline_non_negative_rate"":0.125,""moneyline_positive_rate"":0.125,""moneyline_tracked"":8,""non_negative_rate"":0.125,""positive_rate"":0.125,""totals_avg_clv"":null,""totals_non_negative_rate"":null,""totals_positive_rate"":null,""totals_tracked"":0,""tracked"":8},""evaluated"":8,""hit_rate"":0.625,""losses"":3,""pending"":7,""push_rate"":0.0,""pushes"":0,""roi"":0.0225,""total_picks"":15,""wins"":5},""pick_type"":null,""reasons"":[""need more settled moneylines picks (8/20)""],""recent"":{""actual_win_rate"":0.625,""avg_confidence"":50.725,""avg_expected_value"":0.0213,""avg_model_prob"":0.6158,""calibration_gap"":-0.0092,""clv"":{""avg_clv"":0.0162,""moneyline_avg_clv"":0.0162,""moneyline_non_negative_rate"":0.125,""moneyline_positive_rate"":0.125,""moneyline_tracked"":8,""non_negative_rate"":0.125,""positive_rate"":0.125,""totals_avg_clv"":null,""totals_non_negative_rate"":null,""totals_positive_rate"":null,""totals_tracked"":0,""tracked"":8},""evaluated"":8,""hit_rate"":0.625,""losses"":3,""overconfidence_gap"":0.0,""pending"":0,""push_rate"":0.0,""pushes"":0,""recent_count"":8,""roi"":0.0225,""total_picks"":8,""wins"":5},""status"":""research""},""slimegrinder"":{""allow"":false,""health_score"":0.4286,""market_type"":null,""overall"":{""avg_confidence"":null,""avg_expected_value"":null,""clv"":{""avg_clv"":null,""moneyline_avg_clv"":null,""moneyline_non_negative_rate"":null,""moneyline_positive_rate"":null,""moneyline_tracked"":0,""non_negative_rate"":null,""positive_rate"":null,""totals_avg_clv"":null,""totals_non_negative_rate"":null,""totals_positive_rate"":null,""totals_tracked"":0,""tracked"":0},""evaluated"":0,""hit_rate"":null,""losses"":0,""pending"":0,""pushes"":0,""roi"":null,""total_picks"":0,""wins"":0},""pick_type"":""slimegrinder"",""reasons"":[""slimegrinder disabled by config"",""need more settled slimegrinder picks (0/5)"",""need more recent settled slimegrinder picks (0/3)"",""need more tracked slimegrinder CLV (0/3)""],""recent"":{""actual_win_rate"":null,""avg_confidence"":null,""avg_expected_value"":null,""avg_model_prob"":null,""calibration_gap"":null,""clv"":{""avg_clv"":null,""moneyline_avg_clv"":null,""moneyline_non_negative_rate"":null,""moneyline_positive_rate"":null,""moneyline_tracked"":0,""non_negative_rate"":null,""positive_rate"":null,""totals_avg_clv"":null,""totals_non_negative_rate"":null,""totals_positive_rate"":null,""totals_tracked"":0,""tracked"":0},""evaluated"":0,""hit_rate"":null,""losses"":0,""overconfidence_gap"":null,""pending"":0,""pushes"":0,""recent_count"":5,""roi"":null,""total_picks"":0,""wins"":0},""status"":""disabled""},""totals"":{""allow"":false,""health_score"":0.8571,""market_type"":""total"",""overall"":{""avg_confidence"":null,""avg_expected_value"":null,""clv"":{""avg_clv"":null,""moneyline_avg_clv"":null,""moneyline_non_negative_rate"":null,""moneyline_positive_rate"":null,""moneyline_tracked"":0,""non_negative_rate"":null,""positive_rate"":null,""totals_avg_clv"":null,""totals_non_negative_rate"":null,""totals_positive_rate"":null,""totals_tracked"":0,""tracked"":0},""evaluated"":0,""hit_rate"":null,""losses"":0,""pending"":0,""pushes"":0,""roi"":null,""total_picks"":0,""wins"":0},""pick_type"":null,""reasons"":[""totals disabled by config""],""recent"":{""actual_win_rate"":null,""avg_confidence"":null,""avg_expected_value"":null,""avg_model_prob"":null,""calibration_gap"":null,""clv"":{""avg_clv"":null,""moneyline_avg_clv"":null,""moneyline_non_negative_rate"":null,""moneyline_positive_rate"":null,""moneyline_tracked"":0,""non_negative_rate"":null,""positive_rate"":null,""totals_avg_clv"":null,""totals_non_negative_rate"":null,""totals_positive_rate"":null,""totals_tracked"":0,""tracked"":0},""evaluated"":0,""hit_rate"":null,""losses"":0,""overconfidence_gap"":null,""pending"":0,""pushes"":0,""recent_count"":8,""roi"":null,""total_picks"":0,""wins"":0},""status"":""disabled""},""totals_enabled"":false},""min_evaluated_picks"":20,""min_evaluated_totals_picks"":0,""reason"":""need more settled moneylines picks (8/20); totals disabled by config"",""status"":""suppressed""},""selection_config"":{""additional_confidence_floor"":50,""confidence_dropoff"":7,""edge_floor"":0.015,""max_picks"":4,""min_expected_value"":0.0,""probability_floor"":0.5}}"
2026-04-08T22:39:48Z,daily-20260408T223804134918Z,daily,2026-04-08T22:38:04Z,tracking/snapshots/2026-04-08/nhl/daily-20260408T223804134918Z.json,nhl,slop_lock,moneyline,Sharks,Oilers,2026-04-08,2026-04-09T02:00Z,home,,,,0.5038,0.4895,0.5102,0.0143,0.0077,100,2.0,30.2,0.0077,0.0015,median_complete_book_no_vig,9,0.0472,suppressed,need more settled moneylines picks (8/20); totals disabled by config,True,8,0,15,0.0,0.015,0.5,50,7,4,"{""benchmark"":{""books_tracked"":9,""fair_probs"":{""away"":0.5105,""home"":0.4895},""hold"":0.0472,""raw_probs"":{""away"":0.5348,""home"":0.5102},""source"":""median_complete_book_no_vig""},""books"":[{""book"":""BetRivers"",""fair_probs"":{""away"":0.5222,""home"":0.4778},""hold"":0.0464,""last_update"":""2026-04-08T22:38:41Z"",""outcomes"":{""away"":1.83,""home"":2.0},""raw_probs"":{""away"":0.5464,""home"":0.5}},{""book"":""DraftKings"",""fair_probs"":{""away"":0.5105,""home"":0.4895},""hold"":0.0476,""last_update"":""2026-04-08T22:38:54Z"",""outcomes"":{""away"":1.87,""home"":1.95},""raw_probs"":{""away"":0.5348,""home"":0.5128}},{""book"":""FanDuel"",""fair_probs"":{""away"":0.517,""home"":0.483},""hold"":0.0456,""last_update"":""2026-04-08T22:38:46Z"",""outcomes"":{""away"":1.85,""home"":1.98},""raw_probs"":{""away"":0.5405,""home"":0.5051}},{""book"":""BetMGM"",""fair_probs"":{""away"":0.5105,""home"":0.4895},""hold"":0.0476,""last_update"":""2026-04-08T22:37:32Z"",""outcomes"":{""away"":1.87,""home"":1.95},""raw_probs"":{""away"":0.5348,""home"":0.5128}},{""book"":""Bovada"",""fair_probs"":{""away"":0.5052,""home"":0.4948},""hold"":0.0472,""last_update"":""2026-04-08T22:35:30Z"",""outcomes"":{""away"":1.89,""home"":1.93},""raw_probs"":{""away"":0.5291,""home"":0.5181}},{""book"":""MyBookie.ag"",""fair_probs"":{""away"":0.5144,""home"":0.4856},""hold"":0.0507,""last_update"":""2026-04-08T22:38:21Z"",""outcomes"":{""away"":1.85,""home"":1.96},""raw_probs"":{""away"":0.5405,""home"":0.5102}},{""book"":""LowVig.ag"",""fair_probs"":{""away"":0.5065,""home"":0.4935},""hold"":0.0338,""last_update"":""2026-04-08T22:38:40Z"",""outcomes"":{""away"":1.91,""home"":1.96},""raw_probs"":{""away"":0.5236,""home"":0.5102}},{""book"":""BetOnline.ag"",""fair_probs"":{""away"":0.5065,""home"":0.4935},""hold"":0.0338,""last_update"":""2026-04-08T22:38:40Z"",""outcomes"":{""away"":1.91,""home"":1.96},""raw_probs"":{""away"":0.5236,""home"":0.5102}},{""book"":""BetUS"",""fair_probs"":{""away"":0.5105,""home"":0.4895},""hold"":0.0476,""last_update"":""2026-04-08T22:37:32Z"",""outcomes"":{""away"":1.87,""home"":1.95},""raw_probs"":{""away"":0.5348,""home"":0.5128}}],""execution_prices"":{""away"":1.91,""home"":2.0}}","{""away"":0.4866,""home"":0.5134}","{""elo"":{""away"":0.5512,""home"":0.4488},""nhl_matchup"":{""away"":0.4499,""home"":0.5501},""results_features"":{""away"":0.4944,""home"":0.5056}}","{""american_odds"":100,""away_availability_profile"":null,""away_bullpen_tax"":null,""away_goalie"":""Connor Ingram"",""away_goalie_status"":""expected"",""away_injury_profile"":{""injury_burden"":3.0,""key_absence_score"":0.0,""leader_absence_burden"":0.0,""leader_uncertainty_burden"":0.0,""uncertainty_burden"":0.0},""away_lineup_profile"":null,""away_pitcher"":null,""away_pitcher_hand"":null,""away_team"":""Oilers"",""best_odds"":{""away"":-110,""home"":100},""completed"":false,""confidence_score"":30.2,""confidence_stars"":1,""date"":""2026-04-08"",""edge"":0.0143,""edges"":{""away"":{""american_odds"":-110,""confidence_score"":22.8,""decimal_odds"":1.91,""edge"":-0.0143,""expected_value"":-0.0523,""fractional_kelly"":0.0,""hold"":0.0472,""implied_prob"":0.5105,""is_value"":false,""kelly_fraction"":0.0,""market_books"":9,""market_implied_prob"":0.5348,""market_source"":""median_complete_book_no_vig"",""model_prob"":0.4962,""raw_model_prob"":0.4866,""unrealistic_flag"":false},""home"":{""american_odds"":100,""confidence_score"":30.2,""decimal_odds"":2.0,""edge"":0.0143,""expected_value"":0.0077,""fractional_kelly"":0.0015,""hold"":0.0472,""implied_prob"":0.4895,""is_value"":false,""kelly_fraction"":0.0077,""market_books"":9,""market_implied_prob"":0.5102,""market_source"":""median_complete_book_no_vig"",""model_prob"":0.5038,""raw_model_prob"":0.5134,""unrealistic_flag"":false}},""expected_value"":0.0077,""fractional_kelly"":0.0015,""home_availability_profile"":null,""home_bullpen_tax"":null,""home_goalie"":""Alex Nedeljkovic"",""home_goalie_status"":""confirmed"",""home_injury_profile"":{""injury_burden"":2.0,""key_absence_score"":0.0,""leader_absence_burden"":0.0,""leader_uncertainty_burden"":0.0,""uncertainty_burden"":0.0},""home_lineup_profile"":null,""home_pitcher"":null,""home_pitcher_hand"":null,""home_team"":""Sharks"",""individual_models"":{""elo"":{""away"":0.5512,""home"":0.4488},""nhl_matchup"":{""away"":0.4499,""home"":0.5501},""results_features"":{""away"":0.4944,""home"":0.5056}},""kelly_fraction"":0.0077,""market_snapshot"":{""benchmark"":{""books_tracked"":9,""fair_probs"":{""away"":0.5105,""home"":0.4895},""hold"":0.0472,""raw_probs"":{""away"":0.5348,""home"":0.5102},""source"":""median_complete_book_no_vig""},""books"":[{""book"":""BetRivers"",""fair_probs"":{""away"":0.5222,""home"":0.4778},""hold"":0.0464,""last_update"":""2026-04-08T22:38:41Z"",""outcomes"":{""away"":1.83,""home"":2.0},""raw_probs"":{""away"":0.5464,""home"":0.5}},{""book"":""DraftKings"",""fair_probs"":{""away"":0.5105,""home"":0.4895},""hold"":0.0476,""last_update"":""2026-04-08T22:38:54Z"",""outcomes"":{""away"":1.87,""home"":1.95},""raw_probs"":{""away"":0.5348,""home"":0.5128}},{""book"":""FanDuel"",""fair_probs"":{""away"":0.517,""home"":0.483},""hold"":0.0456,""last_update"":""2026-04-08T22:38:46Z"",""outcomes"":{""away"":1.85,""home"":1.98},""raw_probs"":{""away"":0.5405,""home"":0.5051}},{""book"":""BetMGM"",""fair_probs"":{""away"":0.5105,""home"":0.4895},""hold"":0.0476,""last_update"":""2026-04-08T22:37:32Z"",""outcomes"":{""away"":1.87,""home"":1.95},""raw_probs"":{""away"":0.5348,""home"":0.5128}},{""book"":""Bovada"",""fair_probs"":{""away"":0.5052,""home"":0.4948},""hold"":0.0472,""last_update"":""2026-04-08T22:35:30Z"",""outcomes"":{""away"":1.89,""home"":1.93},""raw_probs"":{""away"":0.5291,""home"":0.5181}},{""book"":""MyBookie.ag"",""fair_probs"":{""away"":0.5144,""home"":0.4856},""hold"":0.0507,""last_update"":""2026-04-08T22:38:21Z"",""outcomes"":{""away"":1.85,""home"":1.96},""raw_probs"":{""away"":0.5405,""home"":0.5102}},{""book"":""LowVig.ag"",""fair_probs"":{""away"":0.5065,""home"":0.4935},""hold"":0.0338,""last_update"":""2026-04-08T22:38:40Z"",""outcomes"":{""away"":1.91,""home"":1.96},""raw_probs"":{""away"":0.5236,""home"":0.5102}},{""book"":""BetOnline.ag"",""fair_probs"":{""away"":0.5065,""home"":0.4935},""hold"":0.0338,""last_update"":""2026-04-08T22:38:40Z"",""outcomes"":{""away"":1.91,""home"":1.96},""raw_probs"":{""away"":0.5236,""home"":0.5102}},{""book"":""BetUS"",""fair_probs"":{""away"":0.5105,""home"":0.4895},""hold"":0.0476,""last_update"":""2026-04-08T22:37:32Z"",""outcomes"":{""away"":1.87,""home"":1.95},""raw_probs"":{""away"":0.5348,""home"":0.5128}}],""execution_prices"":{""away"":1.91,""home"":2.0}},""matchday"":null,""model_prob"":0.5134,""model_probs"":{""away"":0.4866,""home"":0.5134},""neutral"":false,""pick"":""home"",""qualitative_analysis"":{""away_impact"":-5.0,""away_team"":""Oilers"",""home_impact"":-3.0,""home_team"":""Sharks"",""individual_factors"":[{""confidence"":1.0,""description"":""Key veteran forward Logan Couture is out due to injury, impacting offensive depth and leadership."",""direction"":""negative"",""magnitude"":2.5,""team"":""Sharks""},{""confidence"":1.0,""description"":""Role player Ryan Reaves is out, resulting in a minor impact on forward depth."",""direction"":""negative"",""magnitude"":0.5,""team"":""Sharks""},{""confidence"":1.0,""description"":""Superstar forward Leon Draisaitl is on injured reserve, representing a major blow to offensive production and power play effectiveness."",""direction"":""negative"",""magnitude"":4.0,""team"":""Oilers""},{""confidence"":1.0,""description"":""Top-line forward Zach Hyman is out, significantly impacting goal-scoring and net-front presence."",""direction"":""negative"",""magnitude"":3.0,""team"":""Oilers""},{""confidence"":1.0,""description"":""Role player Mattias Janmark is on injured reserve, causing a minor impact on forward depth."",""direction"":""negative"",""magnitude"":0.5,""team"":""Oilers""}],""net_qualitative_edge"":""home"",""sport"":""nhl"",""summary"":""The Oilers are severely hampered by the absence of superstars Draisaitl and Hyman, giving the Sharks a significant qualitative edge despite their own key injury to Couture.""},""qualitative_summary"":""Qualitative (H:-3.0 A:-5.0): agreed. Key veteran forward Logan Couture is out due to injury, impacting offensive depth and leadership.; Role player Ryan Reaves is out, resulting in a minor impact on forward depth."",""run_id"":""daily-20260408T223804134918Z"",""run_type"":""daily"",""snapshot_path"":""tracking/snapshots/2026-04-08/nhl/daily-20260408T223804134918Z.json"",""snapshot_timestamp"":""2026-04-08T22:38:04Z"",""start_time"":""2026-04-09T02:00Z"",""weather"":null}","{""pick_type"":""slop_lock"",""publication_guard"":{""allow_longslop"":false,""allow_moneyline"":false,""allow_slimegrinder"":false,""allow_totals"":false,""enforced"":true,""evaluated_picks"":8,""evaluated_totals_picks"":0,""lane_guards"":{""longslop"":{""allow"":false,""health_score"":0.4286,""market_type"":null,""overall"":{""avg_confidence"":null,""avg_expected_value"":null,""clv"":{""avg_clv"":null,""moneyline_avg_clv"":null,""moneyline_non_negative_rate"":null,""moneyline_positive_rate"":null,""moneyline_tracked"":0,""non_negative_rate"":null,""positive_rate"":null,""totals_avg_clv"":null,""totals_non_negative_rate"":null,""totals_positive_rate"":null,""totals_tracked"":0,""tracked"":0},""evaluated"":0,""hit_rate"":null,""losses"":0,""pending"":0,""pushes"":0,""roi"":null,""total_picks"":0,""wins"":0},""pick_type"":""longslop"",""reasons"":[""longslop disabled by config"",""need more settled longslop picks (0/5)"",""need more recent settled longslop picks (0/3)"",""need more tracked longslop CLV (0/3)""],""recent"":{""actual_win_rate"":null,""avg_confidence"":null,""avg_expected_value"":null,""avg_model_prob"":null,""calibration_gap"":null,""clv"":{""avg_clv"":null,""moneyline_avg_clv"":null,""moneyline_non_negative_rate"":null,""moneyline_positive_rate"":null,""moneyline_tracked"":0,""non_negative_rate"":null,""positive_rate"":null,""totals_avg_clv"":null,""totals_non_negative_rate"":null,""totals_positive_rate"":null,""totals_tracked"":0,""tracked"":0},""evaluated"":0,""hit_rate"":null,""losses"":0,""overconfidence_gap"":null,""pending"":0,""pushes"":0,""recent_count"":5,""roi"":null,""total_picks"":0,""wins"":0},""status"":""disabled""},""moneyline"":{""allow"":false,""health_score"":0.8571,""market_type"":""moneyline"",""overall"":{""avg_confidence"":55.34,""avg_expected_value"":0.0372,""clv"":{""avg_clv"":0.0162,""moneyline_avg_clv"":0.0162,""moneyline_non_negative_rate"":0.125,""moneyline_positive_rate"":0.125,""moneyline_tracked"":8,""non_negative_rate"":0.125,""positive_rate"":0.125,""totals_avg_clv"":null,""totals_non_negative_rate"":null,""totals_positive_rate"":null,""totals_tracked"":0,""tracked"":8},""evaluated"":8,""hit_rate"":0.625,""losses"":3,""pending"":7,""push_rate"":0.0,""pushes"":0,""roi"":0.0225,""total_picks"":15,""wins"":5},""pick_type"":null,""reasons"":[""need more settled moneylines picks (8/20)""],""recent"":{""actual_win_rate"":0.625,""avg_confidence"":50.725,""avg_expected_value"":0.0213,""avg_model_prob"":0.6158,""calibration_gap"":-0.0092,""clv"":{""avg_clv"":0.0162,""moneyline_avg_clv"":0.0162,""moneyline_non_negative_rate"":0.125,""moneyline_positive_rate"":0.125,""moneyline_tracked"":8,""non_negative_rate"":0.125,""positive_rate"":0.125,""totals_avg_clv"":null,""totals_non_negative_rate"":null,""totals_positive_rate"":null,""totals_tracked"":0,""tracked"":8},""evaluated"":8,""hit_rate"":0.625,""losses"":3,""overconfidence_gap"":0.0,""pending"":0,""push_rate"":0.0,""pushes"":0,""recent_count"":8,""roi"":0.0225,""total_picks"":8,""wins"":5},""status"":""research""},""slimegrinder"":{""allow"":false,""health_score"":0.4286,""market_type"":null,""overall"":{""avg_confidence"":null,""avg_expected_value"":null,""clv"":{""avg_clv"":null,""moneyline_avg_clv"":null,""moneyline_non_negative_rate"":null,""moneyline_positive_rate"":null,""moneyline_tracked"":0,""non_negative_rate"":null,""positive_rate"":null,""totals_avg_clv"":null,""totals_non_negative_rate"":null,""totals_positive_rate"":null,""totals_tracked"":0,""tracked"":0},""evaluated"":0,""hit_rate"":null,""losses"":0,""pending"":0,""pushes"":0,""roi"":null,""total_picks"":0,""wins"":0},""pick_type"":""slimegrinder"",""reasons"":[""slimegrinder disabled by config"",""need more settled slimegrinder picks (0/5)"",""need more recent settled slimegrinder picks (0/3)"",""need more tracked slimegrinder CLV (0/3)""],""recent"":{""actual_win_rate"":null,""avg_confidence"":null,""avg_expected_value"":null,""avg_model_prob"":null,""calibration_gap"":null,""clv"":{""avg_clv"":null,""moneyline_avg_clv"":null,""moneyline_non_negative_rate"":null,""moneyline_positive_rate"":null,""moneyline_tracked"":0,""non_negative_rate"":null,""positive_rate"":null,""totals_avg_clv"":null,""totals_non_negative_rate"":null,""totals_positive_rate"":null,""totals_tracked"":0,""tracked"":0},""evaluated"":0,""hit_rate"":null,""losses"":0,""overconfidence_gap"":null,""pending"":0,""pushes"":0,""recent_count"":5,""roi"":null,""total_picks"":0,""wins"":0},""status"":""disabled""},""totals"":{""allow"":false,""health_score"":0.8571,""market_type"":""total"",""overall"":{""avg_confidence"":null,""avg_expected_value"":null,""clv"":{""avg_clv"":null,""moneyline_avg_clv"":null,""moneyline_non_negative_rate"":null,""moneyline_positive_rate"":null,""moneyline_tracked"":0,""non_negative_rate"":null,""positive_rate"":null,""totals_avg_clv"":null,""totals_non_negative_rate"":null,""totals_positive_rate"":null,""totals_tracked"":0,""tracked"":0},""evaluated"":0,""hit_rate"":null,""losses"":0,""pending"":0,""pushes"":0,""roi"":null,""total_picks"":0,""wins"":0},""pick_type"":null,""reasons"":[""totals disabled by config""],""recent"":{""actual_win_rate"":null,""avg_confidence"":null,""avg_expected_value"":null,""avg_model_prob"":null,""calibration_gap"":null,""clv"":{""avg_clv"":null,""moneyline_avg_clv"":null,""moneyline_non_negative_rate"":null,""moneyline_positive_rate"":null,""moneyline_tracked"":0,""non_negative_rate"":null,""positive_rate"":null,""totals_avg_clv"":null,""totals_non_negative_rate"":null,""totals_positive_rate"":null,""totals_tracked"":0,""tracked"":0},""evaluated"":0,""hit_rate"":null,""losses"":0,""overconfidence_gap"":null,""pending"":0,""pushes"":0,""recent_count"":8,""roi"":null,""total_picks"":0,""wins"":0},""status"":""disabled""},""totals_enabled"":false},""min_evaluated_picks"":20,""min_evaluated_totals_picks"":0,""reason"":""need more settled moneylines picks (8/20); totals disabled by config"",""status"":""suppressed""},""selection_config"":{""additional_confidence_floor"":50,""confidence_dropoff"":7,""edge_floor"":0.015,""max_picks"":4,""min_expected_value"":0.0,""probability_floor"":0.5}}"
2026-04-08T22:44:21Z,daily-20260408T223804134918Z,daily,2026-04-08T22:38:04Z,tracking/snapshots/2026-04-08/mlb/daily-20260408T223804134918Z.json,mlb,slop_lock,moneyline,Marlins,Reds,2026-04-08,2026-04-08T22:40Z,home,,,,0.5711,0.542,0.5556,0.0291,0.0394,-122,1.82,46.6,0.048,0.0096,median_complete_book_no_vig,5,0.0396,suppressed,recent moneylines CLV -0.0702 is below 0.0000; recent moneylines ROI -0.0200 is below 0.0000; recent totals CLV -0.5000 is below 0.0000,True,44,29,138,0.0,0.025,0.55,56,4,3,"{""benchmark"":{""books_tracked"":5,""fair_probs"":{""away"":0.458,""home"":0.542},""hold"":0.0396,""raw_probs"":{""away"":0.4762,""home"":0.5556},""source"":""median_complete_book_no_vig""},""books"":[{""book"":""FanDuel"",""fair_probs"":{""away"":0.4715,""home"":0.5285},""hold"":0.0396,""last_update"":""2026-04-08T22:40:05Z"",""outcomes"":{""away"":2.04,""home"":1.82},""raw_probs"":{""away"":0.4902,""home"":0.5495}},{""book"":""LowVig.ag"",""fair_probs"":{""away"":0.458,""home"":0.542},""hold"":0.025,""last_update"":""2026-04-08T22:39:40Z"",""outcomes"":{""away"":2.13,""home"":1.8},""raw_probs"":{""away"":0.4695,""home"":0.5556}},{""book"":""BetOnline.ag"",""fair_probs"":{""away"":0.458,""home"":0.542},""hold"":0.025,""last_update"":""2026-04-08T22:39:40Z"",""outcomes"":{""away"":2.13,""home"":1.8},""raw_probs"":{""away"":0.4695,""home"":0.5556}},{""book"":""DraftKings"",""fair_probs"":{""away"":0.4571,""home"":0.5429},""hold"":0.0467,""last_update"":""2026-04-08T22:40:06Z"",""outcomes"":{""away"":2.09,""home"":1.76},""raw_probs"":{""away"":0.4785,""home"":0.5682}},{""book"":""BetMGM"",""fair_probs"":{""away"":0.4574,""home"":0.5426},""hold"":0.0412,""last_update"":""2026-04-08T22:40:04Z"",""outcomes"":{""away"":2.1,""home"":1.77},""raw_probs"":{""away"":0.4762,""home"":0.565}}],""execution_prices"":{""away"":2.13,""home"":1.82}}","{""away"":0.4095,""home"":0.5905}","{""bullpen_features"":{""away"":0.4294,""home"":0.5706},""elo"":{""away"":0.4843,""home"":0.5157},""handedness_features"":{""away"":0.5343,""home"":0.4657},""results_features"":{""away"":0.3688,""home"":0.6312},""run_environment"":{""away"":0.3838,""home"":0.6162}}","{""american_odds"":-122,""away_availability_profile"":null,""away_bullpen_tax"":0.396,""away_goalie"":null,""away_goalie_status"":null,""away_injury_profile"":null,""away_lineup_profile"":{""active_hitters"":13,""available_hitters"":13,""confirmed_hitters"":9,""confirmed_leader_absence_burden"":0,""confirmed_lefty_share"":0.2222,""confirmed_lineup"":true,""confirmed_righty_share"":0.6667,""confirmed_switch_share"":0.0,""confirmed_top_order_score"":1.0,""injured_hitters"":0,""key_bat_absence_score"":0.0,""leader_absence_burden"":0.0,""left_handed_batters"":3,""lefty_share"":0.2308,""right_handed_batters"":10,""righty_share"":0.7692,""switch_hitters"":0,""switch_share"":0.0},""away_pitcher"":""Brady Singer"",""away_pitcher_hand"":""R"",""away_team"":""Reds"",""best_odds"":{""away"":113,""home"":-122},""completed"":false,""confidence_score"":46.6,""confidence_stars"":1,""date"":""2026-04-08"",""edge"":0.0291,""edges"":{""away"":{""american_odds"":113,""confidence_score"":10.9,""decimal_odds"":2.13,""edge"":-0.0291,""expected_value"":-0.0864,""fractional_kelly"":0.0,""hold"":0.0396,""implied_prob"":0.458,""is_value"":false,""kelly_fraction"":0.0,""market_books"":5,""market_implied_prob"":0.4762,""market_source"":""median_complete_book_no_vig"",""model_prob"":0.4289,""raw_model_prob"":0.4095,""unrealistic_flag"":false},""home"":{""american_odds"":-122,""confidence_score"":46.6,""decimal_odds"":1.82,""edge"":0.0291,""expected_value"":0.0394,""fractional_kelly"":0.0096,""hold"":0.0396,""implied_prob"":0.542,""is_value"":false,""kelly_fraction"":0.048,""market_books"":5,""market_implied_prob"":0.5556,""market_source"":""median_complete_book_no_vig"",""model_prob"":0.5711,""raw_model_prob"":0.5905,""unrealistic_flag"":false}},""expected_value"":0.0394,""fractional_kelly"":0.0096,""home_availability_profile"":null,""home_bullpen_tax"":0.484,""home_goalie"":null,""home_goalie_status"":null,""home_injury_profile"":null,""home_lineup_profile"":{""active_hitters"":13,""available_hitters"":13,""confirmed_hitters"":9,""confirmed_leader_absence_burden"":0,""confirmed_lefty_share"":0.5556,""confirmed_lineup"":true,""confirmed_righty_share"":0.3333,""confirmed_switch_share"":0.0,""confirmed_top_order_score"":1.0,""injured_hitters"":0,""key_bat_absence_score"":0.0,""leader_absence_burden"":0.0,""left_handed_batters"":5,""lefty_share"":0.3846,""right_handed_batters"":8,""righty_share"":0.6154,""switch_hitters"":0,""switch_share"":0.0},""home_pitcher"":""Eury Perez"",""home_pitcher_hand"":""R"",""home_team"":""Marlins"",""individual_models"":{""bullpen_features"":{""away"":0.4294,""home"":0.5706},""elo"":{""away"":0.4843,""home"":0.5157},""handedness_features"":{""away"":0.5343,""home"":0.4657},""results_features"":{""away"":0.3688,""home"":0.6312},""run_environment"":{""away"":0.3838,""home"":0.6162}},""kelly_fraction"":0.048,""market_snapshot"":{""benchmark"":{""books_tracked"":5,""fair_probs"":{""away"":0.458,""home"":0.542},""hold"":0.0396,""raw_probs"":{""away"":0.4762,""home"":0.5556},""source"":""median_complete_book_no_vig""},""books"":[{""book"":""FanDuel"",""fair_probs"":{""away"":0.4715,""home"":0.5285},""hold"":0.0396,""last_update"":""2026-04-08T22:40:05Z"",""outcomes"":{""away"":2.04,""home"":1.82},""raw_probs"":{""away"":0.4902,""home"":0.5495}},{""book"":""LowVig.ag"",""fair_probs"":{""away"":0.458,""home"":0.542},""hold"":0.025,""last_update"":""2026-04-08T22:39:40Z"",""outcomes"":{""away"":2.13,""home"":1.8},""raw_probs"":{""away"":0.4695,""home"":0.5556}},{""book"":""BetOnline.ag"",""fair_probs"":{""away"":0.458,""home"":0.542},""hold"":0.025,""last_update"":""2026-04-08T22:39:40Z"",""outcomes"":{""away"":2.13,""home"":1.8},""raw_probs"":{""away"":0.4695,""home"":0.5556}},{""book"":""DraftKings"",""fair_probs"":{""away"":0.4571,""home"":0.5429},""hold"":0.0467,""last_update"":""2026-04-08T22:40:06Z"",""outcomes"":{""away"":2.09,""home"":1.76},""raw_probs"":{""away"":0.4785,""home"":0.5682}},{""book"":""BetMGM"",""fair_probs"":{""away"":0.4574,""home"":0.5426},""hold"":0.0412,""last_update"":""2026-04-08T22:40:04Z"",""outcomes"":{""away"":2.1,""home"":1.77},""raw_probs"":{""away"":0.4762,""home"":0.565}}],""execution_prices"":{""away"":2.13,""home"":1.82}},""matchday"":null,""model_prob"":0.5905,""model_probs"":{""away"":0.4095,""home"":0.5905},""neutral"":false,""pick"":""home"",""qualitative_analysis"":{""away_impact"":-2.0,""away_team"":""Reds"",""home_impact"":-3.5,""home_team"":""Marlins"",""individual_factors"":[{""confidence"":0.9,""description"":""Christopher Morel (10-Day-IL) is a solid offensive starter whose absence negatively impacts the lineup."",""direction"":""negative"",""magnitude"":2.0,""team"":""Marlins""},{""confidence"":0.8,""description"":""Kyle Stowers (10-Day-IL) is a depth outfielder whose absence slightly weakens the bench."",""direction"":""negative"",""magnitude"":1.0,""team"":""Marlins""},{""confidence"":0.8,""description"":""Pete Fairbanks (paternity) is a bullpen arm whose absence slightly reduces bullpen depth."",""direction"":""negative"",""magnitude"":0.5,""team"":""Marlins""},{""confidence"":0.8,""description"":""Alex Young (Out) is a bullpen arm whose absence slightly reduces bullpen depth."",""direction"":""negative"",""magnitude"":0.5,""team"":""Reds""},{""confidence"":0.8,""description"":""Caleb Ferguson (15-Day-IL) is a bullpen arm whose absence slightly reduces bullpen depth."",""direction"":""negative"",""magnitude"":0.5,""team"":""Reds""},{""confidence"":0.7,""description"":""Josh Staumont (Day-To-Day) is a bullpen arm whose potential absence slightly reduces bullpen depth."",""direction"":""negative"",""magnitude"":0.5,""team"":""Reds""},{""confidence"":0.8,""description"":""Jose Trevino (10-Day-IL) is a backup catcher whose absence slightly weakens the bench."",""direction"":""negative"",""magnitude"":0.5,""team"":""Reds""}],""net_qualitative_edge"":""away"",""sport"":""mlb"",""summary"":""The Marlins are more negatively impacted by injuries, particularly the absence of solid starter Christopher Morel, giving the Reds a slight qualitative edge.""},""qualitative_summary"":""Qualitative (H:-3.5 A:-2.0): disagreed. Christopher Morel (10-Day-IL) is a solid offensive starter whose absence negatively impacts the lineup.; Kyle Stowers (10-Day-IL) is a depth outfielder whose absence slightly weakens the bench."",""run_id"":""daily-20260408T223804134918Z"",""run_type"":""daily"",""snapshot_path"":""tracking/snapshots/2026-04-08/mlb/daily-20260408T223804134918Z.json"",""snapshot_timestamp"":""2026-04-08T22:38:04Z"",""start_time"":""2026-04-08T22:40Z"",""weather"":{""precipitation_probability"":null,""temperature_f"":null,""weather_exposed"":false,""wind_mph"":null}}","{""pick_type"":""slop_lock"",""publication_guard"":{""allow_longslop"":false,""allow_moneyline"":false,""allow_slimegrinder"":false,""allow_totals"":false,""enforced"":true,""evaluated_picks"":44,""evaluated_totals_picks"":29,""lane_guards"":{""longslop"":{""allow"":false,""health_score"":0.4286,""market_type"":null,""overall"":{""avg_confidence"":null,""avg_expected_value"":null,""clv"":{""avg_clv"":null,""moneyline_avg_clv"":null,""moneyline_non_negative_rate"":null,""moneyline_positive_rate"":null,""moneyline_tracked"":0,""non_negative_rate"":null,""positive_rate"":null,""totals_avg_clv"":null,""totals_non_negative_rate"":null,""totals_positive_rate"":null,""totals_tracked"":0,""tracked"":0},""evaluated"":0,""hit_rate"":null,""losses"":0,""pending"":0,""pushes"":0,""roi"":null,""total_picks"":0,""wins"":0},""pick_type"":""longslop"",""reasons"":[""longslop disabled by config"",""need more settled longslop picks (0/5)"",""need more recent settled longslop picks (0/3)"",""need more tracked longslop CLV (0/3)""],""recent"":{""actual_win_rate"":null,""avg_confidence"":null,""avg_expected_value"":null,""avg_model_prob"":null,""calibration_gap"":null,""clv"":{""avg_clv"":null,""moneyline_avg_clv"":null,""moneyline_non_negative_rate"":null,""moneyline_positive_rate"":null,""moneyline_tracked"":0,""non_negative_rate"":null,""positive_rate"":null,""totals_avg_clv"":null,""totals_non_negative_rate"":null,""totals_positive_rate"":null,""totals_tracked"":0,""tracked"":0},""evaluated"":0,""hit_rate"":null,""losses"":0,""overconfidence_gap"":null,""pending"":0,""pushes"":0,""recent_count"":5,""roi"":null,""total_picks"":0,""wins"":0},""status"":""disabled""},""moneyline"":{""allow"":false,""health_score"":0.7143,""market_type"":""moneyline"",""overall"":{""avg_confidence"":72.0886,""avg_expected_value"":0.1341,""clv"":{""avg_clv"":-0.053,""moneyline_avg_clv"":-0.053,""moneyline_non_negative_rate"":0.2632,""moneyline_positive_rate"":0.2632,""moneyline_tracked"":38,""non_negative_rate"":0.2632,""positive_rate"":0.2632,""totals_avg_clv"":null,""totals_non_negative_rate"":null,""totals_positive_rate"":null,""totals_tracked"":0,""tracked"":38},""evaluated"":44,""hit_rate"":0.5909,""losses"":18,""pending"":4,""push_rate"":0.0,""pushes"":0,""roi"":0.0939,""total_picks"":48,""wins"":26},""pick_type"":null,""reasons"":[""recent moneylines CLV -0.0702 is below 0.0000"",""recent moneylines ROI -0.0200 is below 0.0000""],""recent"":{""actual_win_rate"":0.5,""avg_confidence"":72.675,""avg_expected_value"":0.1303,""avg_model_prob"":0.5912,""calibration_gap"":0.0912,""clv"":{""avg_clv"":-0.0702,""moneyline_avg_clv"":-0.0702,""moneyline_non_negative_rate"":0.125,""moneyline_positive_rate"":0.125,""moneyline_tracked"":8,""non_negative_rate"":0.125,""positive_rate"":0.125,""totals_avg_clv"":null,""totals_non_negative_rate"":null,""totals_positive_rate"":null,""totals_tracked"":0,""tracked"":8},""evaluated"":8,""hit_rate"":0.5,""losses"":4,""overconfidence_gap"":0.0912,""pending"":0,""push_rate"":0.0,""pushes"":0,""recent_count"":8,""roi"":-0.02,""total_picks"":8,""wins"":4},""status"":""hold""},""slimegrinder"":{""allow"":false,""health_score"":0.4286,""market_type"":null,""overall"":{""avg_confidence"":null,""avg_expected_value"":null,""clv"":{""avg_clv"":null,""moneyline_avg_clv"":null,""moneyline_non_negative_rate"":null,""moneyline_positive_rate"":null,""moneyline_tracked"":0,""non_negative_rate"":null,""positive_rate"":null,""totals_avg_clv"":null,""totals_non_negative_rate"":null,""totals_positive_rate"":null,""totals_tracked"":0,""tracked"":0},""evaluated"":0,""hit_rate"":null,""losses"":0,""pending"":0,""pushes"":0,""roi"":null,""total_picks"":0,""wins"":0},""pick_type"":""slimegrinder"",""reasons"":[""slimegrinder disabled by config"",""need more settled slimegrinder picks (0/5)"",""need more recent settled slimegrinder picks (0/3)"",""need more tracked slimegrinder CLV (0/3)""],""recent"":{""actual_win_rate"":null,""avg_confidence"":null,""avg_expected_value"":null,""avg_model_prob"":null,""calibration_gap"":null,""clv"":{""avg_clv"":null,""moneyline_avg_clv"":null,""moneyline_non_negative_rate"":null,""moneyline_positive_rate"":null,""moneyline_tracked"":0,""non_negative_rate"":null,""positive_rate"":null,""totals_avg_clv"":null,""totals_non_negative_rate"":null,""totals_positive_rate"":null,""totals_tracked"":0,""tracked"":0},""evaluated"":0,""hit_rate"":null,""losses"":0,""overconfidence_gap"":null,""pending"":0,""pushes"":0,""recent_count"":5,""roi"":null,""total_picks"":0,""wins"":0},""status"":""disabled""},""totals"":{""allow"":false,""health_score"":0.8571,""market_type"":""total"",""overall"":{""avg_confidence"":79.3121,""avg_expected_value"":0.1589,""clv"":{""avg_clv"":0.0862,""moneyline_avg_clv"":null,""moneyline_non_negative_rate"":null,""moneyline_positive_rate"":null,""moneyline_tracked"":0,""non_negative_rate"":0.6897,""positive_rate"":0.3793,""totals_avg_clv"":0.0862,""totals_non_negative_rate"":0.6897,""totals_positive_rate"":0.3793,""totals_tracked"":29,""tracked"":29},""evaluated"":29,""hit_rate"":0.6552,""losses"":8,""pending"":4,""push_rate"":0.069,""pushes"":2,""roi"":0.3231,""total_picks"":33,""wins"":19},""pick_type"":null,""reasons"":[""recent totals CLV -0.5000 is below 0.0000""],""recent"":{""actual_win_rate"":0.5714,""avg_confidence"":78.0375,""avg_expected_value"":0.1614,""avg_model_prob"":0.5919,""calibration_gap"":0.0204,""clv"":{""avg_clv"":-0.5,""moneyline_avg_clv"":null,""moneyline_non_negative_rate"":null,""moneyline_positive_rate"":null,""moneyline_tracked"":0,""non_negative_rate"":0.625,""positive_rate"":0.25,""totals_avg_clv"":-0.5,""totals_non_negative_rate"":0.625,""totals_positive_rate"":0.25,""totals_tracked"":8,""tracked"":8},""evaluated"":8,""hit_rate"":0.5,""losses"":3,""overconfidence_gap"":0.0204,""pending"":0,""push_rate"":0.125,""pushes"":1,""recent_count"":8,""roi"":0.1037,""total_picks"":8,""wins"":4},""status"":""hold""},""totals_enabled"":true},""min_evaluated_picks"":20,""min_evaluated_totals_picks"":10,""reason"":""recent moneylines CLV -0.0702 is below 0.0000; recent moneylines ROI -0.0200 is below 0.0000; recent totals CLV -0.5000 is below 0.0000"",""status"":""suppressed""},""selection_config"":{""additional_confidence_floor"":56,""confidence_dropoff"":4,""edge_floor"":0.025,""max_picks"":3,""min_expected_value"":0.0,""probability_floor"":0.55}}"
2026-04-08T22:44:21Z,daily-20260408T223804134918Z,daily,2026-04-08T22:38:04Z,tracking/snapshots/2026-04-08/mlb/daily-20260408T223804134918Z.json,mlb,slop_lock,moneyline,Nationals,Cardinals,2026-04-08,2026-04-08T20:05Z,away,,,,0.8348,0.9626,0.9901,-0.1278,-0.1568,-10000,1.01,42.4,0.0,0.0,median_complete_book_no_vig,1,0.0286,suppressed,recent moneylines CLV -0.0702 is below 0.0000; recent moneylines ROI -0.0200 is below 0.0000; recent totals CLV -0.5000 is below 0.0000,True,44,29,138,0.0,0.025,0.55,56,4,3,"{""benchmark"":{""books_tracked"":1,""fair_probs"":{""away"":0.9626,""home"":0.0374},""hold"":0.0286,""raw_probs"":{""away"":0.9901,""home"":0.0385},""source"":""median_complete_book_no_vig""},""books"":[{""book"":""BetMGM"",""fair_probs"":{""away"":0.9626,""home"":0.0374},""hold"":0.0286,""last_update"":""2026-04-08T22:40:04Z"",""outcomes"":{""away"":1.01,""home"":26.0},""raw_probs"":{""away"":0.9901,""home"":0.0385}}],""execution_prices"":{""away"":1.01,""home"":26.0}}","{""away"":0.5366,""home"":0.4634}","{""bullpen_features"":{""away"":0.443,""home"":0.557},""elo"":{""away"":0.5038,""home"":0.4962},""handedness_features"":{""away"":0.5037,""home"":0.4963},""results_features"":{""away"":0.6049,""home"":0.3951},""run_environment"":{""away"":0.5716,""home"":0.4284}}","{""american_odds"":-10000,""away_availability_profile"":null,""away_bullpen_tax"":0.769,""away_goalie"":null,""away_goalie_status"":null,""away_injury_profile"":null,""away_lineup_profile"":{""active_hitters"":13,""available_hitters"":13,""confirmed_hitters"":9,""confirmed_leader_absence_burden"":0,""confirmed_lefty_share"":0.4444,""confirmed_lineup"":true,""confirmed_righty_share"":0.5556,""confirmed_switch_share"":0.0,""confirmed_top_order_score"":1.0,""injured_hitters"":0,""key_bat_absence_score"":0.0,""leader_absence_burden"":0.0,""left_handed_batters"":5,""lefty_share"":0.3846,""right_handed_batters"":8,""righty_share"":0.6154,""switch_hitters"":0,""switch_share"":0.0},""away_pitcher"":""Michael McGreevy"",""away_pitcher_hand"":""R"",""away_team"":""Cardinals"",""best_odds"":{""away"":-10000,""home"":2500},""completed"":false,""confidence_score"":42.4,""confidence_stars"":1,""date"":""2026-04-08"",""edge"":-0.1278,""edges"":{""away"":{""american_odds"":-10000,""confidence_score"":42.4,""decimal_odds"":1.01,""edge"":-0.1278,""expected_value"":-0.1568,""fractional_kelly"":0.0,""hold"":0.0286,""implied_prob"":0.9626,""is_value"":false,""kelly_fraction"":0.0,""market_books"":1,""market_implied_prob"":0.9901,""market_source"":""median_complete_book_no_vig"",""model_prob"":0.8348,""raw_model_prob"":0.5366,""unrealistic_flag"":true},""home"":{""american_odds"":2500,""confidence_score"":35.1,""decimal_odds"":26.0,""edge"":0.1278,""expected_value"":3.2949,""fractional_kelly"":0.0264,""hold"":0.0286,""implied_prob"":0.0374,""is_value"":false,""kelly_fraction"":0.1318,""market_books"":1,""market_implied_prob"":0.0385,""market_source"":""median_complete_book_no_vig"",""model_prob"":0.1652,""raw_model_prob"":0.4634,""unrealistic_flag"":true}},""expected_value"":-0.1568,""fractional_kelly"":0.0,""home_availability_profile"":null,""home_bullpen_tax"":1.085,""home_goalie"":null,""home_goalie_status"":null,""home_injury_profile"":null,""home_lineup_profile"":{""active_hitters"":13,""available_hitters"":13,""confirmed_hitters"":9,""confirmed_leader_absence_burden"":0,""confirmed_lefty_share"":0.5556,""confirmed_lineup"":true,""confirmed_righty_share"":0.2222,""confirmed_switch_share"":0.0,""confirmed_top_order_score"":1.0,""injured_hitters"":0,""key_bat_absence_score"":0.0,""leader_absence_burden"":0.0,""left_handed_batters"":6,""lefty_share"":0.4615,""right_handed_batters"":7,""righty_share"":0.5385,""switch_hitters"":0,""switch_share"":0.0},""home_pitcher"":""Miles Mikolas"",""home_pitcher_hand"":""R"",""home_team"":""Nationals"",""individual_models"":{""bullpen_features"":{""away"":0.443,""home"":0.557},""elo"":{""away"":0.5038,""home"":0.4962},""handedness_features"":{""away"":0.5037,""home"":0.4963},""results_features"":{""away"":0.6049,""home"":0.3951},""run_environment"":{""away"":0.5716,""home"":0.4284}},""kelly_fraction"":0.0,""market_snapshot"":{""benchmark"":{""books_tracked"":1,""fair_probs"":{""away"":0.9626,""home"":0.0374},""hold"":0.0286,""raw_probs"":{""away"":0.9901,""home"":0.0385},""source"":""median_complete_book_no_vig""},""books"":[{""book"":""BetMGM"",""fair_probs"":{""away"":0.9626,""home"":0.0374},""hold"":0.0286,""last_update"":""2026-04-08T22:40:04Z"",""outcomes"":{""away"":1.01,""home"":26.0},""raw_probs"":{""away"":0.9901,""home"":0.0385}}],""execution_prices"":{""away"":1.01,""home"":26.0}},""matchday"":null,""model_prob"":0.5366,""model_probs"":{""away"":0.5366,""home"":0.4634},""neutral"":false,""pick"":""away"",""qualitative_analysis"":{""away_impact"":-3.0,""away_team"":""Cardinals"",""home_impact"":-3.0,""home_team"":""Nationals"",""individual_factors"":[{""confidence"":0.9,""description"":""Josiah Gray (60-Day-IL) is a significant loss for the starting rotation, impacting pitching depth."",""direction"":""negative"",""magnitude"":1.5,""team"":""Nationals""},{""confidence"":0.9,""description"":""Trevor Williams (60-Day-IL) is out, further depleting pitching depth and potential swingman options."",""direction"":""negative"",""magnitude"":1.0,""team"":""Nationals""},{""confidence"":0.8,""description"":""Joan Adon (Out) reduces available pitching depth."",""direction"":""negative"",""magnitude"":0.5,""team"":""Nationals""},{""confidence"":1.0,""description"":""The listed 'Home Probable Pitcher' Miles Mikolas is a Cardinals player, making the home team's starting pitcher information ambiguous and unscoreable."",""direction"":""neutral"",""magnitude"":0.0,""team"":""Nationals""},{""confidence"":0.9,""description"":""Lars Nootbaar (60-Day-IL) is a key offensive player whose absence significantly weakens the lineup."",""direction"":""negative"",""magnitude"":2.0,""team"":""Cardinals""},{""confidence"":0.8,""description"":""Hunter Dobbins (15-Day-IL) and Matt Pushard (15-Day-IL) are out, impacting pitching depth."",""direction"":""negative"",""magnitude"":1.0,""team"":""Cardinals""},{""confidence"":0.8,""description"":""Michael McGreevy is the probable pitcher for the Cardinals, a standard young starter without specific positive or negative context."",""direction"":""neutral"",""magnitude"":0.0,""team"":""Cardinals""}],""net_qualitative_edge"":""none"",""sport"":""mlb"",""summary"":""Both the Nationals and Cardinals face significant negative qualitative impacts due to key injuries, resulting in a neutral net edge.""},""qualitative_summary"":""Qualitative (H:-3.0 A:-3.0): no effect. Josiah Gray (60-Day-IL) is a significant loss for the starting rotation, impacting pitching depth.; Trevor Williams (60-Day-IL) is out, further depleting pitching depth and potential swingman options."",""run_id"":""daily-20260408T223804134918Z"",""run_type"":""daily"",""snapshot_path"":""tracking/snapshots/2026-04-08/mlb/daily-20260408T223804134918Z.json"",""snapshot_timestamp"":""2026-04-08T22:38:04Z"",""start_time"":""2026-04-08T20:05Z"",""weather"":{""precipitation_probability"":0,""temperature_f"":54.7,""weather_exposed"":true,""wind_mph"":5.5}}","{""pick_type"":""slop_lock"",""publication_guard"":{""allow_longslop"":false,""allow_moneyline"":false,""allow_slimegrinder"":false,""allow_totals"":false,""enforced"":true,""evaluated_picks"":44,""evaluated_totals_picks"":29,""lane_guards"":{""longslop"":{""allow"":false,""health_score"":0.4286,""market_type"":null,""overall"":{""avg_confidence"":null,""avg_expected_value"":null,""clv"":{""avg_clv"":null,""moneyline_avg_clv"":null,""moneyline_non_negative_rate"":null,""moneyline_positive_rate"":null,""moneyline_tracked"":0,""non_negative_rate"":null,""positive_rate"":null,""totals_avg_clv"":null,""totals_non_negative_rate"":null,""totals_positive_rate"":null,""totals_tracked"":0,""tracked"":0},""evaluated"":0,""hit_rate"":null,""losses"":0,""pending"":0,""pushes"":0,""roi"":null,""total_picks"":0,""wins"":0},""pick_type"":""longslop"",""reasons"":[""longslop disabled by config"",""need more settled longslop picks (0/5)"",""need more recent settled longslop picks (0/3)"",""need more tracked longslop CLV (0/3)""],""recent"":{""actual_win_rate"":null,""avg_confidence"":null,""avg_expected_value"":null,""avg_model_prob"":null,""calibration_gap"":null,""clv"":{""avg_clv"":null,""moneyline_avg_clv"":null,""moneyline_non_negative_rate"":null,""moneyline_positive_rate"":null,""moneyline_tracked"":0,""non_negative_rate"":null,""positive_rate"":null,""totals_avg_clv"":null,""totals_non_negative_rate"":null,""totals_positive_rate"":null,""totals_tracked"":0,""tracked"":0},""evaluated"":0,""hit_rate"":null,""losses"":0,""overconfidence_gap"":null,""pending"":0,""pushes"":0,""recent_count"":5,""roi"":null,""total_picks"":0,""wins"":0},""status"":""disabled""},""moneyline"":{""allow"":false,""health_score"":0.7143,""market_type"":""moneyline"",""overall"":{""avg_confidence"":72.0886,""avg_expected_value"":0.1341,""clv"":{""avg_clv"":-0.053,""moneyline_avg_clv"":-0.053,""moneyline_non_negative_rate"":0.2632,""moneyline_positive_rate"":0.2632,""moneyline_tracked"":38,""non_negative_rate"":0.2632,""positive_rate"":0.2632,""totals_avg_clv"":null,""totals_non_negative_rate"":null,""totals_positive_rate"":null,""totals_tracked"":0,""tracked"":38},""evaluated"":44,""hit_rate"":0.5909,""losses"":18,""pending"":4,""push_rate"":0.0,""pushes"":0,""roi"":0.0939,""total_picks"":48,""wins"":26},""pick_type"":null,""reasons"":[""recent moneylines CLV -0.0702 is below 0.0000"",""recent moneylines ROI -0.0200 is below 0.0000""],""recent"":{""actual_win_rate"":0.5,""avg_confidence"":72.675,""avg_expected_value"":0.1303,""avg_model_prob"":0.5912,""calibration_gap"":0.0912,""clv"":{""avg_clv"":-0.0702,""moneyline_avg_clv"":-0.0702,""moneyline_non_negative_rate"":0.125,""moneyline_positive_rate"":0.125,""moneyline_tracked"":8,""non_negative_rate"":0.125,""positive_rate"":0.125,""totals_avg_clv"":null,""totals_non_negative_rate"":null,""totals_positive_rate"":null,""totals_tracked"":0,""tracked"":8},""evaluated"":8,""hit_rate"":0.5,""losses"":4,""overconfidence_gap"":0.0912,""pending"":0,""push_rate"":0.0,""pushes"":0,""recent_count"":8,""roi"":-0.02,""total_picks"":8,""wins"":4},""status"":""hold""},""slimegrinder"":{""allow"":false,""health_score"":0.4286,""market_type"":null,""overall"":{""avg_confidence"":null,""avg_expected_value"":null,""clv"":{""avg_clv"":null,""moneyline_avg_clv"":null,""moneyline_non_negative_rate"":null,""moneyline_positive_rate"":null,""moneyline_tracked"":0,""non_negative_rate"":null,""positive_rate"":null,""totals_avg_clv"":null,""totals_non_negative_rate"":null,""totals_positive_rate"":null,""totals_tracked"":0,""tracked"":0},""evaluated"":0,""hit_rate"":null,""losses"":0,""pending"":0,""pushes"":0,""roi"":null,""total_picks"":0,""wins"":0},""pick_type"":""slimegrinder"",""reasons"":[""slimegrinder disabled by config"",""need more settled slimegrinder picks (0/5)"",""need more recent settled slimegrinder picks (0/3)"",""need more tracked slimegrinder CLV (0/3)""],""recent"":{""actual_win_rate"":null,""avg_confidence"":null,""avg_expected_value"":null,""avg_model_prob"":null,""calibration_gap"":null,""clv"":{""avg_clv"":null,""moneyline_avg_clv"":null,""moneyline_non_negative_rate"":null,""moneyline_positive_rate"":null,""moneyline_tracked"":0,""non_negative_rate"":null,""positive_rate"":null,""totals_avg_clv"":null,""totals_non_negative_rate"":null,""totals_positive_rate"":null,""totals_tracked"":0,""tracked"":0},""evaluated"":0,""hit_rate"":null,""losses"":0,""overconfidence_gap"":null,""pending"":0,""pushes"":0,""recent_count"":5,""roi"":null,""total_picks"":0,""wins"":0},""status"":""disabled""},""totals"":{""allow"":false,""health_score"":0.8571,""market_type"":""total"",""overall"":{""avg_confidence"":79.3121,""avg_expected_value"":0.1589,""clv"":{""avg_clv"":0.0862,""moneyline_avg_clv"":null,""moneyline_non_negative_rate"":null,""moneyline_positive_rate"":null,""moneyline_tracked"":0,""non_negative_rate"":0.6897,""positive_rate"":0.3793,""totals_avg_clv"":0.0862,""totals_non_negative_rate"":0.6897,""totals_positive_rate"":0.3793,""totals_tracked"":29,""tracked"":29},""evaluated"":29,""hit_rate"":0.6552,""losses"":8,""pending"":4,""push_rate"":0.069,""pushes"":2,""roi"":0.3231,""total_picks"":33,""wins"":19},""pick_type"":null,""reasons"":[""recent totals CLV -0.5000 is below 0.0000""],""recent"":{""actual_win_rate"":0.5714,""avg_confidence"":78.0375,""avg_expected_value"":0.1614,""avg_model_prob"":0.5919,""calibration_gap"":0.0204,""clv"":{""avg_clv"":-0.5,""moneyline_avg_clv"":null,""moneyline_non_negative_rate"":null,""moneyline_positive_rate"":null,""moneyline_tracked"":0,""non_negative_rate"":0.625,""positive_rate"":0.25,""totals_avg_clv"":-0.5,""totals_non_negative_rate"":0.625,""totals_positive_rate"":0.25,""totals_tracked"":8,""tracked"":8},""evaluated"":8,""hit_rate"":0.5,""losses"":3,""overconfidence_gap"":0.0204,""pending"":0,""push_rate"":0.125,""pushes"":1,""recent_count"":8,""roi"":0.1037,""total_picks"":8,""wins"":4},""status"":""hold""},""totals_enabled"":true},""min_evaluated_picks"":20,""min_evaluated_totals_picks"":10,""reason"":""recent moneylines CLV -0.0702 is below 0.0000; recent moneylines ROI -0.0200 is below 0.0000; recent totals CLV -0.5000 is below 0.0000"",""status"":""suppressed""},""selection_config"":{""additional_confidence_floor"":56,""confidence_dropoff"":4,""edge_floor"":0.025,""max_picks"":3,""min_expected_value"":0.0,""probability_floor"":0.55}}"
2026-04-08T22:44:21Z,daily-20260408T223804134918Z,daily,2026-04-08T22:38:04Z,tracking/snapshots/2026-04-08/mlb/daily-20260408T223804134918Z.json,mlb,slop_lock,moneyline,Angels,Braves,2026-04-08,2026-04-08T20:07Z,away,,,,0.7952,0.9712,0.9901,-0.176,-0.1968,-10000,1.01,45.1,0.0,0.0,median_complete_book_no_vig,1,0.0195,suppressed,recent moneylines CLV -0.0702 is below 0.0000; recent moneylines ROI -0.0200 is below 0.0000; recent totals CLV -0.5000 is below 0.0000,True,44,29,138,0.0,0.025,0.55,56,4,3,"{""benchmark"":{""books_tracked"":1,""fair_probs"":{""away"":0.9712,""home"":0.0288},""hold"":0.0195,""raw_probs"":{""away"":0.9901,""home"":0.0294},""source"":""median_complete_book_no_vig""},""books"":[{""book"":""BetMGM"",""fair_probs"":{""away"":0.9712,""home"":0.0288},""hold"":0.0195,""last_update"":""2026-04-08T22:40:04Z"",""outcomes"":{""away"":1.01,""home"":34.0},""raw_probs"":{""away"":0.9901,""home"":0.0294}}],""execution_prices"":{""away"":1.01,""home"":34.0}}","{""away"":0.3847,""home"":0.6153}","{""bullpen_features"":{""away"":0.4178,""home"":0.5822},""elo"":{""away"":0.4949,""home"":0.5051},""handedness_features"":{""away"":0.4059,""home"":0.5941},""results_features"":{""away"":0.3643,""home"":0.6357},""run_environment"":{""away"":0.4195,""home"":0.5805}}","{""american_odds"":3300,""away_availability_profile"":null,""away_bullpen_tax"":0.17,""away_goalie"":null,""away_goalie_status"":null,""away_injury_profile"":null,""away_lineup_profile"":{""active_hitters"":13,""available_hitters"":13,""confirmed_hitters"":9,""confirmed_leader_absence_burden"":0,""confirmed_lefty_share"":0.4444,""confirmed_lineup"":true,""confirmed_righty_share"":0.3333,""confirmed_switch_share"":0.0,""confirmed_top_order_score"":1.0,""injured_hitters"":0,""key_bat_absence_score"":0.0,""leader_absence_burden"":0.0,""left_handed_batters"":5,""lefty_share"":0.3846,""right_handed_batters"":8,""righty_share"":0.6154,""switch_hitters"":0,""switch_share"":0.0},""away_pitcher"":""Grant Holmes"",""away_pitcher_hand"":""R"",""away_team"":""Braves"",""best_odds"":{""away"":-10000,""home"":3300},""completed"":false,""confidence_score"":37.1,""confidence_stars"":4,""date"":""2026-04-08"",""edge"":0.176,""edges"":{""away"":{""american_odds"":-10000,""confidence_score"":45.1,""decimal_odds"":1.01,""edge"":-0.176,""expected_value"":-0.1968,""fractional_kelly"":0.0,""hold"":0.0195,""implied_prob"":0.9712,""is_value"":false,""kelly_fraction"":0.0,""market_books"":1,""market_implied_prob"":0.9901,""market_source"":""median_complete_book_no_vig"",""model_prob"":0.7952,""raw_model_prob"":0.3847,""unrealistic_flag"":true},""home"":{""american_odds"":3300,""confidence_score"":37.1,""decimal_odds"":34.0,""edge"":0.176,""expected_value"":5.9619,""fractional_kelly"":0.0361,""hold"":0.0195,""implied_prob"":0.0288,""is_value"":false,""kelly_fraction"":0.1807,""market_books"":1,""market_implied_prob"":0.0294,""market_source"":""median_complete_book_no_vig"",""model_prob"":0.2048,""raw_model_prob"":0.6153,""unrealistic_flag"":true}},""expected_value"":5.9619,""fractional_kelly"":0.0361,""home_availability_profile"":null,""home_bullpen_tax"":0.597,""home_goalie"":null,""home_goalie_status"":null,""home_injury_profile"":null,""home_lineup_profile"":{""active_hitters"":13,""available_hitters"":13,""confirmed_hitters"":9,""confirmed_leader_absence_burden"":0,""confirmed_lefty_share"":0.2222,""confirmed_lineup"":true,""confirmed_righty_share"":0.6667,""confirmed_switch_share"":0.0,""confirmed_top_order_score"":1.0,""injured_hitters"":0,""key_bat_absence_score"":0.0,""leader_absence_burden"":0.0,""left_handed_batters"":3,""lefty_share"":0.2308,""right_handed_batters"":10,""righty_share"":0.7692,""switch_hitters"":0,""switch_share"":0.0},""home_pitcher"":""Reid Detmers"",""home_pitcher_hand"":""L"",""home_team"":""Angels"",""individual_models"":{""bullpen_features"":{""away"":0.4178,""home"":0.5822},""elo"":{""away"":0.4949,""home"":0.5051},""handedness_features"":{""away"":0.4059,""home"":0.5941},""results_features"":{""away"":0.3643,""home"":0.6357},""run_environment"":{""away"":0.4195,""home"":0.5805}},""kelly_fraction"":0.1807,""market_snapshot"":{""benchmark"":{""books_tracked"":1,""fair_probs"":{""away"":0.9712,""home"":0.0288},""hold"":0.0195,""raw_probs"":{""away"":0.9901,""home"":0.0294},""source"":""median_complete_book_no_vig""},""books"":[{""book"":""BetMGM"",""fair_probs"":{""away"":0.9712,""home"":0.0288},""hold"":0.0195,""last_update"":""2026-04-08T22:40:04Z"",""outcomes"":{""away"":1.01,""home"":34.0},""raw_probs"":{""away"":0.9901,""home"":0.0294}}],""execution_prices"":{""away"":1.01,""home"":34.0}},""matchday"":null,""model_prob"":0.6153,""model_probs"":{""away"":0.3847,""home"":0.6153},""neutral"":false,""pick"":""home"",""qualitative_analysis"":{""away_impact"":-5.0,""away_team"":""Braves"",""home_impact"":-3.0,""home_team"":""Angels"",""individual_factors"":[{""confidence"":1.0,""description"":""Vaughn Grissom (10-Day-IL): Regular infielder out."",""direction"":""negative"",""magnitude"":1.0,""team"":""Angels""},{""confidence"":1.0,""description"":""Kirby Yates (15-Day-IL): Experienced reliever out."",""direction"":""negative"",""magnitude"":1.0,""team"":""Angels""},{""confidence"":1.0,""description"":""Ben Joyce (15-Day-IL): Promising reliever out."",""direction"":""negative"",""magnitude"":1.0,""team"":""Angels""},{""confidence"":1.0,""description"":""Alek Manoah (15-Day-IL): Pitcher, likely rotation depth, out."",""direction"":""negative"",""magnitude"":1.0,""team"":""Angels""},{""confidence"":1.0,""description"":""Ryan Johnson (15-Day-IL): Minor league depth pitcher out."",""direction"":""negative"",""magnitude"":0.5,""team"":""Angels""},{""confidence"":1.0,""description"":""Reynaldo Lopez (suspension): Expected starter/key reliever out."",""direction"":""negative"",""magnitude"":1.5,""team"":""Braves""},{""confidence"":1.0,""description"":""Spencer Strider (15-Day-IL): Ace starting pitcher out."",""direction"":""negative"",""magnitude"":4.0,""team"":""Braves""},{""confidence"":1.0,""description"":""Blake Burkhalter (Day-To-Day): Minor league reliever out."",""direction"":""negative"",""magnitude"":0.5,""team"":""Braves""},{""confidence"":1.0,""description"":""Daysbel Hernandez (15-Day-IL): Reliever out."",""direction"":""negative"",""magnitude"":1.0,""team"":""Braves""},{""confidence"":1.0,""description"":""Sean Murphy (10-Day-IL): All-Star catcher out."",""direction"":""negative"",""magnitude"":2.5,""team"":""Braves""}],""net_qualitative_edge"":""home"",""sport"":""mlb"",""summary"":""The Braves are severely hampered by the absence of ace Spencer Strider and All-Star catcher Sean Murphy, while the Angels are dealing with multiple injuries to regular contributors and bullpen arms.""},""qualitative_summary"":""Qualitative (H:-3.0 A:-5.0): agreed. Vaughn Grissom (10-Day-IL): Regular infielder out.; Kirby Yates (15-Day-IL): Experienced reliever out."",""run_id"":""daily-20260408T223804134918Z"",""run_type"":""daily"",""snapshot_path"":""tracking/snapshots/2026-04-08/mlb/daily-20260408T223804134918Z.json"",""snapshot_timestamp"":""2026-04-08T22:38:04Z"",""start_time"":""2026-04-08T20:07Z"",""weather"":{""precipitation_probability"":0,""temperature_f"":78.8,""weather_exposed"":true,""wind_mph"":6.5}}","{""pick_type"":""slop_lock"",""publication_guard"":{""allow_longslop"":false,""allow_moneyline"":false,""allow_slimegrinder"":false,""allow_totals"":false,""enforced"":true,""evaluated_picks"":44,""evaluated_totals_picks"":29,""lane_guards"":{""longslop"":{""allow"":false,""health_score"":0.4286,""market_type"":null,""overall"":{""avg_confidence"":null,""avg_expected_value"":null,""clv"":{""avg_clv"":null,""moneyline_avg_clv"":null,""moneyline_non_negative_rate"":null,""moneyline_positive_rate"":null,""moneyline_tracked"":0,""non_negative_rate"":null,""positive_rate"":null,""totals_avg_clv"":null,""totals_non_negative_rate"":null,""totals_positive_rate"":null,""totals_tracked"":0,""tracked"":0},""evaluated"":0,""hit_rate"":null,""losses"":0,""pending"":0,""pushes"":0,""roi"":null,""total_picks"":0,""wins"":0},""pick_type"":""longslop"",""reasons"":[""longslop disabled by config"",""need more settled longslop picks (0/5)"",""need more recent settled longslop picks (0/3)"",""need more tracked longslop CLV (0/3)""],""recent"":{""actual_win_rate"":null,""avg_confidence"":null,""avg_expected_value"":null,""avg_model_prob"":null,""calibration_gap"":null,""clv"":{""avg_clv"":null,""moneyline_avg_clv"":null,""moneyline_non_negative_rate"":null,""moneyline_positive_rate"":null,""moneyline_tracked"":0,""non_negative_rate"":null,""positive_rate"":null,""totals_avg_clv"":null,""totals_non_negative_rate"":null,""totals_positive_rate"":null,""totals_tracked"":0,""tracked"":0},""evaluated"":0,""hit_rate"":null,""losses"":0,""overconfidence_gap"":null,""pending"":0,""pushes"":0,""recent_count"":5,""roi"":null,""total_picks"":0,""wins"":0},""status"":""disabled""},""moneyline"":{""allow"":false,""health_score"":0.7143,""market_type"":""moneyline"",""overall"":{""avg_confidence"":72.0886,""avg_expected_value"":0.1341,""clv"":{""avg_clv"":-0.053,""moneyline_avg_clv"":-0.053,""moneyline_non_negative_rate"":0.2632,""moneyline_positive_rate"":0.2632,""moneyline_tracked"":38,""non_negative_rate"":0.2632,""positive_rate"":0.2632,""totals_avg_clv"":null,""totals_non_negative_rate"":null,""totals_positive_rate"":null,""totals_tracked"":0,""tracked"":38},""evaluated"":44,""hit_rate"":0.5909,""losses"":18,""pending"":4,""push_rate"":0.0,""pushes"":0,""roi"":0.0939,""total_picks"":48,""wins"":26},""pick_type"":null,""reasons"":[""recent moneylines CLV -0.0702 is below 0.0000"",""recent moneylines ROI -0.0200 is below 0.0000""],""recent"":{""actual_win_rate"":0.5,""avg_confidence"":72.675,""avg_expected_value"":0.1303,""avg_model_prob"":0.5912,""calibration_gap"":0.0912,""clv"":{""avg_clv"":-0.0702,""moneyline_avg_clv"":-0.0702,""moneyline_non_negative_rate"":0.125,""moneyline_positive_rate"":0.125,""moneyline_tracked"":8,""non_negative_rate"":0.125,""positive_rate"":0.125,""totals_avg_clv"":null,""totals_non_negative_rate"":null,""totals_positive_rate"":null,""totals_tracked"":0,""tracked"":8},""evaluated"":8,""hit_rate"":0.5,""losses"":4,""overconfidence_gap"":0.0912,""pending"":0,""push_rate"":0.0,""pushes"":0,""recent_count"":8,""roi"":-0.02,""total_picks"":8,""wins"":4},""status"":""hold""},""slimegrinder"":{""allow"":false,""health_score"":0.4286,""market_type"":null,""overall"":{""avg_confidence"":null,""avg_expected_value"":null,""clv"":{""avg_clv"":null,""moneyline_avg_clv"":null,""moneyline_non_negative_rate"":null,""moneyline_positive_rate"":null,""moneyline_tracked"":0,""non_negative_rate"":null,""positive_rate"":null,""totals_avg_clv"":null,""totals_non_negative_rate"":null,""totals_positive_rate"":null,""totals_tracked"":0,""tracked"":0},""evaluated"":0,""hit_rate"":null,""losses"":0,""pending"":0,""pushes"":0,""roi"":null,""total_picks"":0,""wins"":0},""pick_type"":""slimegrinder"",""reasons"":[""slimegrinder disabled by config"",""need more settled slimegrinder picks (0/5)"",""need more recent settled slimegrinder picks (0/3)"",""need more tracked slimegrinder CLV (0/3)""],""recent"":{""actual_win_rate"":null,""avg_confidence"":null,""avg_expected_value"":null,""avg_model_prob"":null,""calibration_gap"":null,""clv"":{""avg_clv"":null,""moneyline_avg_clv"":null,""moneyline_non_negative_rate"":null,""moneyline_positive_rate"":null,""moneyline_tracked"":0,""non_negative_rate"":null,""positive_rate"":null,""totals_avg_clv"":null,""totals_non_negative_rate"":null,""totals_positive_rate"":null,""totals_tracked"":0,""tracked"":0},""evaluated"":0,""hit_rate"":null,""losses"":0,""overconfidence_gap"":null,""pending"":0,""pushes"":0,""recent_count"":5,""roi"":null,""total_picks"":0,""wins"":0},""status"":""disabled""},""totals"":{""allow"":false,""health_score"":0.8571,""market_type"":""total"",""overall"":{""avg_confidence"":79.3121,""avg_expected_value"":0.1589,""clv"":{""avg_clv"":0.0862,""moneyline_avg_clv"":null,""moneyline_non_negative_rate"":null,""moneyline_positive_rate"":null,""moneyline_tracked"":0,""non_negative_rate"":0.6897,""positive_rate"":0.3793,""totals_avg_clv"":0.0862,""totals_non_negative_rate"":0.6897,""totals_positive_rate"":0.3793,""totals_tracked"":29,""tracked"":29},""evaluated"":29,""hit_rate"":0.6552,""losses"":8,""pending"":4,""push_rate"":0.069,""pushes"":2,""roi"":0.3231,""total_picks"":33,""wins"":19},""pick_type"":null,""reasons"":[""recent totals CLV -0.5000 is below 0.0000""],""recent"":{""actual_win_rate"":0.5714,""avg_confidence"":78.0375,""avg_expected_value"":0.1614,""avg_model_prob"":0.5919,""calibration_gap"":0.0204,""clv"":{""avg_clv"":-0.5,""moneyline_avg_clv"":null,""moneyline_non_negative_rate"":null,""moneyline_positive_rate"":null,""moneyline_tracked"":0,""non_negative_rate"":0.625,""positive_rate"":0.25,""totals_avg_clv"":-0.5,""totals_non_negative_rate"":0.625,""totals_positive_rate"":0.25,""totals_tracked"":8,""tracked"":8},""evaluated"":8,""hit_rate"":0.5,""losses"":3,""overconfidence_gap"":0.0204,""pending"":0,""push_rate"":0.125,""pushes"":1,""recent_count"":8,""roi"":0.1037,""total_picks"":8,""wins"":4},""status"":""hold""},""totals_enabled"":true},""min_evaluated_picks"":20,""min_evaluated_totals_picks"":10,""reason"":""recent moneylines CLV -0.0702 is below 0.0000; recent moneylines ROI -0.0200 is below 0.0000; recent totals CLV -0.5000 is below 0.0000"",""status"":""suppressed""},""selection_config"":{""additional_confidence_floor"":56,""confidence_dropoff"":4,""edge_floor"":0.025,""max_picks"":3,""min_expected_value"":0.0,""probability_floor"":0.55}}"
